{"added_points": 11, "dist_in_groups": [1.9262584607471551, 2.0011696367874454, 1.8578076636724274, 2.009177738280016, 2.1100422342692577, 1.8189717055523427, 1.8568277748892017, 2.138546745806603, 2.0143197160331825, 1.8146531013943157, 1.854956293177819, 2.095193364250659, 2.1182893845742625, 1.8996728530986577, 1.8179108022122537, 1.8742640296393671, 1.8344813789188483, 1.8154811157376438, 1.8926226332790161, 1.8513732092692718, 1.9814334241654457, 2.0185796467813697, 1.8005924313958463, 1.933499739643117, 2.035727250100072, 1.8856195119906882, 1.8901045922382174, 2.0999999999999996, 2.0999999999999996, 2.2626127078225307, 2.06689149516853, 2.1985858847904947, 1.9904680261687198, 1.820171683330998, 1.886959573493825, 1.9820443579294589, 1.7959584716802344, 1.8914031307999886, 1.7861962414023835, 1.839787122468249, 1.9102005674797609, 1.827811107527253, 2.091795763261795, 1.8067606672716785, 1.9084900511137064, 2.0310183309857144, 1.8863530108651452, 2.04559016501351, 2.265040561226223, 2.048417195788006, 1.8639077410644556, 1.9721430009002898, 1.9024281701026189, 1.9778117139909945, 2.243315314439769, 1.8925610986174237, 2.148896511235477, 1.933963435435117, 1.903469073034811, 2.0224081317083353, 1.8398866860760743, 1.856471465549636, 2.1, 2.1, 2.099999999999998, 2.099999999999999, 1.8979093280765547, 1.958061658273305, 2.036197020722701, 1.7882149588905698, 1.9001307281342503, 1.8429715500788402, 1.9456055008145943, 1.8356898012463885, 1.9202670918390492, 2.1199571806996484, 1.8486602820421036, 2.0717122290511267, 2.2123409230948106, 1.957768439422803, 1.9939668546894154, 2.089808666840102, 1.842206901734982, 2.099999999999999, 2.0999999999999988, 2.1734935778142956, 1.8368398719540033, 1.839803326010692, 1.9307624367591174, 1.850490744856617, 1.9685222181118516, 1.8682311475831896, 1.9422658709867688, 1.833963493202634, 1.84043671121829, 1.8807769790169182, 1.791717778222902, 1.982544213479235, 1.788508737020873, 1.8066125534823438, 2.1650623495871857, 1.8761213730459956, 1.845858417105711, 2.054719642579009, 2.1505658808788026, 1.9029052138243787, 1.9279407729492126, 1.8014956581685113, 1.811850450782295, 2.0421062487539667, 1.8029304097496401, 1.9001718970661579, 2.136944883893823, 2.1874243458460465, 1.8031926761164487, 1.8494528427618804, 1.9507183173385136, 1.8032712723270432, 1.8466597785190426, 1.8531367893385489, 2.0701694713235432, 2.1, 2.1000000000000014, 1.8137082711395467, 2.152706618190224, 1.7861874132352422, 2.095959651901726, 2.1, 2.099999999999998, 2.179990824200873, 2.0372299828934395, 2.1305275008785944, 2.0222445019334327, 2.096651809337926, 1.8122971738652598, 2.1053067447761613, 2.00285190945312, 2.029603562078069, 1.8706704723173468, 1.8248690552475257, 1.9512442885502583, 2.009474362712794, 2.04439123848641, 2.160749128612572, 2.1994941342045013, 1.9062500188590177, 1.9532740866555323, 2.162543177279937, 2.1696072186458073, 1.7894929900952408, 1.905563088643354, 1.9010334288486357, 2.145551803336382, 1.9474847359607201, 1.9775342440524244, 1.813082817744408, 2.162530657169975, 1.798528223631756, 1.8909247756587226, 1.995281282626587, 1.9189114151518327, 2.1843746425922475, 1.8910945004414796, 2.153154243244079, 1.7877817844468609, 1.8833009866720685, 2.016133003152323, 1.9229347375301085, 2.068633478990417, 2.0912403856085042, 1.9138422233820633, 1.7895005193628748, 1.9308983732967409, 2.0090232902582312, 1.8066784280552017, 1.825936472936562, 1.8567456230728014, 1.8218800847476229, 1.8793107523770518, 1.956297463270858, 1.942349616315252, 1.8055189941952996, 1.8328592282005731, 1.8364015408401306, 1.8472001212646123, 1.970810936036229, 2.153660886955048, 1.8647384296999934, 1.983720004839393, 1.8155242548641406, 1.9046031422845016, 1.9483417712506157, 2.015595312556567, 2.076699677083811, 2.2374850699837068, 1.8222613819098534, 1.875006711881319, 1.8226499345732872, 1.8657893904725675, 1.9507314833159375, 1.8631184563521437, 2.0902544656572335, 2.148167365546734, 1.9025129037144535, 1.797103370204397, 1.9538858046467291, 2.0514963487172, 2.055352575885705, 1.8826652724263013, 1.8232062171899266, 1.9985580409885537, 2.0891816480143603, 2.115788130035708, 1.8960893620291217, 2.241651094706757, 1.9549381432669437, 1.9311242130945372, 2.0159794320379354, 1.8344339281642181, 1.980600696758435, 1.9264616456083425, 1.7969931240825598, 1.7920867304904629, 1.9050062236118803, 2.0966856630405992, 2.112229344365809, 1.8090582836382012, 1.871649176101121, 1.8304170877698878, 2.2250434375984667, 1.8483271610837728, 1.8688182148084926, 1.9251937905572003, 2.037464069278278, 1.918466496345453, 2.2049668300452967, 1.8078485905628272, 1.931248240076866, 1.9081978387997403, 1.9581653752428612, 1.8158488536219084, 2.1420758302170357, 2.085968718461523, 2.1815555804058713, 1.9653471786938816, 2.0679230198438256, 1.8875642696342805, 1.8939814246185183, 1.9896223693957622, 1.9898424460243083, 1.9909168846539023, 1.9549461909730423, 2.1080460837467467, 2.0167730363132086, 2.1897771934148937, 2.2156872573537982, 1.8028374551245616, 2.2614664714737653, 2.0999999999999996, 2.0999999999999996, 2.1, 2.099999999999999, 2.10673770023703, 1.8578905173341071, 1.843565545783496, 1.8842966157163261, 1.9468310583098887, 1.955933753070385, 1.7976380583421114, 2.233868915044032, 1.810054726686461, 1.9041041358077033, 1.833347192868824, 2.049204967395893, 1.8600352469778634, 1.9296318716273326, 2.071762262809131, 1.8673193642224128, 1.7885927657239364, 1.882961566469161, 2.014201221328198, 1.9919307927736847, 2.0245840161376347, 2.0524853277916506, 1.8499423316417198, 1.8777768003679247, 2.13833821571799, 1.9554239888065224, 2.1000000000000005, 2.0999999999999996, 1.8860897645658319, 2.0558702083546043, 2.1366638032222105, 2.2680622612265293, 1.8628834359669424, 1.7957486443263724, 2.0924169301551743, 2.231609288383609, 1.9117150883957588, 2.0980460338133664, 1.8640805840950132, 1.9362523484298229, 1.9197647739241401, 1.950847809953405, 2.0134489248053953, 1.913060151694138, 1.975720424756498, 1.8424883634910683, 1.858703490500837, 1.940686590668362, 1.8671308131997615, 1.9537256704051358, 1.8243468415846817, 1.7868015710760943, 1.8171492161074707, 2.1916610873034186, 1.9469173504799864, 1.8125413540109907, 1.7951655366567167, 1.9545895503660118, 1.9495106852746416, 2.066000739206066, 2.217523446730608, 1.8226877920258335, 1.9782793901772333, 2.0530639635432686, 2.145983582043441, 1.7938298456654147, 1.8335364303989168, 1.8027884641299414, 2.0242874250461553, 1.8147226913222876, 2.0581525031930963, 2.146822369922579, 1.853327625219027, 1.9460897627807405, 1.993670820973212, 2.1355253446400475, 2.0495030406418047, 1.8755476687090649, 1.9466515949188248, 1.91775131109328, 1.9251490668517068, 1.8872232868423386, 1.8956101409308828, 2.1692247072168422, 1.934960264604935, 1.8121601487727264, 2.1018814634512606, 2.0147797711908857, 2.0045355152752973, 1.9470574968397836, 1.9980182725891167, 2.210599039536572, 1.838910457852695, 1.8282325615741561, 2.0959899011207117, 2.142112292481416, 2.1052729263447056, 1.8137326519639019, 1.8877802461091704, 1.9885832838480733, 1.8957043440367998, 1.8338685296389163, 2.1741904751884102, 2.039424711432127, 1.9000432117191446, 1.948592332531359, 1.7896000540903012, 1.8193368259890734, 1.805624050349353, 1.80714390970946, 2.0197941102993644, 1.9440412789856085, 2.1064934050691924, 2.1618085706185903, 2.1, 2.0999999999999988, 1.7891734399995953, 1.853207853641895, 2.1130817309323384, 2.193188980457456, 1.8804911120236656, 1.799961572478701, 1.7895852627913547, 1.9322385016348258, 1.8075746074782102, 2.227918595999413, 1.8890848112247338, 2.139078842866715, 2.100000000000001, 2.1000000000000005, 1.7996650595041277, 1.9666796981715182, 1.9780126418200679, 2.070005331007628, 1.8758659150376396, 2.0114561972859364, 2.2839963884384753, 1.8193470635368085, 1.9224062280381822, 1.9012970015229085, 1.8008212028960537, 2.0813841167838296, 2.070830875180297, 2.097727773759026, 1.8433153045531856, 2.0553957617938243, 1.850258068486666, 