1.231836999999999875e+02,1.538037599999999827e+02,5.405354000000000525e+01,1.000000000000000000e+00,1.100000000000000000e+03
6.096097999999999928e+01,2.937909400000000346e+02,1.492599999999999909e+02,1.500000000000000000e+01,1.067000000000000000e+03
1.181595200000000006e+02,2.182993799999999567e+02,1.145874799999999851e+02,3.000000000000000000e+00,7.500000000000000000e+02
1.211515199999999766e+02,1.760251399999999933e+02,7.190013999999999328e+01,1.000000000000000000e+00,6.830000000000000000e+02
9.181495999999999924e+01,1.725197399999999845e+02,8.195053999999998950e+01,5.000000000000000000e+00,9.000000000000000000e+02
1.035415600000000040e+02,1.749157199999999932e+02,7.601515999999999451e+01,5.000000000000000000e+00,3.370000000000000000e+02
1.123155999999999892e+02,1.674102200000000096e+02,7.970994000000000312e+01,1.000000000000000000e+00,2.560000000000000000e+02
1.102324199999999763e+02,5.457067999999999586e+01,1.661403200000000027e+02,2.100000000000000000e+01,4.290000000000000000e+02
1.229824200000000047e+02,9.359384000000001436e+01,1.381001799999999946e+02,8.000000000000000000e+00,8.860000000000000000e+02
1.393775599999999883e+02,2.630399800000000141e+02,1.606074999999999875e+02,1.100000000000000000e+01,6.300000000000000000e+01
8.323064000000000817e+01,9.434217999999998483e+01,1.103623000000000189e+02,1.800000000000000000e+01,9.040000000000000000e+02
7.302588000000000079e+01,1.685390199999999936e+02,5.884176000000000073e+01,9.000000000000000000e+00,7.210000000000000000e+02
1.254480999999999824e+02,1.755630800000000136e+02,7.500842000000000098e+01,1.000000000000000000e+00,5.670000000000000000e+02
1.389964199999999721e+02,2.730546799999999621e+02,1.685444599999999866e+02,1.100000000000000000e+01,3.440000000000000000e+02
3.438114000000000203e+01,1.669957599999999900e+02,2.417332000000000036e+01,1.400000000000000000e+01,6.570000000000000000e+02
2.072731800000000248e+02,1.710798399999999901e+02,1.323004600000000153e+02,6.000000000000000000e+00,1.098000000000000000e+03
1.293750999999999749e+02,8.185533999999999821e+01,1.490383199999999988e+02,1.300000000000000000e+01,8.500000000000000000e+01
9.133691999999999211e+01,4.803213999999999828e+01,1.611300799999999924e+02,2.100000000000000000e+01,4.700000000000000000e+02
1.352751199999999869e+02,1.558175799999999924e+02,9.733826000000000533e+01,0.000000000000000000e+00,1.800000000000000000e+01
6.870380000000000109e+01,3.347095999999999805e+01,1.829550199999999904e+02,2.200000000000000000e+01,4.630000000000000000e+02
6.025683999999999685e+01,3.094095199999999863e+02,1.917854999999999848e+02,2.000000000000000000e+01,2.400000000000000000e+02
1.263208799999999883e+02,1.563632800000000032e+02,6.552139999999999986e+01,1.000000000000000000e+00,7.700000000000000000e+02
1.077517799999999966e+02,1.110824199999999848e+02,1.189411800000000028e+02,1.800000000000000000e+01,8.070000000000000000e+02
1.125172199999999947e+02,2.137556199999999933e+02,1.097819199999999995e+02,3.000000000000000000e+00,9.140000000000000000e+02
1.084865199999999845e+02,1.832474199999999769e+02,7.368683999999998946e+01,5.000000000000000000e+00,3.280000000000000000e+02
1.276434799999999967e+02,1.546517199999999832e+02,5.713564000000000220e+01,1.000000000000000000e+00,1.114000000000000000e+03
7.932743999999999573e+01,2.883733799999999974e+02,1.498294999999999675e+02,1.500000000000000000e+01,7.530000000000000000e+02
1.427799400000000105e+02,2.285333799999999940e+02,1.317826399999999865e+02,7.000000000000000000e+00,9.800000000000000000e+01
1.257544399999999882e+02,1.275768399999999900e+02,1.157319200000000023e+02,4.000000000000000000e+00,4.480000000000000000e+02
1.471757999999999811e+02,2.010933399999999551e+02,1.135712199999999967e+02,3.000000000000000000e+00,2.900000000000000000e+01
8.326770000000000493e+01,1.691714199999999835e+02,5.907669999999999533e+01,9.000000000000000000e+00,2.600000000000000000e+02
1.433932999999999822e+02,8.907014000000000919e+01,1.480278399999999976e+02,1.300000000000000000e+01,1.410000000000000000e+02
6.007357999999999976e+01,3.076353999999999900e+01,1.834769199999999785e+02,2.200000000000000000e+01,5.430000000000000000e+02
1.111303599999999960e+02,1.875273400000000095e+02,5.264933999999999514e+01,5.000000000000000000e+00,6.430000000000000000e+02
1.105003399999999800e+02,1.613837200000000109e+02,7.762641999999999598e+01,1.000000000000000000e+00,6.040000000000000000e+02
7.287627999999999417e+01,2.674188399999999888e+02,1.324415600000000097e+02,1.500000000000000000e+01,3.500000000000000000e+01
1.196136999999999802e+02,1.572846800000000087e+02,5.430752000000000379e+01,1.000000000000000000e+00,1.093000000000000000e+03
3.626032000000000721e+01,3.106525599999999940e+02,1.571292999999999722e+02,2.000000000000000000e+01,9.850000000000000000e+02
1.276353199999999930e+02,1.875756199999999865e+02,3.912447999999999837e+01,5.000000000000000000e+00,1.042000000000000000e+03
7.499889999999999191e+01,1.656384799999999871e+02,5.369382000000000232e+01,9.000000000000000000e+00,3.340000000000000000e+02
8.716070000000000562e+01,2.922191199999999753e+02,1.700771799999999985e+02,1.700000000000000000e+01,6.380000000000000000e+02
7.519066000000000827e+01,2.568496000000000095e+02,1.224108799999999917e+02,1.200000000000000000e+01,7.910000000000000000e+02
1.974821999999999989e+01,3.252916000000000167e+02,1.998210600000000170e+02,2.000000000000000000e+01,1.062000000000000000e+03
1.239483599999999939e+02,5.886249999999999716e+01,1.634138599999999997e+02,1.300000000000000000e+01,5.970000000000000000e+02
6.066177999999999315e+01,3.826359999999999673e+01,1.666516799999999989e+02,2.200000000000000000e+01,1.000000000000000000e+02
1.320560000000000116e+02,1.217172799999999881e+02,1.223748400000000061e+02,4.000000000000000000e+00,6.530000000000000000e+02
1.304274000000000058e+02,1.584219800000000191e+02,9.220119999999998583e+01,0.000000000000000000e+00,6.900000000000000000e+01
1.181928399999999897e+02,1.699711000000000070e+02,9.064332000000000278e+01,1.000000000000000000e+00,1.270000000000000000e+02
3.203139999999999787e+01,3.166688599999999951e+02,1.918011399999999753e+02,2.000000000000000000e+01,7.740000000000000000e+02
1.163823399999999992e+02,1.870863600000000133e+02,5.483690000000000708e+01,5.000000000000000000e+00,6.140000000000000000e+02
1.163718000000000075e+02,1.879805599999999970e+02,8.025836000000001036e+01,1.000000000000000000e+00,4.700000000000000000e+01
1.229963600000000099e+02,1.311679200000000094e+02,1.128633399999999796e+02,4.000000000000000000e+00,5.150000000000000000e+02
1.236386200000000031e+02,2.408162199999999871e+02,1.352717200000000162e+02,7.000000000000000000e+00,5.350000000000000000e+02
1.391837600000000066e+02,1.048787799999999919e+02,1.401986600000000180e+02,8.000000000000000000e+00,4.760000000000000000e+02
1.655232200000000091e+02,1.707616000000000156e+02,1.120605999999999796e+02,2.000000000000000000e+00,4.450000000000000000e+02
1.165815799999999882e+02,2.348505800000000079e+02,1.272592800000000040e+02,7.000000000000000000e+00,6.620000000000000000e+02
7.604065999999998837e+01,7.571187999999999363e+01,1.266394599999999855e+02,1.600000000000000000e+01,9.880000000000000000e+02
9.593711999999999307e+01,9.604388000000000147e+01,1.188364600000000024e+02,1.800000000000000000e+01,1.380000000000000000e+02
1.339753000000000043e+02,2.732290999999999599e+02,1.662599999999999909e+02,1.100000000000000000e+01,2.970000000000000000e+02
5.839296000000000220e+01,4.303005999999999887e+01,1.466035799999999938e+02,1.900000000000000000e+01,6.190000000000000000e+02
4.802228000000000208e+01,1.716428799999999910e+02,4.152759999999999962e+01,1.400000000000000000e+01,2.520000000000000000e+02
2.764131999999999678e+01,1.663980400000000088e+02,1.971422000000000097e+01,1.400000000000000000e+01,7.460000000000000000e+02
1.008820799999999878e+02,2.426175400000000195e+02,1.242094799999999850e+02,1.200000000000000000e+01,3.970000000000000000e+02
1.102592800000000040e+02,2.594325799999999731e+02,1.398923199999999838e+02,1.100000000000000000e+01,7.560000000000000000e+02
1.216859999999999928e+02,1.092188800000000128e+02,1.265153600000000012e+02,8.000000000000000000e+00,3.170000000000000000e+02
1.414114399999999989e+02,1.738817799999999920e+02,8.147487999999999886e+01,0.000000000000000000e+00,9.740000000000000000e+02
6.730096000000000345e+01,5.244024000000000285e+01,1.311723399999999913e+02,1.900000000000000000e+01,3.070000000000000000e+02
3.458377999999999730e+01,1.891623999999999839e+01,1.907437400000000025e+02,2.200000000000000000e+01,1.105000000000000000e+03
1.152912799999999862e+02,7.844582000000001187e+01,1.406824799999999698e+02,1.600000000000000000e+01,1.460000000000000000e+02
1.449508399999999710e+02,1.776999799999999823e+02,1.011608800000000059e+02,0.000000000000000000e+00,7.220000000000000000e+02
6.301457999999999515e+01,4.530364000000000146e+01,1.444768799999999658e+02,1.900000000000000000e+01,4.920000000000000000e+02
1.554605799999999931e+02,1.620106799999999794e+02,9.897230000000000416e+01,2.000000000000000000e+00,2.100000000000000000e+02
1.152297400000000067e+02,6.181267999999999319e+01,1.519749000000000194e+02,1.300000000000000000e+01,6.940000000000000000e+02
1.754671999999999912e+02,1.762627999999999986e+02,1.346121200000000044e+02,6.000000000000000000e+00,1.840000000000000000e+02
1.287131200000000035e+02,1.505176600000000064e+02,9.944252000000000180e+01,4.000000000000000000e+00,5.810000000000000000e+02
1.268682799999999986e+02,1.108396599999999950e+02,1.277029799999999966e+02,8.000000000000000000e+00,1.130000000000000000e+02
8.403882000000000119e+01,1.771519000000000119e+02,6.141555999999999216e+01,9.000000000000000000e+00,3.850000000000000000e+02
7.081519999999999015e+01,1.658380599999999845e+02,4.411261999999999972e+01,9.000000000000000000e+00,6.960000000000000000e+02
1.518229199999999821e+02,1.942960600000000113e+02,1.111296799999999791e+02,2.000000000000000000e+00,1.091000000000000000e+03
6.078417999999999921e+01,2.820680800000000090e+02,1.296348599999999749e+02,1.500000000000000000e+01,4.050000000000000000e+02
1.171476800000000082e+02,1.529105800000000102e+02,5.438130000000000308e+01,1.000000000000000000e+00,1.043000000000000000e+03
1.273228600000000057e+02,2.776603200000000129e+02,1.669484999999999957e+02,1.100000000000000000e+01,1.139000000000000000e+03
1.140455199999999962e+02,1.163000600000000020e+02,1.180955999999999761e+02,4.000000000000000000e+00,7.790000000000000000e+02
8.783628000000000213e+01,4.641918000000000433e+01,1.577416400000000181e+02,2.100000000000000000e+01,7.130000000000000000e+02
1.254331399999999945e+02,1.810812799999999640e+02,9.017207999999999402e+01,0.000000000000000000e+00,8.590000000000000000e+02
1.446791800000000023e+02,7.538683999999999230e+01,1.603902400000000057e+02,1.300000000000000000e+01,9.220000000000000000e+02
1.218179200000000009e+02,1.169154599999999817e+02,1.211549200000000042e+02,8.000000000000000000e+00,3.020000000000000000e+02
1.175883199999999960e+02,1.846138799999999662e+02,6.566555999999999926e+01,5.000000000000000000e+00,4.360000000000000000e+02
8.403609999999999047e+01,5.899170000000000158e+01,1.345910399999999925e+02,1.900000000000000000e+01,1.960000000000000000e+02
9.007279999999998665e+01,7.001313999999999282e+01,1.372158399999999858e+02,1.600000000000000000e+01,6.000000000000000000e+02
1.124223599999999834e+02,2.626965799999999831e+02,1.438206799999999816e+02,1.100000000000000000e+01,8.110000000000000000e+02
7.014676000000000045e+01,4.928401999999999816e+01,1.382300600000000088e+02,1.900000000000000000e+01,3.010000000000000000e+02
8.706651999999998282e+01,2.962579799999999750e+02,1.825949599999999862e+02,1.700000000000000000e+01,6.780000000000000000e+02
1.823164999999999907e+02,1.760737599999999929e+02,1.459579200000000014e+02,6.000000000000000000e+00,2.060000000000000000e+02
5.394745999999999952e+01,3.030569600000000037e+02,1.732592399999999770e+02,2.000000000000000000e+01,1.080000000000000000e+02
1.857246599999999717e+02,1.724347399999999766e+02,1.492868599999999901e+02,6.000000000000000000e+00,9.450000000000000000e+02
5.559611999999999910e+01,3.638374000000000308e+01,1.601740000000000066e+02,2.200000000000000000e+01,9.600000000000000000e+01
1.047019800000000060e+02,2.869052599999999984e+02,1.667315799999999797e+02,1.100000000000000000e+01,9.790000000000000000e+02
1.300421800000000019e+02,2.428188199999999881e+02,1.396869599999999991e+02,7.000000000000000000e+00,5.330000000000000000e+02
8.373587999999999454e+01,4.773022000000000276e+01,1.540699800000000153e+02,2.100000000000000000e+01,8.770000000000000000e+02
4.543522000000000105e+01,3.257573999999999614e+01,1.697477199999999868e+02,2.200000000000000000e+01,8.840000000000000000e+02
1.753257600000000025e+02,1.725802599999999813e+02,1.412373599999999954e+02,6.000000000000000000e+00,6.410000000000000000e+02
1.634665600000000154e+02,1.663623399999999890e+02,1.100155000000000030e+02,2.000000000000000000e+00,3.920000000000000000e+02
1.033906000000000063e+02,1.124784599999999841e+02,1.159981399999999923e+02,1.800000000000000000e+01,7.570000000000000000e+02
8.112162000000000717e+01,4.472632000000000119e+01,1.610222999999999729e+02,2.100000000000000000e+01,9.020000000000000000e+02
8.944039999999999679e+01,2.585784999999999627e+02,1.296521999999999935e+02,1.200000000000000000e+01,3.910000000000000000e+02
5.578686000000000433e+01,3.639529999999999887e+01,1.678474600000000123e+02,2.200000000000000000e+01,1.530000000000000000e+02
1.441154599999999846e+02,1.387584200000000010e+02,1.149591000000000065e+02,4.000000000000000000e+00,3.590000000000000000e+02
5.416234000000000037e+01,3.033224999999999909e+02,1.680460199999999986e+02,2.000000000000000000e+01,2.320000000000000000e+02
1.361132199999999841e+02,2.610071199999999862e+02,1.575094199999999773e+02,1.100000000000000000e+01,1.300000000000000000e+01
1.035929000000000002e+02,1.827183799999999962e+02,7.647619999999999152e+01,5.000000000000000000e+00,3.200000000000000000e+02
2.179535999999999518e+01,1.455097999999999914e+01,1.920418599999999856e+02,2.200000000000000000e+01,1.110000000000000000e+03
1.403516600000000096e+02,2.474659399999999891e+02,1.518902400000000057e+02,7.000000000000000000e+00,9.830000000000000000e+02
1.245331599999999952e+02,9.776632000000000744e+01,1.358589000000000055e+02,8.000000000000000000e+00,6.030000000000000000e+02
1.684934599999999989e+02,1.773365200000000073e+02,1.074964400000000069e+02,2.000000000000000000e+00,1.075000000000000000e+03
1.313314599999999928e+02,1.610372600000000034e+02,7.875521999999999423e+01,1.000000000000000000e+00,5.630000000000000000e+02
1.632727600000000052e+02,1.720287799999999550e+02,1.225492600000000039e+02,2.000000000000000000e+00,5.890000000000000000e+02
1.916474599999999953e+02,1.671854799999999841e+02,1.486898199999999974e+02,6.000000000000000000e+00,8.710000000000000000e+02
7.135988000000000397e+01,2.856295800000000327e+02,1.386880400000000009e+02,1.500000000000000000e+01,5.550000000000000000e+02
1.052963000000000022e+02,1.576947199999999896e+02,7.110623999999999967e+01,1.000000000000000000e+00,7.950000000000000000e+02
9.477126000000001227e+01,2.584849999999999568e+02,1.309758199999999988e+02,1.200000000000000000e+01,2.500000000000000000e+02
4.112639999999999674e+01,3.072087000000000216e+02,1.562871199999999874e+02,2.000000000000000000e+01,6.690000000000000000e+02
1.237501400000000018e+02,1.405889799999999923e+02,1.064281600000000054e+02,4.000000000000000000e+00,4.280000000000000000e+02
4.503300000000000125e+01,3.024402000000000257e+01,1.781396000000000015e+02,2.200000000000000000e+01,8.450000000000000000e+02
1.197197800000000001e+02,2.532887800000000027e+02,1.432776999999999816e+02,7.000000000000000000e+00,8.820000000000000000e+02
8.468890000000000384e+01,2.613872399999999629e+02,1.335741000000000156e+02,1.200000000000000000e+01,4.390000000000000000e+02
8.806883999999999446e+01,1.676444799999999873e+02,6.288334000000000401e+01,5.000000000000000000e+00,1.000000000000000000e+03
1.339246400000000108e+02,1.565795200000000023e+02,5.967442000000000490e+01,1.000000000000000000e+00,1.127000000000000000e+03
1.152382399999999905e+02,1.715772599999999670e+02,9.835281999999999414e+01,0.000000000000000000e+00,6.870000000000000000e+02
9.818282000000000664e+01,7.392925999999999931e+01,1.388648400000000152e+02,1.600000000000000000e+01,3.810000000000000000e+02
1.423175400000000081e+02,1.808103000000000122e+02,8.864581999999998629e+01,0.000000000000000000e+00,8.810000000000000000e+02
1.065719799999999822e+02,1.266955600000000146e+02,1.090356199999999944e+02,4.000000000000000000e+00,1.124000000000000000e+03
9.852486000000000388e+01,2.892192999999999756e+02,1.754940600000000188e+02,1.700000000000000000e+01,1.070000000000000000e+03
3.711779999999999546e+01,2.564450000000000074e+01,1.817653599999999869e+02,2.200000000000000000e+01,1.031000000000000000e+03
1.763885999999999967e+02,1.770152199999999993e+02,1.225128799999999956e+02,6.000000000000000000e+00,7.300000000000000000e+01
1.182292199999999980e+02,8.291172000000000253e+01,1.405257399999999848e+02,1.300000000000000000e+01,1.650000000000000000e+02
1.489472000000000094e+02,1.613017799999999795e+02,9.346599999999999397e+01,0.000000000000000000e+00,1.710000000000000000e+02
1.499801199999999994e+02,1.601488400000000070e+02,1.001344200000000058e+02,2.000000000000000000e+00,1.370000000000000000e+02
1.036775599999999855e+02,1.048063599999999980e+02,1.207285600000000017e+02,1.800000000000000000e+01,4.440000000000000000e+02
1.440743200000000002e+02,2.575469400000000064e+02,1.592672199999999805e+02,1.100000000000000000e+01,1.390000000000000000e+02
1.181010399999999834e+02,2.304468999999999710e+02,1.242227399999999875e+02,7.000000000000000000e+00,5.780000000000000000e+02
1.358707999999999743e+02,8.320139999999999247e+01,1.512099000000000046e+02,1.300000000000000000e+01,9.690000000000000000e+02
8.269955999999999108e+01,2.912042200000000207e+02,1.605211400000000026e+02,1.700000000000000000e+01,3.540000000000000000e+02
1.167311800000000090e+02,2.043298000000000059e+02,1.043487200000000144e+02,3.000000000000000000e+00,4.370000000000000000e+02
1.735693199999999763e+02,1.699983000000000004e+02,1.653491400000000056e+02,1.000000000000000000e+01,6.810000000000000000e+02
7.291946000000000083e+01,1.673201199999999744e+02,6.427156000000000802e+01,9.000000000000000000e+00,7.600000000000000000e+01
9.504053999999999292e+01,7.632523999999999376e+01,1.358031400000000133e+02,1.600000000000000000e+01,4.140000000000000000e+02
1.011754999999999853e+02,1.639976399999999899e+02,6.162261999999999063e+01,5.000000000000000000e+00,2.400000000000000000e+01
1.129310000000000116e+02,2.180525399999999934e+02,1.126086799999999926e+02,3.000000000000000000e+00,8.240000000000000000e+02
1.518542000000000201e+02,1.827401399999999967e+02,1.062404800000000051e+02,2.000000000000000000e+00,9.550000000000000000e+02
1.036163600000000145e+02,2.607361399999999776e+02,1.376755200000000059e+02,1.200000000000000000e+01,1.200000000000000000e+02
1.510014799999999866e+02,1.882821399999999983e+02,1.097945000000000135e+02,2.000000000000000000e+00,1.037000000000000000e+03
1.434602799999999831e+02,2.417617600000000095e+02,1.431784199999999885e+02,7.000000000000000000e+00,7.730000000000000000e+02
2.766920000000000002e+01,1.921816000000000102e+01,1.874858599999999740e+02,2.200000000000000000e+01,1.050000000000000000e+03
4.684009999999999962e+01,2.737476000000000198e+01,1.831413399999999854e+02,2.200000000000000000e+01,8.620000000000000000e+02
1.293251199999999983e+02,1.845468999999999653e+02,8.303820000000000334e+01,0.000000000000000000e+00,8.580000000000000000e+02
1.089880199999999775e+02,1.530492999999999881e+02,6.624695999999998719e+01,1.000000000000000000e+00,1.068000000000000000e+03
8.537841999999999132e+01,8.311741999999999564e+01,1.237627199999999874e+02,1.600000000000000000e+01,8.610000000000000000e+02
1.076269999999999953e+02,1.798355199999999741e+02,6.709287999999999386e+01,5.000000000000000000e+00,2.420000000000000000e+02
4.090811999999999671e+01,1.679936600000000055e+02,3.511350000000000193e+01,1.400000000000000000e+01,6.320000000000000000e+02
7.928289999999999793e+01,9.180714000000000397e+01,1.085783200000000051e+02,1.800000000000000000e+01,9.060000000000000000e+02
8.772680000000001144e+01,1.678069999999999879e+02,7.202151999999999532e+01,5.000000000000000000e+00,9.930000000000000000e+02
1.112840399999999761e+02,1.008943200000000076e+02,1.277022999999999939e+02,1.800000000000000000e+01,6.440000000000000000e+02
1.383157400000000052e+02,1.666044200000000046e+02,9.731751999999998759e+01,0.000000000000000000e+00,5.520000000000000000e+02
9.982501999999999498e+01,2.882676399999999717e+02,1.685271199999999965e+02,1.700000000000000000e+01,1.073000000000000000e+03
1.379703000000000088e+02,7.085599999999999454e+01,1.599135599999999897e+02,1.300000000000000000e+01,7.970000000000000000e+02
1.356715599999999995e+02,1.977147599999999841e+02,1.061959399999999931e+02,3.000000000000000000e+00,1.660000000000000000e+02
1.216462199999999996e+02,1.567763799999999890e+02,6.062233999999999412e+01,1.000000000000000000e+00,7.660000000000000000e+02
9.644746000000000663e+01,1.632098599999999919e+02,6.715136000000001104e+01,5.000000000000000000e+00,9.310000000000000000e+02
1.288882199999999898e+02,1.053252000000000095e+02,1.324935799999999801e+02,8.000000000000000000e+00,2.810000000000000000e+02
9.984882000000000346e+01,2.479048799999999915e+02,1.263242799999999875e+02,1.200000000000000000e+01,4.650000000000000000e+02
1.446009799999999927e+02,1.593733000000000004e+02,9.844801999999999964e+01,0.000000000000000000e+00,8.400000000000000000e+01
1.471509800000000041e+02,1.603151000000000010e+02,8.894094000000001188e+01,0.000000000000000000e+00,1.720000000000000000e+02
8.337445999999999913e+01,2.474907599999999661e+02,1.144484199999999845e+02,1.200000000000000000e+01,8.090000000000000000e+02
1.120881400000000099e+02,9.293627999999998224e+01,1.318387400000000014e+02,8.000000000000000000e+00,9.120000000000000000e+02
7.016172000000000253e+01,3.039209000000000174e+02,1.874664799999999900e+02,1.700000000000000000e+01,9.920000000000000000e+02
5.557639999999999958e+01,3.550518000000000285e+01,1.540859600000000000e+02,2.200000000000000000e+01,3.200000000000000000e+01
1.592447799999999916e+02,1.800215000000000032e+02,9.701899999999999125e+01,2.000000000000000000e+00,9.080000000000000000e+02
1.280341400000000078e+02,1.615985999999999763e+02,7.523179999999999268e+01,1.000000000000000000e+00,5.000000000000000000e+02
1.287794199999999876e+02,1.315629999999999882e+02,1.146044799999999952e+02,4.000000000000000000e+00,3.770000000000000000e+02
1.047944600000000008e+02,2.155256599999999878e+02,1.081917399999999958e+02,3.000000000000000000e+00,1.126000000000000000e+03
1.290007599999999854e+02,1.724014200000000017e+02,7.609404000000000678e+01,1.000000000000000000e+00,6.710000000000000000e+02
1.111544999999999987e+02,8.054259999999999309e+01,1.364093600000000208e+02,1.600000000000000000e+01,2.310000000000000000e+02
1.120884800000000183e+02,2.294772200000000169e+02,1.208393999999999835e+02,1.200000000000000000e+01,7.330000000000000000e+02
1.723055400000000077e+02,1.722358399999999961e+02,1.337896599999999978e+02,6.000000000000000000e+00,1.340000000000000000e+02
1.324133399999999767e+02,2.594937800000000152e+02,1.546602199999999812e+02,1.100000000000000000e+01,9.000000000000000000e+00
7.244856000000000051e+01,4.845271999999999935e+01,1.439043200000000127e+02,1.900000000000000000e+01,4.590000000000000000e+02
1.408324200000000133e+02,2.512066199999999867e+02,1.550597199999999987e+02,7.000000000000000000e+00,9.990000000000000000e+02
1.216672999999999973e+02,2.679196599999999648e+02,1.561956600000000037e+02,1.100000000000000000e+01,2.270000000000000000e+02
1.063387400000000014e+02,2.497731799999999964e+02,1.319206800000000044e+02,1.200000000000000000e+01,1.050000000000000000e+02
3.161965999999999610e+01,2.159271999999999636e+01,1.855584000000000060e+02,2.200000000000000000e+01,1.035000000000000000e+03
1.301778399999999749e+02,1.773168000000000006e+02,8.214467999999999392e+01,0.000000000000000000e+00,8.020000000000000000e+02
1.003839799999999940e+02,1.843228400000000136e+02,4.599621999999999389e+01,5.000000000000000000e+00,8.490000000000000000e+02
6.761954000000000065e+01,4.015059999999999718e+01,1.683190400000000011e+02,2.200000000000000000e+01,1.940000000000000000e+02
4.274684000000000594e+01,3.150372000000000128e+01,1.549981799999999907e+02,2.200000000000000000e+01,1.900000000000000000e+02
1.872941000000000145e+02,1.654218999999999937e+02,1.452156999999999982e+02,6.000000000000000000e+00,4.990000000000000000e+02
7.954334000000000060e+01,4.350741999999999621e+01,1.560623799999999903e+02,1.900000000000000000e+01,1.122000000000000000e+03
1.813410400000000209e+02,1.754216399999999965e+02,1.363253799999999956e+02,6.000000000000000000e+00,1.970000000000000000e+02
1.478785799999999995e+02,1.894704400000000248e+02,1.056818600000000004e+02,2.000000000000000000e+00,1.084000000000000000e+03
1.290718200000000024e+02,2.349913399999999797e+02,1.327193399999999883e+02,7.000000000000000000e+00,1.990000000000000000e+02
8.530259999999999820e+01,1.611576199999999801e+02,5.894579999999999842e+01,9.000000000000000000e+00,2.930000000000000000e+02
1.001068800000000181e+02,2.912810600000000250e+02,1.802074800000000039e+02,1.700000000000000000e+01,1.097000000000000000e+03
1.881604200000000162e+02,1.688256399999999928e+02,1.410180599999999913e+02,6.000000000000000000e+00,4.340000000000000000e+02
6.837604000000000326e+01,1.715490400000000193e+02,4.283625999999999578e+01,9.000000000000000000e+00,9.170000000000000000e+02
9.801723999999998682e+01,1.620507999999999811e+02,7.265188000000000557e+01,5.000000000000000000e+00,9.290000000000000000e+02
1.715197999999999752e+02,1.746736400000000060e+02,1.670110599999999863e+02,1.000000000000000000e+01,1.090000000000000000e+03
1.789267000000000110e+02,1.737236800000000017e+02,1.192016199999999913e+02,6.000000000000000000e+00,1.500000000000000000e+01
8.614375999999998612e+01,8.582211999999998397e+01,1.197731599999999759e+02,1.800000000000000000e+01,1.000000000000000000e+01
9.842829999999999302e+01,2.540874399999999866e+02,1.286471600000000137e+02,1.200000000000000000e+01,1.830000000000000000e+02
7.170600000000000307e+01,2.905429199999999810e+02,1.497200200000000052e+02,1.500000000000000000e+01,8.500000000000000000e+02
1.617611200000000053e+02,1.758677199999999914e+02,9.723931999999999221e+01,2.000000000000000000e+00,8.760000000000000000e+02
8.448081999999999425e+01,2.858257600000000025e+02,1.489176199999999994e+02,1.500000000000000000e+01,7.760000000000000000e+02
1.248160400000000010e+02,1.707684000000000140e+02,7.199092000000000269e+01,1.000000000000000000e+00,5.070000000000000000e+02
5.471994000000000113e+01,2.983666600000000244e+02,1.547149600000000191e+02,1.700000000000000000e+01,3.190000000000000000e+02
7.327203999999998985e+01,2.819160999999999717e+02,1.362050199999999904e+02,1.500000000000000000e+01,4.960000000000000000e+02
1.373514999999999873e+02,2.686612000000000080e+02,1.640228000000000179e+02,1.100000000000000000e+01,2.150000000000000000e+02
5.266328000000000031e+01,3.683933999999999997e+01,1.491838400000000036e+02,2.200000000000000000e+01,6.700000000000000000e+01
1.279178600000000046e+02,8.645520000000000493e+01,1.453445599999999729e+02,1.300000000000000000e+01,1.600000000000000000e+01
1.299262400000000071e+02,6.400499999999999545e+01,1.596167399999999930e+02,1.300000000000000000e+01,4.830000000000000000e+02
1.009606200000000058e+02,8.618013999999999442e+01,1.266465999999999781e+02,1.600000000000000000e+01,5.100000000000000000e+02
5.849700000000000699e+01,3.027264799999999809e+02,1.779682400000000086e+02,2.000000000000000000e+01,2.000000000000000000e+01
1.204473799999999954e+02,7.974020000000000152e+01,1.434735399999999856e+02,1.300000000000000000e+01,1.350000000000000000e+02
1.255055600000000027e+02,6.313698000000000121e+01,1.575097600000000000e+02,1.300000000000000000e+01,5.040000000000000000e+02
1.750269000000000119e+02,1.666261800000000051e+02,1.163265800000000070e+02,2.000000000000000000e+00,6.590000000000000000e+02
1.879118799999999965e+02,1.654025200000000098e+02,1.513462399999999946e+02,6.000000000000000000e+00,9.430000000000000000e+02
1.311458199999999863e+02,1.389892799999999795e+02,1.100355599999999896e+02,4.000000000000000000e+00,1.790000000000000000e+02
3.884976000000000340e+01,1.688286999999999978e+02,2.497027999999999537e+01,1.400000000000000000e+01,5.960000000000000000e+02
1.164071600000000046e+02,2.713621599999999603e+02,1.563915000000000077e+02,1.100000000000000000e+01,3.120000000000000000e+02
8.981099999999999284e+01,7.518385999999999569e+01,1.338828199999999811e+02,1.600000000000000000e+01,4.240000000000000000e+02
7.448720000000000141e+01,4.252651999999999788e+01,1.542488199999999949e+02,1.900000000000000000e+01,9.970000000000000000e+02
7.311462000000000216e+01,1.745179199999999753e+02,4.444989999999999952e+01,9.000000000000000000e+00,8.220000000000000000e+02
9.653857999999999606e+01,8.327517999999999176e+01,1.270987999999999829e+02,1.600000000000000000e+01,5.910000000000000000e+02
4.231775999999999982e+01,3.091082799999999793e+02,1.827877399999999568e+02,2.000000000000000000e+01,3.610000000000000000e+02
1.686570000000000036e+01,1.205945999999999962e+01,1.937455999999999960e+02,2.200000000000000000e+01,1.111000000000000000e+03
6.367622000000000071e+01,4.777441999999999922e+01,1.358051799999999787e+02,1.900000000000000000e+01,1.125000000000000000e+03
5.108363999999999550e+01,3.134844200000000001e+02,1.943069399999999973e+02,2.000000000000000000e+01,4.600000000000000000e+02
1.037074800000000039e+02,1.694753800000000012e+02,8.453929999999999723e+01,1.000000000000000000e+00,2.620000000000000000e+02
5.437585999999999586e+01,1.737437400000000025e+02,3.899358000000000146e+01,1.400000000000000000e+01,1.400000000000000000e+01
9.993857999999998754e+01,2.757008999999999901e+02,1.494707999999999970e+02,1.100000000000000000e+01,6.450000000000000000e+02
1.077908799999999871e+02,1.658839600000000019e+02,6.593076000000000647e+01,5.000000000000000000e+00,1.260000000000000000e+02
5.323107999999999862e+01,3.034187199999999507e+02,1.582325999999999908e+02,2.000000000000000000e+01,4.350000000000000000e+02
1.248921999999999883e+02,2.806036999999999466e+02,1.738827999999999747e+02,1.100000000000000000e+01,1.008000000000000000e+03
9.850887999999999067e+01,1.686831799999999930e+02,6.130301999999999651e+01,5.000000000000000000e+00,1.580000000000000000e+02
6.904855999999999483e+01,1.723813600000000008e+02,5.831169999999998765e+01,9.000000000000000000e+00,7.280000000000000000e+02
1.206935399999999987e+02,6.562781999999999982e+01,1.544943000000000097e+02,1.300000000000000000e+01,5.720000000000000000e+02
1.224938399999999916e+02,5.708565999999999718e+01,1.696814199999999744e+02,1.300000000000000000e+01,6.910000000000000000e+02
1.057389799999999980e+02,1.846638599999999997e+02,4.492079999999999274e+01,5.000000000000000000e+00,7.230000000000000000e+02
1.529870799999999917e+02,1.882641200000000197e+02,1.032080200000000048e+02,2.000000000000000000e+00,1.119000000000000000e+03
1.231762200000000149e+02,2.777609600000000114e+02,1.628535399999999811e+02,1.100000000000000000e+01,7.600000000000000000e+02
1.329808000000000163e+02,1.085796800000000104e+02,1.320413800000000037e+02,8.000000000000000000e+00,1.690000000000000000e+02
1.029809000000000054e+02,2.538599799999999789e+02,1.317449000000000012e+02,1.200000000000000000e+01,1.250000000000000000e+02
4.166190000000000282e+01,2.513585999999999743e+01,1.843677199999999914e+02,2.200000000000000000e+01,1.004000000000000000e+03
5.148722000000000776e+01,1.722446800000000167e+02,3.466810000000000258e+01,1.400000000000000000e+01,6.000000000000000000e+01
1.349497399999999914e+02,1.613871199999999817e+02,9.501265999999999678e+01,0.000000000000000000e+00,1.280000000000000000e+02
1.687651199999999960e+02,1.783327199999999948e+02,1.146969600000000042e+02,2.000000000000000000e+00,6.240000000000000000e+02
1.441253199999999879e+02,1.880424399999999707e+02,1.016902599999999950e+02,0.000000000000000000e+00,1.106000000000000000e+03
1.087462799999999987e+02,1.766724999999999852e+02,7.762030000000000030e+01,1.000000000000000000e+00,1.190000000000000000e+02
1.286437599999999861e+02,1.651155599999999879e+02,9.195775999999999328e+01,0.000000000000000000e+00,3.660000000000000000e+02
1.021125399999999956e+02,2.807577200000000062e+02,1.526508200000000102e+02,1.100000000000000000e+01,6.010000000000000000e+02
8.849860000000001037e+01,2.526764399999999853e+02,1.208638799999999947e+02,1.200000000000000000e+01,5.640000000000000000e+02
7.850769999999999982e+01,1.731875000000000000e+02,6.256442000000000547e+01,9.000000000000000000e+00,7.610000000000000000e+02
8.231025999999999954e+01,2.967397599999999898e+02,1.815100199999999973e+02,1.700000000000000000e+01,5.490000000000000000e+02
1.191472200000000043e+02,1.733432200000000023e+02,8.615497999999998058e+01,1.000000000000000000e+00,5.000000000000000000e+01
1.059919399999999996e+02,5.308930000000000149e+01,1.634835599999999829e+02,2.100000000000000000e+01,5.900000000000000000e+02
9.857450000000000045e+01,1.169209000000000032e+02,1.110660999999999916e+02,1.800000000000000000e+01,7.810000000000000000e+02
1.464478599999999915e+02,1.856621000000000095e+02,8.755917999999999779e+01,0.000000000000000000e+00,1.052000000000000000e+03
1.759459199999999726e+02,1.741973000000000127e+02,1.618828399999999874e+02,1.000000000000000000e+01,5.260000000000000000e+02
4.976444000000000045e+01,3.013875600000000077e+02,1.551222799999999893e+02,2.000000000000000000e+01,4.910000000000000000e+02
1.483586600000000146e+02,1.964910999999999888e+02,1.081414199999999965e+02,3.000000000000000000e+00,2.300000000000000000e+01
5.458427999999999258e+01,3.046097399999999880e+02,1.805413599999999974e+02,2.000000000000000000e+01,3.700000000000000000e+01
1.831665000000000134e+02,1.695916599999999903e+02,1.402530600000000049e+02,6.000000000000000000e+00,4.940000000000000000e+02
1.670606999999999971e+02,1.756681399999999940e+02,1.187256199999999922e+02,2.000000000000000000e+00,5.580000000000000000e+02
9.970261999999998181e+01,1.671518199999999865e+02,7.670535999999999888e+01,5.000000000000000000e+00,7.470000000000000000e+02
1.099356000000000080e+02,1.710662399999999934e+02,6.528136000000000649e+01,5.000000000000000000e+00,1.680000000000000000e+02
9.869655999999999096e+01,8.091082000000000107e+01,1.314943199999999877e+02,1.600000000000000000e+01,6.350000000000000000e+02
1.031131599999999935e+02,1.606221199999999953e+02,6.643872000000000355e+01,5.000000000000000000e+00,4.000000000000000000e+00
9.014046000000000447e+01,1.720253799999999842e+02,5.336469999999999914e+01,5.000000000000000000e+00,6.820000000000000000e+02
7.201165999999999201e+01,5.244125999999999266e+01,1.346600599999999872e+02,1.900000000000000000e+01,2.340000000000000000e+02
4.238065999999999889e+01,3.173988399999999501e+02,1.967699000000000069e+02,2.000000000000000000e+01,6.610000000000000000e+02
1.174410999999999916e+02,1.394499799999999823e+02,1.051181399999999968e+02,4.000000000000000000e+00,1.051000000000000000e+03
1.294975000000000023e+02,1.803465399999999761e+02,8.624406000000000461e+01,0.000000000000000000e+00,7.450000000000000000e+02
1.300279000000000167e+02,9.659705999999999904e+01,1.391518000000000086e+02,8.000000000000000000e+00,1.074000000000000000e+03
7.369806000000001234e+01,1.732435999999999865e+02,5.989338000000000051e+01,9.000000000000000000e+00,6.720000000000000000e+02
1.079115799999999865e+02,9.169391999999999143e+01,1.293424599999999884e+02,1.800000000000000000e+01,5.510000000000000000e+02
1.201216599999999772e+02,1.582601400000000069e+02,6.501922000000000423e+01,1.000000000000000000e+00,7.050000000000000000e+02
1.801435600000000079e+02,1.706442999999999870e+02,1.599754399999999919e+02,1.000000000000000000e+01,3.750000000000000000e+02
1.016093399999999889e+02,1.829808599999999785e+02,5.187006000000000228e+01,5.000000000000000000e+00,8.310000000000000000e+02
1.720773999999999830e+02,1.787906999999999869e+02,1.183070799999999991e+02,2.000000000000000000e+00,6.950000000000000000e+02
7.916219999999999857e+01,4.304162000000000177e+01,1.721236399999999946e+02,2.100000000000000000e+01,1.086000000000000000e+03
1.507097599999999886e+02,1.835826600000000042e+02,9.320215999999999212e+01,0.000000000000000000e+00,1.063000000000000000e+03
5.002181999999999817e+01,3.072614000000000090e+01,1.794489399999999932e+02,2.200000000000000000e+01,6.790000000000000000e+02
1.237297400000000067e+02,2.011810600000000022e+02,1.047424400000000020e+02,3.000000000000000000e+00,3.860000000000000000e+02
7.954129999999999256e+01,2.465652799999999729e+02,1.112388200000000040e+02,1.200000000000000000e+01,8.850000000000000000e+02
7.250806000000000040e+01,1.741938999999999851e+02,5.510005999999999915e+01,9.000000000000000000e+00,5.140000000000000000e+02
1.436771999999999991e+02,1.118566000000000003e+02,1.327339599999999962e+02,8.000000000000000000e+00,1.740000000000000000e+02
1.243923999999999950e+02,2.516768400000000270e+02,1.446856400000000065e+02,7.000000000000000000e+00,9.230000000000000000e+02
1.348827599999999904e+02,6.714218000000001041e+01,1.614996600000000058e+02,1.300000000000000000e+01,6.860000000000000000e+02
1.061095799999999940e+02,2.624714999999999350e+02,1.416249600000000157e+02,1.100000000000000000e+01,6.170000000000000000e+02
7.776922000000000423e+01,8.698968000000000700e+01,1.152559200000000033e+02,1.800000000000000000e+01,1.009000000000000000e+03
1.171044999999999874e+02,1.717071400000000096e+02,7.140340000000000487e+01,1.000000000000000000e+00,3.820000000000000000e+02
8.076801999999999282e+01,6.317778000000000560e+01,1.326578000000000088e+02,1.900000000000000000e+01,3.000000000000000000e+02
8.069525999999999044e+01,5.483077999999999719e+01,1.373450400000000116e+02,1.900000000000000000e+01,8.800000000000000000e+01
1.447036599999999851e+02,9.599967999999999790e+01,1.464390199999999993e+02,8.000000000000000000e+00,9.860000000000000000e+02
1.295549599999999941e+02,2.568893800000000169e+02,1.512575000000000216e+02,1.100000000000000000e+01,5.800000000000000000e+01
4.888146000000000413e+01,3.268862000000000023e+01,1.741327000000000282e+02,2.200000000000000000e+01,8.480000000000000000e+02
1.438104800000000125e+02,2.458437999999999874e+02,1.487571399999999926e+02,7.000000000000000000e+00,1.025000000000000000e+03
4.458046000000000930e+01,3.186241999999999663e+01,1.496968999999999994e+02,2.200000000000000000e+01,2.330000000000000000e+02
7.718952000000000169e+01,4.843504000000000076e+01,1.499049799999999948e+02,1.900000000000000000e+01,2.290000000000000000e+02
1.125821599999999734e+02,5.496065999999999718e+01,1.617308600000000069e+02,2.100000000000000000e+01,3.480000000000000000e+02
1.230157399999999939e+02,1.236267199999999917e+02,1.169674799999999948e+02,4.000000000000000000e+00,5.060000000000000000e+02
1.004441599999999966e+02,6.004876000000000147e+01,1.437897399999999948e+02,1.600000000000000000e+01,2.740000000000000000e+02
1.630986800000000017e+02,1.664935799999999801e+02,1.011377600000000001e+02,2.000000000000000000e+00,3.160000000000000000e+02
1.190054399999999788e+02,2.820099399999999719e+02,1.682313200000000109e+02,1.100000000000000000e+01,1.022000000000000000e+03
1.810806000000000040e+02,1.792327000000000226e+02,1.572425199999999847e+02,1.000000000000000000e+01,3.130000000000000000e+02
1.025922800000000024e+02,1.800187799999999925e+02,6.854059999999999775e+01,5.000000000000000000e+00,2.720000000000000000e+02
9.122947999999999524e+01,2.642979799999999955e+02,1.389797599999999989e+02,1.500000000000000000e+01,4.080000000000000000e+02
1.681504000000000190e+02,1.664306799999999953e+02,1.125872600000000006e+02,2.000000000000000000e+00,4.110000000000000000e+02
1.144086399999999912e+02,1.052048399999999901e+02,1.260713199999999858e+02,8.000000000000000000e+00,4.780000000000000000e+02
8.344552000000000191e+01,5.052501999999999782e+01,1.495183999999999855e+02,1.900000000000000000e+01,9.100000000000000000e+01
7.131703999999999155e+01,2.974061599999999430e+02,1.701829199999999958e+02,1.700000000000000000e+01,3.780000000000000000e+02
9.595887999999999352e+01,1.623748199999999997e+02,5.986243999999999943e+01,5.000000000000000000e+00,4.900000000000000000e+01
1.397559799999999939e+02,1.818670200000000250e+02,8.445157999999999276e+01,0.000000000000000000e+00,9.320000000000000000e+02
5.638220000000000454e+01,2.853130400000000009e+02,1.277329000000000008e+02,1.500000000000000000e+01,6.990000000000000000e+02
1.237144399999999962e+02,1.134630999999999830e+02,1.244382999999999981e+02,8.000000000000000000e+00,2.490000000000000000e+02
9.984882000000000346e+01,4.843129999999999313e+01,1.733547800000000052e+02,2.100000000000000000e+01,8.970000000000000000e+02
3.780731999999999715e+01,3.157049599999999714e+02,1.925630800000000136e+02,2.000000000000000000e+01,7.370000000000000000e+02
8.232113999999999976e+01,2.946123799999999733e+02,1.640306199999999990e+02,1.700000000000000000e+01,3.880000000000000000e+02
1.288739400000000046e+02,2.389295599999999808e+02,1.359313199999999995e+02,7.000000000000000000e+00,3.270000000000000000e+02
8.961005999999999005e+01,1.789134400000000085e+02,6.286600000000000676e+01,5.000000000000000000e+00,6.630000000000000000e+02
1.729464399999999955e+02,1.807348199999999849e+02,1.636889199999999960e+02,1.000000000000000000e+01,6.250000000000000000e+02
7.367085999999999046e+01,2.724025599999999940e+02,1.351819600000000037e+02,1.500000000000000000e+01,7.900000000000000000e+01
1.134277400000000000e+02,1.201165600000000069e+02,1.151304599999999851e+02,4.000000000000000000e+00,6.550000000000000000e+02
1.306671000000000049e+02,1.772331599999999980e+02,9.550871999999999673e+01,0.000000000000000000e+00,6.050000000000000000e+02
1.226403800000000075e+02,2.367382599999999968e+02,1.314307400000000143e+02,7.000000000000000000e+00,6.480000000000000000e+02
8.346931999999999618e+01,1.680715199999999925e+02,6.962281999999999016e+01,9.000000000000000000e+00,1.100000000000000000e+01
1.113445599999999871e+02,7.601345999999999492e+01,1.432246599999999717e+02,1.600000000000000000e+01,8.900000000000000000e+01
1.086898400000000038e+02,6.797688000000000841e+01,1.478265600000000006e+02,1.600000000000000000e+01,6.800000000000000000e+01
1.258404599999999931e+02,1.850650599999999883e+02,5.615065999999998780e+01,5.000000000000000000e+00,5.300000000000000000e+02
7.937435999999999581e+01,2.725895600000000059e+02,1.382157800000000236e+02,1.500000000000000000e+01,2.110000000000000000e+02
1.039070600000000155e+02,9.121316000000000201e+01,1.266483000000000061e+02,1.800000000000000000e+01,7.490000000000000000e+02
1.050732600000000048e+02,1.732459799999999746e+02,6.233424000000000120e+01,5.000000000000000000e+00,1.610000000000000000e+02
1.459371800000000121e+02,1.724037999999999897e+02,1.075627399999999909e+02,2.000000000000000000e+00,8.960000000000000000e+02
1.125879400000000032e+02,1.751792200000000150e+02,8.126067999999999358e+01,1.000000000000000000e+00,8.000000000000000000e+01
1.236994799999999941e+02,1.785543999999999869e+02,9.503373999999999455e+01,0.000000000000000000e+00,5.590000000000000000e+02
1.152885600000000039e+02,2.585445000000000277e+02,1.429720399999999927e+02,1.100000000000000000e+01,8.410000000000000000e+02
1.125124600000000044e+02,1.386598199999999963e+02,1.033783600000000007e+02,4.000000000000000000e+00,1.018000000000000000e+03
1.399817400000000021e+02,1.241183599999999956e+02,1.247558599999999984e+02,4.000000000000000000e+00,9.280000000000000000e+02
1.314246200000000044e+02,1.129089000000000027e+02,1.282935600000000136e+02,8.000000000000000000e+00,7.500000000000000000e+01
1.136106599999999816e+02,5.280437999999999477e+01,1.724408600000000149e+02,2.100000000000000000e+01,8.360000000000000000e+02
9.998821999999998411e+01,1.542610599999999863e+02,6.431474000000000046e+01,5.000000000000000000e+00,3.300000000000000000e+01
7.963785999999998921e+01,1.638684400000000210e+02,6.601099999999999568e+01,9.000000000000000000e+00,3.000000000000000000e+01
9.679323999999999728e+01,4.550458000000000425e+01,1.764668000000000063e+02,2.100000000000000000e+01,1.071000000000000000e+03
1.581085000000000207e+02,1.843877800000000207e+02,1.053268999999999807e+02,2.000000000000000000e+00,9.810000000000000000e+02
1.296131000000000029e+02,2.002956999999999823e+02,1.060517799999999937e+02,3.000000000000000000e+00,2.910000000000000000e+02
7.299527999999999395e+01,2.978556399999999940e+02,1.626651799999999923e+02,1.700000000000000000e+01,2.130000000000000000e+02
1.177535599999999789e+02,1.608121799999999837e+02,7.510532000000000608e+01,1.000000000000000000e+00,3.550000000000000000e+02
1.385537400000000048e+02,2.417165399999999806e+02,1.420802199999999971e+02,7.000000000000000000e+00,6.700000000000000000e+02
8.915004000000000417e+01,2.877719200000000228e+02,1.599203600000000165e+02,1.700000000000000000e+01,1.101000000000000000e+03
1.151790799999999848e+02,1.651645199999999818e+02,7.628171999999999287e+01,1.000000000000000000e+00,2.840000000000000000e+02
1.296447200000000066e+02,1.258404599999999931e+02,1.183879999999999910e+02,4.000000000000000000e+00,6.080000000000000000e+02
9.068785999999998637e+01,5.075587999999999766e+01,1.546731399999999894e+02,2.100000000000000000e+01,7.680000000000000000e+02
5.852147999999999683e+01,3.017047799999999711e+02,1.694481799999999794e+02,2.000000000000000000e+01,2.670000000000000000e+02
5.744877999999999219e+01,1.737121199999999988e+02,4.772172000000000480e+01,9.000000000000000000e+00,9.540000000000000000e+02
1.218971399999999932e+02,1.803526599999999860e+02,8.242722000000000548e+01,0.000000000000000000e+00,1.015000000000000000e+03
1.447519399999999905e+02,7.093385999999999569e+01,1.662616999999999905e+02,1.300000000000000000e+01,1.003000000000000000e+03
1.647483599999999910e+02,1.800595799999999826e+02,1.101963799999999907e+02,2.000000000000000000e+00,1.010000000000000000e+03
1.531322600000000023e+02,1.722786800000000085e+02,8.725623999999999114e+01,0.000000000000000000e+00,1.129000000000000000e+03
1.097098399999999998e+02,1.169372199999999822e+02,1.156985999999999848e+02,1.800000000000000000e+01,8.540000000000000000e+02
5.380738000000000198e+01,3.040769599999999855e+02,1.632537199999999871e+02,2.000000000000000000e+01,2.690000000000000000e+02
1.190465799999999916e+02,2.644768199999999752e+02,1.490148599999999988e+02,1.100000000000000000e+01,3.030000000000000000e+02
8.913508000000000209e+01,2.822928200000000061e+02,1.457807799999999929e+02,1.500000000000000000e+01,7.410000000000000000e+02
1.523070800000000133e+02,1.615680000000000121e+02,1.076885399999999890e+02,2.000000000000000000e+00,2.470000000000000000e+02
1.527293599999999856e+02,1.735958400000000097e+02,1.115594399999999951e+02,2.000000000000000000e+00,7.090000000000000000e+02
6.228595999999998867e+01,1.708605399999999861e+02,4.976546000000000447e+01,9.000000000000000000e+00,8.190000000000000000e+02
1.105101999999999975e+02,2.365063799999999787e+02,1.260485399999999885e+02,1.200000000000000000e+01,3.740000000000000000e+02
1.753804999999999836e+02,1.607785200000000145e+02,1.501630399999999952e+02,1.000000000000000000e+01,8.150000000000000000e+02
1.442334400000000016e+02,1.436119199999999978e+02,1.148278600000000012e+02,4.000000000000000000e+00,2.250000000000000000e+02
1.334962399999999718e+02,1.331055800000000033e+02,1.150573599999999743e+02,4.000000000000000000e+00,3.090000000000000000e+02
8.907897999999998717e+01,2.914184199999999691e+02,1.633580999999999790e+02,1.700000000000000000e+01,1.109000000000000000e+03
4.518225999999999942e+01,3.100799999999999841e+02,1.870911199999999894e+02,2.000000000000000000e+01,2.350000000000000000e+02
9.277171999999998775e+01,5.584024000000000143e+01,1.447063800000000242e+02,2.100000000000000000e+01,7.000000000000000000e+00
8.620189999999999486e+01,7.176651999999998566e+01,1.341860999999999819e+02,1.600000000000000000e+01,5.460000000000000000e+02
1.199084799999999831e+02,1.649391000000000247e+02,7.035313999999999623e+01,1.000000000000000000e+00,3.580000000000000000e+02
8.190293999999998675e+01,2.413925199999999904e+02,1.101253200000000021e+02,1.200000000000000000e+01,1.023000000000000000e+03
1.188929000000000116e+02,1.048682399999999859e+02,1.283234799999999893e+02,8.000000000000000000e+00,3.840000000000000000e+02
6.418452000000000623e+01,1.666492999999999824e+02,4.181455999999999307e+01,9.000000000000000000e+00,9.580000000000000000e+02
1.292016999999999882e+02,2.230362599999999986e+02,1.227668599999999941e+02,3.000000000000000000e+00,9.900000000000000000e+02
1.333588800000000276e+02,1.682625999999999920e+02,9.906444000000000472e+01,0.000000000000000000e+00,4.690000000000000000e+02
7.353758000000000550e+01,2.974758599999999547e+02,1.763131199999999978e+02,1.700000000000000000e+01,4.640000000000000000e+02
1.112983199999999897e+02,1.549828800000000228e+02,5.447853999999999530e+01,5.000000000000000000e+00,8.700000000000000000e+01
1.176196000000000055e+02,6.040440000000000254e+01,1.559535800000000165e+02,1.300000000000000000e+01,5.990000000000000000e+02
8.749015999999998883e+01,2.479279999999999973e+02,1.175951200000000085e+02,1.200000000000000000e+01,7.520000000000000000e+02
1.524665400000000091e+02,1.706232199999999750e+02,1.071190399999999983e+02,2.000000000000000000e+00,7.780000000000000000e+02
9.019350000000000023e+01,2.693214799999999514e+02,1.422175800000000265e+02,1.500000000000000000e+01,3.930000000000000000e+02
1.305022000000000162e+02,1.689245799999999633e+02,9.490828000000000486e+01,0.000000000000000000e+00,3.940000000000000000e+02
8.120355999999999597e+01,7.972217999999999449e+01,1.267499600000000015e+02,1.600000000000000000e+01,8.630000000000000000e+02
9.440269999999999584e+01,2.406989199999999585e+02,1.185936999999999841e+02,1.200000000000000000e+01,4.570000000000000000e+02
1.050144399999999933e+02,2.453810599999999909e+02,1.286199599999999919e+02,1.200000000000000000e+01,1.500000000000000000e+02
1.055186599999999970e+02,2.835056000000000154e+02,1.631969399999999837e+02,1.100000000000000000e+01,1.065000000000000000e+03
1.780110799999999642e+02,1.727064000000000021e+02,1.243995400000000160e+02,6.000000000000000000e+00,9.300000000000000000e+01
1.059654200000000088e+02,2.338625399999999672e+02,1.218913599999999917e+02,1.200000000000000000e+01,4.000000000000000000e+02
1.435598999999999990e+02,8.856047999999998410e+01,1.528864399999999932e+02,1.300000000000000000e+01,2.210000000000000000e+02
1.349599399999999889e+02,2.764281599999999912e+02,1.711862599999999759e+02,1.100000000000000000e+01,4.070000000000000000e+02
9.447409999999999286e+01,2.696434600000000046e+02,1.445237999999999943e+02,1.500000000000000000e+01,4.260000000000000000e+02
6.899042000000000030e+01,4.227831999999999368e+01,1.519874799999999766e+02,1.900000000000000000e+01,6.370000000000000000e+02
9.005613999999999919e+01,2.851426999999999907e+02,1.518256399999999928e+02,1.500000000000000000e+01,9.210000000000000000e+02
8.075101999999999691e+01,1.651390200000000164e+02,5.664535999999999660e+01,9.000000000000000000e+00,2.000000000000000000e+02
1.042776599999999974e+02,2.738574199999999905e+02,1.515213400000000092e+02,1.100000000000000000e+01,5.930000000000000000e+02
8.509247999999999479e+01,2.710235200000000191e+02,1.410214599999999905e+02,1.500000000000000000e+01,3.300000000000000000e+02
1.392755599999999845e+02,2.131102999999999952e+02,1.184699399999999940e+02,3.000000000000000000e+00,8.370000000000000000e+02
1.484623599999999897e+02,1.644943799999999783e+02,8.683022000000001128e+01,0.000000000000000000e+00,1.910000000000000000e+02
1.544388800000000117e+02,1.542416800000000023e+02,1.091114400000000018e+02,2.000000000000000000e+00,1.160000000000000000e+02
1.109083399999999955e+02,2.731944200000000365e+02,1.549342599999999948e+02,1.100000000000000000e+01,3.980000000000000000e+02
1.173724199999999911e+02,1.766282999999999959e+02,8.287635999999999115e+01,1.000000000000000000e+00,3.400000000000000000e+01
8.928705999999999676e+01,5.966625999999999408e+01,1.374511200000000031e+02,1.600000000000000000e+01,7.920000000000000000e+02
6.821385999999999683e+01,2.983911400000000071e+02,1.603650800000000061e+02,1.700000000000000000e+01,1.640000000000000000e+02
1.228209200000000010e+02,1.624516599999999755e+02,7.606820000000000448e+01,1.000000000000000000e+00,4.130000000000000000e+02
1.227032799999999924e+02,2.450087599999999668e+02,1.383810199999999782e+02,7.000000000000000000e+00,6.470000000000000000e+02
8.978209999999999980e+01,2.613773800000000165e+02,1.349874799999999766e+02,1.200000000000000000e+01,3.830000000000000000e+02
6.046321999999999974e+01,5.494366000000000128e+01,1.221824000000000012e+02,1.900000000000000000e+01,9.130000000000000000e+02
1.012010000000000076e+02,7.770835999999999899e+01,1.373134200000000078e+02,1.600000000000000000e+01,3.100000000000000000e+02
7.533040000000001157e+01,4.262817999999999330e+01,1.593964199999999778e+02,1.900000000000000000e+01,1.041000000000000000e+03
1.854978799999999808e+02,1.713491199999999992e+02,1.552630399999999895e+02,1.000000000000000000e+01,3.290000000000000000e+02
6.031463999999999714e+01,3.021239999999999668e+02,1.601274200000000008e+02,1.700000000000000000e+01,3.260000000000000000e+02
9.610915999999998860e+01,6.084673999999999694e+01,1.411571199999999919e+02,1.600000000000000000e+01,3.360000000000000000e+02
1.027323599999999999e+02,1.553548399999999958e+02,7.837543999999999755e+01,1.000000000000000000e+00,7.820000000000000000e+02
6.912336000000000524e+01,2.841961400000000140e+02,1.343149600000000135e+02,1.500000000000000000e+01,4.030000000000000000e+02
1.243903600000000012e+02,2.714610999999999876e+02,1.603195199999999829e+02,1.100000000000000000e+01,7.620000000000000000e+02
1.392051800000000128e+02,1.502354599999999891e+02,1.046013399999999933e+02,4.000000000000000000e+00,5.100000000000000000e+01
8.063235999999999137e+01,3.958144000000000062e+01,1.787125000000000057e+02,2.100000000000000000e+01,1.140000000000000000e+03
5.480187999999998993e+01,3.161455999999999733e+01,1.800694399999999860e+02,2.200000000000000000e+01,6.180000000000000000e+02
1.117420199999999824e+02,5.869725999999999999e+01,1.542773799999999937e+02,2.100000000000000000e+01,3.510000000000000000e+02
1.516287799999999777e+02,1.555190599999999961e+02,1.023213000000000079e+02,2.000000000000000000e+00,1.020000000000000000e+02
9.680887999999998783e+01,8.695839999999999748e+01,1.233128999999999849e+02,1.800000000000000000e+01,5.700000000000000000e+01
1.749490399999999966e+02,1.756392400000000009e+02,1.286339000000000112e+02,6.000000000000000000e+00,1.010000000000000000e+02
4.816474000000000188e+01,3.074602999999999611e+02,1.837727199999999925e+02,2.000000000000000000e+01,3.250000000000000000e+02
9.317189999999999372e+01,1.674493200000000002e+02,6.540240000000000009e+01,5.000000000000000000e+00,9.660000000000000000e+02
1.335499599999999703e+02,2.112651199999999960e+02,1.152688399999999973e+02,3.000000000000000000e+00,7.020000000000000000e+02
1.191393999999999807e+02,2.223735999999999819e+02,1.179086000000000070e+02,3.000000000000000000e+00,7.940000000000000000e+02
1.068398999999999859e+02,2.568955000000000268e+02,1.361084600000000080e+02,1.200000000000000000e+01,6.200000000000000000e+01
1.132866400000000056e+02,1.779750400000000070e+02,6.331820000000000448e+01,5.000000000000000000e+00,2.730000000000000000e+02
1.176974600000000066e+02,1.891307799999999588e+02,8.929045999999999594e+01,0.000000000000000000e+00,9.720000000000000000e+02
1.129102599999999939e+02,1.247323999999999984e+02,1.124040000000000106e+02,4.000000000000000000e+00,8.270000000000000000e+02
9.055696000000000367e+01,2.341165199999999800e+02,1.123308999999999997e+02,1.200000000000000000e+01,1.116000000000000000e+03
9.643760000000000332e+01,9.145727999999999724e+01,1.211399599999999879e+02,1.800000000000000000e+01,1.030000000000000000e+02
1.489594400000000007e+02,1.815851600000000019e+02,1.018463199999999915e+02,2.000000000000000000e+00,8.800000000000000000e+02
9.821239999999999526e+00,1.679161400000000128e+02,9.193599999999999994e+00,1.400000000000000000e+01,1.087000000000000000e+03
7.249751999999999441e+01,4.239935999999999439e+01,1.654800400000000025e+02,2.200000000000000000e+01,4.300000000000000000e+02
1.188497199999999907e+02,1.452860799999999983e+02,9.979884000000001265e+01,4.000000000000000000e+00,7.080000000000000000e+02
5.006194000000000699e+01,3.054165600000000040e+02,1.778414199999999710e+02,2.000000000000000000e+01,4.800000000000000000e+01
1.931128599999999835e+02,1.755331600000000094e+02,1.370985400000000141e+02,6.000000000000000000e+00,8.230000000000000000e+02
1.168185600000000051e+02,1.577633999999999901e+02,5.997599999999999909e+01,1.000000000000000000e+00,8.180000000000000000e+02
1.363777399999999886e+02,7.840196000000000254e+01,1.548172999999999888e+02,1.300000000000000000e+01,8.880000000000000000e+02
1.084644199999999898e+02,1.672323999999999842e+02,8.485447999999999524e+01,1.000000000000000000e+00,2.360000000000000000e+02
9.323241999999999052e+01,1.628902599999999836e+02,7.110895999999999617e+01,5.000000000000000000e+00,8.650000000000000000e+02
1.092651199999999960e+02,1.042990799999999894e+02,1.243974999999999937e+02,1.800000000000000000e+01,4.620000000000000000e+02
1.570187999999999917e+01,3.284495200000000068e+02,2.029279799999999909e+02,2.000000000000000000e+01,1.108000000000000000e+03
8.009481999999999857e+01,2.558812800000000038e+02,1.219767000000000081e+02,1.200000000000000000e+01,8.300000000000000000e+02
6.421715999999999269e+01,3.353862000000000165e+01,1.810323199999999986e+02,2.200000000000000000e+01,3.040000000000000000e+02
7.384221999999999753e+01,6.992508000000000834e+01,1.286311800000000005e+02,1.900000000000000000e+01,4.210000000000000000e+02
2.458778000000000219e+01,3.241270999999999844e+02,1.999359799999999723e+02,2.000000000000000000e+01,1.044000000000000000e+03
1.232802599999999842e+02,1.017388800000000089e+02,1.324986799999999789e+02,8.000000000000000000e+00,9.070000000000000000e+02
1.004873399999999890e+02,9.443330000000000268e+01,1.228107199999999750e+02,1.800000000000000000e+01,1.600000000000000000e+02
5.994641999999999626e+01,3.800554000000000343e+01,1.617128399999999715e+02,2.200000000000000000e+01,4.400000000000000000e+01
6.594299999999999784e+01,3.020247200000000021e+02,1.830964600000000075e+02,1.700000000000000000e+01,8.140000000000000000e+02
9.610983999999999128e+01,2.443375999999999522e+02,1.217597800000000063e+02,1.200000000000000000e+01,5.570000000000000000e+02
1.019779000000000053e+02,1.712392999999999859e+02,5.890737999999998920e+01,5.000000000000000000e+00,1.100000000000000000e+02
1.425504400000000089e+02,1.158179400000000072e+02,1.299473199999999906e+02,8.000000000000000000e+00,8.600000000000000000e+01
9.291009999999999991e+01,1.757993799999999851e+02,6.004298000000000002e+01,5.000000000000000000e+00,5.610000000000000000e+02
1.386407799999999781e+02,1.636035799999999938e+02,9.105778000000000816e+01,0.000000000000000000e+00,2.650000000000000000e+02
1.081975199999999973e+02,5.549616000000000327e+01,1.585889200000000017e+02,2.100000000000000000e+01,3.080000000000000000e+02
1.452401800000000094e+02,1.647466599999999914e+02,9.562839999999999918e+01,0.000000000000000000e+00,1.630000000000000000e+02
1.405066999999999950e+02,2.053147800000000132e+02,1.155401599999999860e+02,3.000000000000000000e+00,3.530000000000000000e+02
1.238079399999999879e+02,2.651014000000000124e+02,1.525270600000000059e+02,1.100000000000000000e+01,1.850000000000000000e+02
4.971343999999999852e+01,1.684897199999999771e+02,3.808883999999999759e+01,1.400000000000000000e+01,2.370000000000000000e+02
8.631614000000000431e+01,2.432665999999999542e+02,1.142556399999999854e+02,1.200000000000000000e+01,8.930000000000000000e+02
1.402370799999999917e+02,1.012258199999999988e+02,1.441610200000000077e+02,8.000000000000000000e+00,5.600000000000000000e+02
1.381399599999999737e+02,1.455523000000000025e+02,1.076242799999999988e+02,4.000000000000000000e+00,7.400000000000000000e+01
1.169946800000000025e+02,1.005774400000000099e+02,1.304916599999999960e+02,8.000000000000000000e+00,5.270000000000000000e+02
9.435952000000000339e+01,2.910301399999999603e+02,1.774303600000000074e+02,1.700000000000000000e+01,9.440000000000000000e+02
1.124781200000000041e+02,6.540818000000000154e+01,1.499913399999999797e+02,1.300000000000000000e+01,8.010000000000000000e+02
1.687855199999999911e+02,1.811598200000000247e+02,1.671038799999999753e+02,1.000000000000000000e+01,7.140000000000000000e+02
1.543069600000000037e+02,1.840311199999999872e+02,1.007124200000000087e+02,2.000000000000000000e+00,1.143000000000000000e+03
1.329940599999999904e+02,8.742521999999999593e+01,1.469428999999999803e+02,1.300000000000000000e+01,3.100000000000000000e+01
1.302716799999999751e+02,1.780600400000000150e+02,7.417541999999998836e+01,0.000000000000000000e+00,9.570000000000000000e+02
7.942875999999999692e+01,1.641302400000000148e+02,5.167320000000000135e+01,9.000000000000000000e+00,2.430000000000000000e+02
1.413556800000000067e+02,2.010981000000000165e+02,1.105717399999999913e+02,3.000000000000000000e+00,1.430000000000000000e+02
5.457815999999999690e+01,1.683084999999999809e+02,3.490848000000000440e+01,1.400000000000000000e+01,6.100000000000000000e+01
1.190737799999999993e+02,1.826082199999999887e+02,5.432519999999999527e+01,5.000000000000000000e+00,5.080000000000000000e+02
1.539985800000000040e+02,1.630010999999999797e+02,9.321779999999999688e+01,2.000000000000000000e+00,2.870000000000000000e+02
8.499591999999999814e+01,4.200462000000000273e+01,1.768809199999999748e+02,2.100000000000000000e+01,9.910000000000000000e+02
6.036700000000000443e+01,3.035567599999999970e+02,1.832433399999999892e+02,2.000000000000000000e+01,4.200000000000000000e+01
6.663285999999999376e+01,5.579093999999999198e+01,1.254229399999999970e+02,1.900000000000000000e+01,1.053000000000000000e+03
1.312440800000000252e+02,1.667237599999999986e+02,7.544973999999999137e+01,1.000000000000000000e+00,4.930000000000000000e+02
1.905897199999999998e+02,1.724160399999999811e+02,1.502772799999999904e+02,6.000000000000000000e+00,8.830000000000000000e+02
7.062037999999999727e+01,4.659359999999999502e+01,1.489230599999999924e+02,1.900000000000000000e+01,5.860000000000000000e+02
7.753189999999999316e+01,2.794035000000000082e+02,1.381270399999999938e+02,1.500000000000000000e+01,6.340000000000000000e+02
7.570745999999999754e+01,2.902297800000000052e+02,1.532784600000000239e+02,1.500000000000000000e+01,7.900000000000000000e+02
1.824569199999999682e+02,1.635668599999999913e+02,1.462030599999999652e+02,6.000000000000000000e+00,5.920000000000000000e+02
2.011603199999999561e+02,1.700044200000000103e+02,1.385656400000000019e+02,6.000000000000000000e+00,1.028000000000000000e+03
1.403193600000000174e+02,1.554969599999999730e+02,6.004604000000000497e+01,1.000000000000000000e+00,1.130000000000000000e+03
1.014491999999999905e+02,2.640273399999999810e+02,1.432270399999999881e+02,1.100000000000000000e+01,7.550000000000000000e+02
8.636985999999998853e+01,4.690265999999999025e+01,1.644121000000000095e+02,2.100000000000000000e+01,8.570000000000000000e+02
1.457617400000000032e+02,1.842075799999999788e+02,9.841231999999999402e+01,0.000000000000000000e+00,1.089000000000000000e+03
1.290928999999999860e+02,6.065736000000000416e+01,1.643757199999999727e+02,1.300000000000000000e+01,5.660000000000000000e+02
8.276279999999999859e+01,6.757432000000000016e+01,1.336067400000000021e+02,1.600000000000000000e+01,6.280000000000000000e+02
1.237290599999999756e+02,1.491083600000000047e+02,9.835554000000000485e+01,4.000000000000000000e+00,5.210000000000000000e+02
1.100889399999999938e+02,1.725921600000000069e+02,9.333577999999999975e+01,1.000000000000000000e+00,2.120000000000000000e+02
1.230793199999999814e+02,1.839685599999999965e+02,4.458147999999999911e+01,5.000000000000000000e+00,9.490000000000000000e+02
9.210293999999998960e+01,2.472966199999999617e+02,1.205181000000000040e+02,1.200000000000000000e+01,6.980000000000000000e+02
1.096659799999999905e+02,8.686830000000000496e+01,1.326543999999999812e+02,1.600000000000000000e+01,3.950000000000000000e+02
9.357344000000000506e+01,1.015410000000000110e+02,1.147989600000000081e+02,1.800000000000000000e+01,3.670000000000000000e+02
2.020313999999999908e+02,1.750095600000000218e+02,1.369526799999999866e+02,6.000000000000000000e+00,1.013000000000000000e+03
1.055220599999999962e+02,2.199075800000000243e+02,1.111810199999999895e+02,3.000000000000000000e+00,1.076000000000000000e+03
6.848552000000000817e+01,1.669396600000000035e+02,6.192623999999999995e+01,9.000000000000000000e+00,1.450000000000000000e+02
1.490243800000000078e+02,1.455985399999999856e+02,1.130200799999999930e+02,4.000000000000000000e+00,3.760000000000000000e+02
9.546553999999999007e+01,2.934172800000000052e+02,1.815922999999999945e+02,1.700000000000000000e+01,1.016000000000000000e+03
1.180690799999999854e+02,2.263233800000000144e+02,1.207571199999999862e+02,3.000000000000000000e+00,8.400000000000000000e+02
1.978633399999999938e+02,1.713678199999999947e+02,1.337927200000000028e+02,6.000000000000000000e+00,1.066000000000000000e+03
6.317981999999999942e+01,3.005276999999999816e+02,1.668006000000000029e+02,1.700000000000000000e+01,3.570000000000000000e+02
1.468154000000000110e+02,1.712794199999999591e+02,8.633075999999998373e+01,0.000000000000000000e+00,1.034000000000000000e+03
1.192767600000000101e+02,1.487822999999999922e+02,9.642739999999999156e+01,4.000000000000000000e+00,5.710000000000000000e+02
1.223809599999999875e+02,1.957254200000000139e+02,9.838920000000000243e+01,3.000000000000000000e+00,6.920000000000000000e+02
7.187124000000000024e+01,1.698952799999999854e+02,5.285538000000000380e+01,9.000000000000000000e+00,3.730000000000000000e+02
5.082489999999999952e+01,3.526480000000000103e+01,1.657255199999999888e+02,2.200000000000000000e+01,1.930000000000000000e+02
1.163571800000000138e+02,2.513861399999999833e+02,1.398753199999999879e+02,7.000000000000000000e+00,9.980000000000000000e+02
1.760305799999999863e+02,1.852452600000000018e+02,1.559855399999999861e+02,1.000000000000000000e+01,6.660000000000000000e+02
1.193957599999999957e+02,9.728318000000001575e+01,1.338902999999999963e+02,8.000000000000000000e+00,5.560000000000000000e+02
1.240959199999999782e+02,2.567516800000000217e+02,1.482372799999999700e+02,1.100000000000000000e+01,4.120000000000000000e+02
1.269906799999999976e+02,1.948308799999999792e+02,9.979306000000001120e+01,3.000000000000000000e+00,7.540000000000000000e+02
1.061146799999999928e+02,1.825881599999999878e+02,5.400389999999999446e+01,5.000000000000000000e+00,7.160000000000000000e+02
1.663392199999999832e+02,1.676335999999999729e+02,1.046231000000000080e+02,2.000000000000000000e+00,3.520000000000000000e+02
1.807042200000000207e+02,1.710696399999999926e+02,1.466222799999999893e+02,6.000000000000000000e+00,3.990000000000000000e+02
1.300785599999999818e+02,2.310735200000000020e+02,1.298701399999999921e+02,7.000000000000000000e+00,3.050000000000000000e+02
9.167862000000000933e+01,9.687620000000001141e+01,1.154024600000000049e+02,1.800000000000000000e+01,2.830000000000000000e+02
1.238450000000000131e+02,2.300477399999999477e+02,1.263453599999999852e+02,7.000000000000000000e+00,5.250000000000000000e+02
1.286488600000000133e+02,1.564564400000000148e+02,7.122149999999999181e+01,1.000000000000000000e+00,8.380000000000000000e+02
1.387594399999999837e+02,1.193233400000000017e+02,1.245008599999999888e+02,8.000000000000000000e+00,8.000000000000000000e+00
1.197194399999999916e+02,2.750205599999999890e+02,1.598207400000000007e+02,1.100000000000000000e+01,7.310000000000000000e+02
7.844003999999999621e+01,1.674312999999999931e+02,6.081749999999999545e+01,9.000000000000000000e+00,7.700000000000000000e+01
1.439573599999999942e+02,2.625384799999999359e+02,1.629977000000000089e+02,1.100000000000000000e+01,9.700000000000000000e+01
1.044673799999999915e+02,1.682551199999999767e+02,6.190073999999999899e+01,5.000000000000000000e+00,3.800000000000000000e+01
1.574964999999999975e+02,1.758500400000000070e+02,9.979612000000000194e+01,2.000000000000000000e+00,8.700000000000000000e+02
6.420933999999999742e+01,3.823436000000000234e+01,1.717945200000000057e+02,2.200000000000000000e+01,1.540000000000000000e+02
8.594553999999999405e+01,2.669329800000000432e+02,1.383898599999999988e+02,1.500000000000000000e+01,3.700000000000000000e+02
5.322597999999999274e+01,3.068496600000000285e+02,1.853829599999999687e+02,2.000000000000000000e+01,9.400000000000000000e+01
1.049308000000000050e+02,8.206341999999999359e+01,1.316908399999999801e+02,1.600000000000000000e+01,5.050000000000000000e+02
1.217567200000000014e+02,1.654871799999999951e+02,8.929080000000000439e+01,1.000000000000000000e+00,9.200000000000000000e+02
1.443497199999999907e+02,1.431393199999999979e+02,1.097156200000000013e+02,4.000000000000000000e+00,1.220000000000000000e+02
8.943121999999999616e+01,2.925679599999999709e+02,1.772158199999999795e+02,1.700000000000000000e+01,8.990000000000000000e+02
9.464885999999998489e+01,5.417152000000000100e+01,1.492052599999999813e+02,2.100000000000000000e+01,1.700000000000000000e+01
9.231713999999999487e+01,9.218827999999999179e+01,1.178487599999999986e+02,1.800000000000000000e+01,1.620000000000000000e+02
1.455591000000000008e+02,1.637817400000000134e+02,1.004468799999999931e+02,0.000000000000000000e+00,1.300000000000000000e+02
1.052075599999999866e+02,1.637501199999999812e+02,6.990671999999999287e+01,1.000000000000000000e+00,9.940000000000000000e+02
6.254027999999998855e+01,6.047818000000000183e+01,1.227410200000000060e+02,1.900000000000000000e+01,8.470000000000000000e+02
6.673893999999999949e+01,2.913711599999999748e+02,1.469643200000000149e+02,1.500000000000000000e+01,9.520000000000000000e+02
1.361067599999999800e+02,1.161453600000000108e+02,1.281187999999999931e+02,8.000000000000000000e+00,5.300000000000000000e+01
8.282399999999999807e+01,2.533271999999999764e+02,1.179629999999999939e+02,1.200000000000000000e+01,9.250000000000000000e+02
1.535518199999999922e+02,1.759578199999999981e+02,1.073594200000000143e+02,2.000000000000000000e+00,7.670000000000000000e+02
1.353322400000000130e+02,1.668526200000000017e+02,7.885721999999999809e+01,0.000000000000000000e+00,3.630000000000000000e+02
1.338413400000000024e+02,9.208492000000001099e+01,1.440426999999999964e+02,8.000000000000000000e+00,7.590000000000000000e+02
1.071601799999999969e+02,1.804379999999999598e+02,6.072671999999999315e+01,5.000000000000000000e+00,7.100000000000000000e+02
7.365521999999999991e+01,2.503725999999999772e+02,1.098556999999999846e+02,1.200000000000000000e+01,1.082000000000000000e+03
1.214891400000000061e+02,1.588585400000000050e+02,8.180875999999999237e+01,1.000000000000000000e+00,7.360000000000000000e+02
9.874926000000000670e+01,2.377925999999999647e+02,1.201043200000000013e+02,1.200000000000000000e+01,3.960000000000000000e+02
1.463366800000000012e+02,1.687501599999999939e+02,1.039033199999999937e+02,2.000000000000000000e+00,9.600000000000000000e+02
1.436771999999999991e+02,8.256151999999998736e+01,1.534379200000000196e+02,1.300000000000000000e+01,2.450000000000000000e+02
1.184760600000000039e+02,1.784500199999999950e+02,7.670127999999998281e+01,1.000000000000000000e+00,1.780000000000000000e+02
1.430084200000000010e+02,1.779325399999999888e+02,8.477899999999999636e+01,0.000000000000000000e+00,9.240000000000000000e+02
1.394360400000000197e+02,1.418184200000000033e+02,1.107464999999999833e+02,4.000000000000000000e+00,8.200000000000000000e+01
1.337084000000000117e+02,1.496812599999999804e+02,1.029472399999999936e+02,4.000000000000000000e+00,4.500000000000000000e+01
1.367966199999999901e+02,1.529445800000000020e+02,1.011190599999999904e+02,4.000000000000000000e+00,2.800000000000000000e+01
1.344604799999999898e+02,7.255701999999999430e+01,1.566536399999999958e+02,1.300000000000000000e+01,8.720000000000000000e+02
1.347481200000000001e+02,2.654896800000000212e+02,1.604748999999999910e+02,1.100000000000000000e+01,1.090000000000000000e+02
1.279294199999999933e+02,9.237731999999999744e+01,1.411799000000000035e+02,8.000000000000000000e+00,1.118000000000000000e+03
1.370233999999999810e+02,9.583138000000001000e+01,1.428346799999999917e+02,8.000000000000000000e+00,5.740000000000000000e+02
1.710658999999999992e+02,1.860568399999999940e+02,1.529489999999999839e+02,1.000000000000000000e+01,9.560000000000000000e+02
7.984933999999999799e+01,2.897405200000000036e+02,1.563387999999999920e+02,1.700000000000000000e+01,2.010000000000000000e+02
1.402567999999999984e+02,2.371234799999999723e+02,1.365001400000000160e+02,7.000000000000000000e+00,2.950000000000000000e+02
1.138744999999999976e+02,1.560705399999999941e+02,7.652039999999999509e+01,1.000000000000000000e+00,5.980000000000000000e+02
7.030621999999999616e+01,2.996097000000000321e+02,1.808337599999999838e+02,1.700000000000000000e+01,5.770000000000000000e+02
1.268509399999999943e+02,1.220871999999999957e+02,1.197755399999999923e+02,4.000000000000000000e+00,5.480000000000000000e+02
1.612405800000000227e+02,1.693713400000000036e+02,9.700641999999999143e+01,2.000000000000000000e+00,3.110000000000000000e+02
1.166788200000000018e+02,1.537952599999999848e+02,7.181071999999998923e+01,1.000000000000000000e+00,5.870000000000000000e+02
6.595864000000000260e+01,1.739926199999999881e+02,5.188060000000000116e+01,9.000000000000000000e+00,9.090000000000000000e+02
1.341908599999999865e+02,6.238626000000000005e+01,1.649826199999999972e+02,1.300000000000000000e+01,5.850000000000000000e+02
7.244516000000000133e+01,5.582527999999999935e+01,1.296746400000000108e+02,1.900000000000000000e+01,6.200000000000000000e+02
1.070636199999999860e+02,1.546367600000000095e+02,6.067436000000000007e+01,1.000000000000000000e+00,6.890000000000000000e+02
9.098026000000000124e+01,2.559860000000000184e+02,1.252321999999999917e+02,1.200000000000000000e+01,4.430000000000000000e+02
1.566723399999999913e+02,1.592549799999999891e+02,1.033344999999999914e+02,2.000000000000000000e+00,1.770000000000000000e+02
1.035191200000000151e+02,5.408039999999999736e+01,1.576668400000000076e+02,2.100000000000000000e+01,2.880000000000000000e+02
1.072227400000000017e+02,7.765294000000000096e+01,1.393336999999999932e+02,1.600000000000000000e+01,1.570000000000000000e+02
1.830753799999999671e+02,1.758204599999999971e+02,1.408885199999999998e+02,6.000000000000000000e+00,2.020000000000000000e+02
1.436282400000000052e+02,2.729560799999999858e+02,1.720818199999999933e+02,1.100000000000000000e+01,4.020000000000000000e+02
9.625910000000000366e+01,1.749792999999999950e+02,8.250575999999999510e+01,5.000000000000000000e+00,9.470000000000000000e+02
4.496941999999999240e+01,1.665411799999999971e+02,2.976461999999999364e+01,1.400000000000000000e+01,4.740000000000000000e+02
2.254675999999999902e+01,1.654810600000000136e+02,1.719277999999999906e+01,1.400000000000000000e+01,9.510000000000000000e+02
1.446444999999999936e+02,6.404851999999999634e+01,1.689939400000000091e+02,1.300000000000000000e+01,1.145000000000000000e+03
1.250554000000000201e+02,1.567610799999999927e+02,9.117575999999999681e+01,1.000000000000000000e+00,9.680000000000000000e+02
1.376333600000000104e+02,8.895794000000000779e+01,1.479486200000000053e+02,1.300000000000000000e+01,7.200000000000000000e+01
9.249087999999998999e+01,6.614802000000000248e+01,1.389943799999999783e+02,1.600000000000000000e+01,6.930000000000000000e+02
9.929563999999997748e+01,2.679074200000000019e+02,1.455597799999999893e+02,1.100000000000000000e+01,7.720000000000000000e+02
1.056019599999999912e+02,5.658823999999999899e+01,1.534107199999999978e+02,2.100000000000000000e+01,2.630000000000000000e+02
1.266527199999999880e+02,1.174410999999999916e+02,1.229575999999999993e+02,8.000000000000000000e+00,3.230000000000000000e+02
1.193457800000000049e+02,1.693954799999999921e+02,6.753963999999999146e+01,1.000000000000000000e+00,4.250000000000000000e+02
1.323116799999999955e+02,1.612647199999999827e+02,8.377158000000000015e+01,0.000000000000000000e+00,3.210000000000000000e+02
1.528109599999999944e+02,1.667883599999999831e+02,8.994529999999998893e+01,0.000000000000000000e+00,2.570000000000000000e+02
5.974378000000000100e+01,2.904473800000000097e+02,1.390062800000000038e+02,1.500000000000000000e+01,1.138000000000000000e+03
1.240915000000000106e+02,1.451443000000000154e+02,1.026102999999999952e+02,4.000000000000000000e+00,4.770000000000000000e+02
1.486639799999999809e+02,1.773813999999999851e+02,1.047465200000000038e+02,2.000000000000000000e+00,8.740000000000000000e+02
1.074080399999999997e+02,2.889945599999999786e+02,1.796036399999999844e+02,1.100000000000000000e+01,1.096000000000000000e+03
1.165594800000000077e+02,2.451413599999999633e+02,1.358643399999999986e+02,7.000000000000000000e+00,1.099000000000000000e+03
5.470940000000000225e+01,3.470855999999999852e+01,1.736281399999999735e+02,2.200000000000000000e+01,1.760000000000000000e+02
4.555694000000000443e+01,3.304391999999999996e+01,1.594304199999999980e+02,2.200000000000000000e+01,1.330000000000000000e+02
1.059793599999999856e+02,1.855332400000000064e+02,6.295337999999999568e+01,5.000000000000000000e+00,6.970000000000000000e+02
1.182968799999999874e+02,2.005245199999999954e+02,1.012417999999999836e+02,3.000000000000000000e+00,4.720000000000000000e+02
1.135038999999999874e+02,2.004150400000000047e+02,9.871899999999999409e+01,3.000000000000000000e+00,5.220000000000000000e+02
1.204752600000000058e+02,2.598926000000000158e+02,1.473665399999999863e+02,1.100000000000000000e+01,3.690000000000000000e+02
5.096089999999999520e+01,3.477383999999999986e+01,1.593569799999999645e+02,2.200000000000000000e+01,1.110000000000000000e+02
5.934734000000000265e+01,3.916120000000000090e+01,1.502524600000000135e+02,1.900000000000000000e+01,6.640000000000000000e+02
7.047927999999998860e+01,4.067691999999999553e+01,1.566821999999999946e+02,1.900000000000000000e+01,8.690000000000000000e+02
1.365283599999999922e+02,2.015268399999999929e+02,1.092297599999999846e+02,3.000000000000000000e+00,1.480000000000000000e+02
8.842073999999999501e+01,1.632469200000000171e+02,6.931171999999999400e+01,5.000000000000000000e+00,9.330000000000000000e+02
5.646244000000000085e+01,2.879776199999999449e+02,1.319016400000000147e+02,1.500000000000000000e+01,6.230000000000000000e+02
1.444054800000000114e+02,1.526885599999999954e+02,1.045581600000000009e+02,2.000000000000000000e+00,5.400000000000000000e+01
1.765718600000000151e+02,1.656310000000000002e+02,1.595582599999999900e+02,1.000000000000000000e+01,5.760000000000000000e+02
7.806434000000000140e+01,6.715816000000000940e+01,1.310411000000000001e+02,1.900000000000000000e+01,3.180000000000000000e+02
9.410281999999999414e+01,1.713008399999999938e+02,5.650936000000000092e+01,5.000000000000000000e+00,6.390000000000000000e+02
9.290534000000000958e+01,8.033180000000000121e+01,1.305416400000000010e+02,1.600000000000000000e+01,6.900000000000000000e+02
6.373707999999999174e+01,2.768331000000000017e+02,1.305144400000000076e+02,1.500000000000000000e+01,3.220000000000000000e+02
1.136976999999999975e+02,1.810166800000000080e+02,5.295398000000000138e+01,5.000000000000000000e+00,6.220000000000000000e+02
1.160814399999999864e+02,1.549703000000000088e+02,6.691267999999999461e+01,1.000000000000000000e+00,5.470000000000000000e+02
4.775333999999999435e+01,1.649598400000000140e+02,3.393404000000000309e+01,1.400000000000000000e+01,4.460000000000000000e+02
1.897305400000000191e+02,1.785023799999999881e+02,1.417191399999999817e+02,6.000000000000000000e+00,6.330000000000000000e+02
7.235302000000000078e+01,2.882761399999999981e+02,1.444054800000000114e+02,1.500000000000000000e+01,9.710000000000000000e+02
1.081934399999999954e+02,7.197017999999999915e+01,1.451058799999999849e+02,1.600000000000000000e+01,5.600000000000000000e+01
9.169425999999999988e+01,2.905966399999999794e+02,1.710835800000000120e+02,1.700000000000000000e+01,9.030000000000000000e+02
7.760330000000000439e+01,5.794926000000000244e+01,1.310941399999999817e+02,1.900000000000000000e+01,4.950000000000000000e+02
7.767538000000000409e+01,2.958632400000000189e+02,1.660934000000000026e+02,1.700000000000000000e+01,4.230000000000000000e+02
1.247205000000000155e+02,1.833881800000000055e+02,3.704742000000000246e+01,5.000000000000000000e+00,9.960000000000000000e+02
6.482814000000000476e+01,3.934751999999999583e+01,1.601063399999999888e+02,2.200000000000000000e+01,4.470000000000000000e+02
1.781824400000000139e+02,1.699792600000000107e+02,1.372858799999999917e+02,6.000000000000000000e+00,5.180000000000000000e+02
9.880943999999999505e+01,1.823562799999999982e+02,7.328326000000001272e+01,5.000000000000000000e+00,4.680000000000000000e+02
1.120378199999999964e+02,1.862026999999999930e+02,6.342054000000000258e+01,5.000000000000000000e+00,9.100000000000000000e+02
7.470344000000000051e+01,9.232836000000000354e+01,1.059110199999999935e+02,1.800000000000000000e+01,9.500000000000000000e+02
1.116396799999999985e+02,2.859862400000000093e+02,1.767857199999999978e+02,1.100000000000000000e+01,1.055000000000000000e+03
1.418095800000000111e+02,1.073141999999999996e+02,1.329899800000000027e+02,8.000000000000000000e+00,2.940000000000000000e+02
1.130159999999999769e+02,2.551074399999999969e+02,1.395145799999999952e+02,7.000000000000000000e+00,1.045000000000000000e+03
1.154575400000000087e+02,2.409185600000000136e+02,1.318581199999999853e+02,7.000000000000000000e+00,1.121000000000000000e+03
1.104330199999999991e+02,1.530860199999999907e+02,7.237851999999999464e+01,1.000000000000000000e+00,7.070000000000000000e+02
8.519821999999999207e+01,1.646837599999999782e+02,5.403314000000000306e+01,9.000000000000000000e+00,2.300000000000000000e+02
1.630408800000000156e+02,1.639921999999999969e+02,1.053551199999999994e+02,2.000000000000000000e+00,3.650000000000000000e+02
4.570314000000000476e+01,3.052489400000000046e+02,1.565910800000000052e+02,2.000000000000000000e+01,6.520000000000000000e+02
1.475739399999999932e+02,1.470353800000000035e+02,1.076637199999999979e+02,4.000000000000000000e+00,2.790000000000000000e+02
5.378119999999999123e+01,1.660746999999999787e+02,3.924586000000000041e+01,1.400000000000000000e+01,2.260000000000000000e+02
1.084973999999999990e+02,1.322623800000000074e+02,1.068994000000000000e+02,4.000000000000000000e+00,1.057000000000000000e+03
1.169736000000000047e+02,1.806906199999999956e+02,6.134109999999999729e+01,5.000000000000000000e+00,3.140000000000000000e+02
1.949185999999999908e+01,1.695212799999999902e+02,1.591131999999999991e+01,1.400000000000000000e+01,9.840000000000000000e+02
1.930594800000000077e+02,1.781004999999999825e+02,1.463193399999999826e+02,6.000000000000000000e+00,5.120000000000000000e+02
1.582740799999999979e+02,1.726914400000000001e+02,9.217468000000000927e+01,2.000000000000000000e+00,3.410000000000000000e+02
6.581821999999999662e+01,1.773562400000000139e+02,4.573850000000000193e+01,9.000000000000000000e+00,8.250000000000000000e+02
3.798921999999999599e+01,3.126038199999999847e+02,1.880835799999999836e+02,2.000000000000000000e+01,7.710000000000000000e+02
1.354138400000000217e+02,2.382264399999999682e+02,1.381402999999999963e+02,7.000000000000000000e+00,3.330000000000000000e+02
9.652531999999999357e+01,1.748212000000000046e+02,6.621160000000000423e+01,5.000000000000000000e+00,6.270000000000000000e+02
8.454847999999999786e+01,5.373767999999999745e+01,1.419129399999999919e+02,1.900000000000000000e+01,6.600000000000000000e+01
1.412529999999999752e+01,1.668719999999999857e+02,1.190986000000000011e+01,1.400000000000000000e+01,1.029000000000000000e+03
1.778057200000000080e+02,1.831899599999999850e+02,1.489546799999999962e+02,1.000000000000000000e+01,2.660000000000000000e+02
1.162494000000000085e+02,9.251127999999999929e+01,1.350299799999999948e+02,8.000000000000000000e+00,6.460000000000000000e+02
6.484752000000000294e+01,1.698616199999999878e+02,5.558523999999999177e+01,9.000000000000000000e+00,9.270000000000000000e+02
5.758239999999999981e+01,3.074266400000000203e+02,1.878700599999999952e+02,2.000000000000000000e+01,2.200000000000000000e+02
1.384095800000000054e+02,2.267327400000000353e+02,1.334095399999999927e+02,7.000000000000000000e+00,1.120000000000000000e+02
1.399416200000000003e+02,1.544997400000000027e+02,5.499873999999999086e+01,1.000000000000000000e+00,1.134000000000000000e+03
6.384961999999999449e+01,1.652821600000000046e+02,6.027689999999999770e+01,9.000000000000000000e+00,2.030000000000000000e+02
6.652711999999999648e+01,1.681891599999999869e+02,4.878762000000000398e+01,9.000000000000000000e+00,6.730000000000000000e+02
1.365314199999999971e+02,2.058958399999999926e+02,1.123825799999999902e+02,3.000000000000000000e+00,2.680000000000000000e+02
1.701822399999999789e+02,1.766099400000000230e+02,1.226213400000000036e+02,2.000000000000000000e+00,6.090000000000000000e+02
1.305253199999999936e+02,1.547074799999999755e+02,9.606325999999998544e+01,0.000000000000000000e+00,4.600000000000000000e+01
8.364305999999999131e+01,1.015008799999999951e+02,1.076304000000000087e+02,1.800000000000000000e+01,8.000000000000000000e+02
6.780042000000000257e+01,2.991088799999999424e+02,1.660638199999999927e+02,1.700000000000000000e+01,2.610000000000000000e+02
7.134050000000000580e+01,4.050827999999999918e+01,1.720328599999999710e+02,2.200000000000000000e+01,2.900000000000000000e+02
1.845397600000000011e+02,1.817735199999999907e+02,1.517865400000000022e+02,1.000000000000000000e+01,1.440000000000000000e+02
1.699323399999999822e+02,1.705089799999999798e+02,1.691486400000000003e+02,1.000000000000000000e+01,8.210000000000000000e+02
1.198421799999999990e+02,1.853285600000000102e+02,5.884550000000000125e+01,5.000000000000000000e+00,4.400000000000000000e+02
1.041749799999999908e+02,1.690102599999999882e+02,7.569385999999998660e+01,1.000000000000000000e+00,1.001000000000000000e+03
8.248366000000000042e+01,2.764675999999999476e+02,1.403594800000000191e+02,1.500000000000000000e+01,3.150000000000000000e+02
1.445237999999999943e+02,1.023757000000000090e+02,1.413906999999999812e+02,8.000000000000000000e+00,6.670000000000000000e+02
1.280477399999999761e+02,6.818156000000000461e+01,1.574237399999999809e+02,1.300000000000000000e+01,4.800000000000000000e+02
1.408507799999999861e+02,1.868133400000000108e+02,8.968689999999999429e+01,0.000000000000000000e+00,8.330000000000000000e+02
7.712356000000001188e+01,4.391848000000000241e+01,1.643699399999999855e+02,2.100000000000000000e+01,1.085000000000000000e+03
1.197714600000000047e+02,1.574594400000000292e+02,8.777303999999999462e+01,1.000000000000000000e+00,9.260000000000000000e+02
8.738441999999999155e+01,6.593280000000000030e+01,1.361982199999999921e+02,1.600000000000000000e+01,7.650000000000000000e+02
1.251155800000000085e+02,8.167445999999999628e+01,1.460323800000000176e+02,1.300000000000000000e+01,4.300000000000000000e+01
1.448233400000000017e+02,1.936537999999999897e+02,1.062965799999999916e+02,3.000000000000000000e+00,2.000000000000000000e+00
8.744289999999999452e+01,8.064459999999999695e+01,1.282979799999999955e+02,1.600000000000000000e+01,7.830000000000000000e+02
1.418432400000000086e+02,6.657030000000000314e+01,1.653426800000000014e+02,1.300000000000000000e+01,1.120000000000000000e+03
1.694430800000000090e+02,1.720063400000000229e+02,1.037543999999999897e+02,2.000000000000000000e+00,3.720000000000000000e+02
6.326787999999999812e+01,1.707707800000000020e+02,3.860972000000000293e+01,9.000000000000000000e+00,1.048000000000000000e+03
8.817389999999998906e+01,1.771954200000000128e+02,5.839635999999999427e+01,5.000000000000000000e+00,6.300000000000000000e+02
9.430885999999999569e+01,2.506398400000000208e+02,1.238776400000000137e+02,1.200000000000000000e+01,7.350000000000000000e+02
8.879779999999999518e+01,2.772876799999999662e+02,1.437975600000000043e+02,1.500000000000000000e+01,7.580000000000000000e+02
1.048995200000000096e+02,1.794900800000000061e+02,7.280419999999999447e+01,5.000000000000000000e+00,2.760000000000000000e+02
1.168042799999999914e+02,1.829162599999999941e+02,4.425746000000000180e+01,5.000000000000000000e+00,9.160000000000000000e+02
1.093902399999999915e+02,2.227373999999999796e+02,1.142971200000000067e+02,3.000000000000000000e+00,1.011000000000000000e+03
1.098057199999999938e+02,2.782991799999999785e+02,1.550144999999999982e+02,1.100000000000000000e+01,4.730000000000000000e+02
1.302169399999999939e+02,2.519998399999999776e+02,1.474471199999999840e+02,7.000000000000000000e+00,8.120000000000000000e+02
1.200322400000000016e+02,1.532016199999999913e+02,6.452417999999998699e+01,1.000000000000000000e+00,5.830000000000000000e+02
7.807590000000000430e+01,8.428361999999999910e+01,1.195919400000000081e+02,1.800000000000000000e+01,1.117000000000000000e+03
1.290830400000000111e+02,1.647833799999999940e+02,8.095434000000000196e+01,1.000000000000000000e+00,6.310000000000000000e+02
1.420166400000000237e+02,1.350656799999999862e+02,1.183747399999999885e+02,4.000000000000000000e+00,3.310000000000000000e+02
1.486908399999999801e+02,1.511551599999999951e+02,1.116546400000000148e+02,2.000000000000000000e+00,1.140000000000000000e+02
1.111419199999999989e+02,1.849487799999999709e+02,4.395825999999999567e+01,5.000000000000000000e+00,8.530000000000000000e+02
7.504650000000000887e+01,1.790385600000000181e+02,5.084394000000000347e+01,9.000000000000000000e+00,5.840000000000000000e+02
1.267261599999999930e+02,1.859160799999999938e+02,7.591485999999999024e+01,0.000000000000000000e+00,9.360000000000000000e+02
8.385045999999999822e+01,4.519483999999999213e+01,1.694304999999999950e+02,2.100000000000000000e+01,9.350000000000000000e+02
1.806117399999999975e+02,1.621293400000000133e+02,1.534630799999999908e+02,1.000000000000000000e+01,6.800000000000000000e+02
7.609302000000000987e+01,3.714023999999999859e+01,1.804992000000000019e+02,2.200000000000000000e+01,6.120000000000000000e+02
9.341567999999999472e+01,1.675832800000000020e+02,7.433386000000000138e+01,5.000000000000000000e+00,7.640000000000000000e+02
1.347025600000000054e+02,1.728267600000000073e+02,7.536915999999999372e+01,0.000000000000000000e+00,3.870000000000000000e+02
1.328213399999999922e+02,1.435765600000000006e+02,1.072839400000000012e+02,4.000000000000000000e+00,3.460000000000000000e+02
1.171639999999999837e+01,3.309022800000000188e+02,2.050244200000000205e+02,2.000000000000000000e+01,1.115000000000000000e+03
1.550474799999999789e+02,1.799045399999999972e+02,9.271935999999999467e+01,2.000000000000000000e+00,9.700000000000000000e+02
8.002002000000000237e+01,1.786927799999999991e+02,5.328003999999999962e+01,9.000000000000000000e+00,6.500000000000000000e+02
1.310251199999999869e+02,1.828013399999999820e+02,7.710281999999999414e+01,0.000000000000000000e+00,8.980000000000000000e+02
1.152650999999999897e+02,1.570969999999999800e+02,5.170482000000000511e+01,5.000000000000000000e+00,1.470000000000000000e+02
1.389328399999999988e+02,2.469851800000000139e+02,1.470047799999999825e+02,7.000000000000000000e+00,8.510000000000000000e+02
8.710323999999999955e+01,5.236238000000000170e+01,1.468745600000000024e+02,1.900000000000000000e+01,7.000000000000000000e+01
1.150298199999999866e+02,1.841001400000000103e+02,8.327347999999999217e+01,1.000000000000000000e+00,2.500000000000000000e+01
1.928201200000000028e+02,1.695705800000000067e+02,1.381559400000000153e+02,6.000000000000000000e+00,5.320000000000000000e+02
6.197485999999999251e+01,1.726533599999999922e+02,4.508195999999999515e+01,9.000000000000000000e+00,8.940000000000000000e+02
7.799157999999999902e+01,2.862276400000000081e+02,1.447958000000000141e+02,1.500000000000000000e+01,6.840000000000000000e+02
9.489705999999999619e+01,2.332488399999999729e+02,1.149339399999999927e+02,1.200000000000000000e+01,1.131000000000000000e+03
1.415695399999999893e+02,2.665685000000000286e+02,1.668223599999999749e+02,1.100000000000000000e+01,2.480000000000000000e+02
1.296164999999999736e+02,2.728173599999999510e+02,1.638514399999999966e+02,1.100000000000000000e+01,2.410000000000000000e+02
8.329251999999999612e+01,2.587457800000000248e+02,1.282377999999999929e+02,1.200000000000000000e+01,5.880000000000000000e+02
8.588059999999998695e+01,2.560196599999999876e+02,1.238623399999999890e+02,1.200000000000000000e+01,5.090000000000000000e+02
7.400575999999999510e+01,2.532211199999999849e+02,1.152858400000000074e+02,1.200000000000000000e+01,1.017000000000000000e+03
1.235036400000000043e+02,1.558301600000000064e+02,7.098214000000000112e+01,1.000000000000000000e+00,9.890000000000000000e+02
4.844047999999999377e+01,3.047338399999999865e+02,1.715578799999999831e+02,2.000000000000000000e+01,4.490000000000000000e+02
1.385700599999999838e+02,7.531883999999999446e+01,1.579735200000000077e+02,1.300000000000000000e+01,8.600000000000000000e+02
3.826801999999999992e+01,3.093976200000000176e+02,1.616050599999999804e+02,2.000000000000000000e+01,8.560000000000000000e+02
1.349881599999999935e+02,1.759414999999999907e+02,1.006654999999999944e+02,0.000000000000000000e+00,1.123000000000000000e+03
6.875548000000000570e+01,2.716365399999999681e+02,1.324888200000000040e+02,1.500000000000000000e+01,2.090000000000000000e+02
1.421743999999999915e+02,2.522164199999999710e+02,1.502109799999999780e+02,7.000000000000000000e+00,1.060000000000000000e+03
1.355896199999999965e+02,1.260485399999999885e+02,1.205337400000000088e+02,4.000000000000000000e+00,7.430000000000000000e+02
1.373304200000000037e+02,1.624173200000000179e+02,8.564021999999999935e+01,0.000000000000000000e+00,2.890000000000000000e+02
1.492878799999999728e+02,1.811288799999999810e+02,8.761766000000000076e+01,0.000000000000000000e+00,1.036000000000000000e+03
3.005464000000000269e+01,1.685614600000000110e+02,2.575329999999999941e+01,1.400000000000000000e+01,6.650000000000000000e+02
1.106387199999999922e+02,1.839107599999999820e+02,5.874248000000000047e+01,5.000000000000000000e+00,7.930000000000000000e+02
9.694759999999999422e+01,2.810936399999999935e+02,1.493997399999999800e+02,1.500000000000000000e+01,7.290000000000000000e+02
9.698873999999999285e+01,1.063370399999999876e+02,1.152406200000000069e+02,1.800000000000000000e+01,5.110000000000000000e+02
1.239418999999999897e+02,2.174225199999999916e+02,1.160583199999999948e+02,3.000000000000000000e+00,9.670000000000000000e+02
1.071884000000000015e+02,1.592162199999999928e+02,6.414201999999998804e+01,1.000000000000000000e+00,5.790000000000000000e+02
9.036418000000000461e+01,2.389533600000000035e+02,1.147979399999999970e+02,1.200000000000000000e+01,1.049000000000000000e+03
8.599415999999999372e+01,2.872119399999999700e+02,1.540658999999999992e+02,1.500000000000000000e+01,8.290000000000000000e+02
1.395971999999999866e+02,2.179063400000000286e+02,1.240425400000000025e+02,3.000000000000000000e+00,1.092000000000000000e+03
1.124696200000000061e+02,2.838646399999999517e+02,1.669291200000000117e+02,1.100000000000000000e+01,7.690000000000000000e+02
1.176678799999999825e+02,2.794905399999999531e+02,1.619620600000000081e+02,1.100000000000000000e+01,6.100000000000000000e+02
8.088702000000000680e+01,9.739163999999998111e+01,1.073753999999999991e+02,1.800000000000000000e+01,8.280000000000000000e+02
6.186878000000000100e+01,2.923874200000000201e+02,1.442473799999999926e+02,1.500000000000000000e+01,1.030000000000000000e+03
1.438791599999999846e+02,1.067263399999999933e+02,1.384819999999999993e+02,8.000000000000000000e+00,9.730000000000000000e+02
1.145776199999999960e+02,2.772621800000000007e+02,1.573982399999999870e+02,1.100000000000000000e+01,5.400000000000000000e+02
8.639365999999999701e+01,1.769550399999999968e+02,5.202917999999999665e+01,9.000000000000000000e+00,4.850000000000000000e+02
1.122108799999999889e+02,2.811011199999999803e+02,1.620426400000000058e+02,1.100000000000000000e+01,7.320000000000000000e+02
1.099570200000000000e+02,6.049858000000000402e+01,1.501303999999999803e+02,2.100000000000000000e+01,4.310000000000000000e+02
1.022951200000000114e+02,1.834235399999999743e+02,5.949523999999999546e+01,5.000000000000000000e+00,6.420000000000000000e+02
8.492757999999999186e+01,7.652855999999999881e+01,1.305977399999999875e+02,1.600000000000000000e+01,8.420000000000000000e+02
1.051929400000000072e+02,1.514489199999999869e+02,6.923590000000000089e+01,1.000000000000000000e+00,1.007000000000000000e+03
1.696579600000000028e+02,1.658009999999999877e+02,1.079972599999999971e+02,2.000000000000000000e+00,3.710000000000000000e+02
9.756163999999998282e+01,5.403585999999999245e+01,1.533818199999999763e+02,2.100000000000000000e+01,9.900000000000000000e+01
1.057005599999999959e+02,2.811881599999999821e+02,1.561562199999999905e+02,1.100000000000000000e+01,5.380000000000000000e+02
1.070241799999999870e+02,1.726339799999999798e+02,8.807495999999999015e+01,1.000000000000000000e+00,6.000000000000000000e+00
3.487277999999999878e+01,3.204010399999999663e+02,1.983447799999999859e+02,2.000000000000000000e+01,1.027000000000000000e+03
1.154374799999999937e+02,2.829367799999999988e+02,1.720655000000000143e+02,1.100000000000000000e+01,8.920000000000000000e+02
1.131499599999999788e+02,2.493781000000000176e+02,1.365259800000000041e+02,7.000000000000000000e+00,1.059000000000000000e+03
4.431083999999999889e+01,3.073018600000000333e+02,1.779678999999999860e+02,2.000000000000000000e+01,4.560000000000000000e+02
1.227586999999999904e+02,1.528925599999999747e+02,9.397838000000000136e+01,1.000000000000000000e+00,1.032000000000000000e+03
6.501514000000000237e+01,2.892356199999999831e+02,1.406926799999999957e+02,1.500000000000000000e+01,1.135000000000000000e+03
4.640829999999999700e+01,1.711879600000000039e+02,3.486937999999999960e+01,1.400000000000000000e+01,1.590000000000000000e+02
1.573849800000000130e+02,1.581166599999999960e+02,1.080894000000000119e+02,2.000000000000000000e+00,1.490000000000000000e+02
1.079608800000000031e+02,1.213351200000000176e+02,1.123009799999999956e+02,4.000000000000000000e+00,9.530000000000000000e+02
6.308632000000000062e+01,3.011230400000000031e+02,1.774572200000000066e+02,1.700000000000000000e+01,8.200000000000000000e+02
8.749049999999999727e+01,1.053789199999999937e+02,1.087731399999999979e+02,1.800000000000000000e+01,7.060000000000000000e+02
1.079880800000000107e+02,1.648251999999999953e+02,7.400712000000000046e+01,1.000000000000000000e+00,8.440000000000000000e+02
1.037010200000000140e+02,6.581923999999999353e+01,1.451592599999999891e+02,1.600000000000000000e+01,1.290000000000000000e+02
1.770475199999999631e+02,1.800983399999999790e+02,1.603973799999999983e+02,1.000000000000000000e+01,4.220000000000000000e+02
1.234937800000000010e+02,8.763839999999999009e+01,1.423345399999999756e+02,8.000000000000000000e+00,1.094000000000000000e+03
9.224574000000001206e+01,1.055757799999999946e+02,1.121306399999999854e+02,1.800000000000000000e+01,5.340000000000000000e+02
8.473820000000000618e+01,2.937130799999999908e+02,1.756895600000000002e+02,1.700000000000000000e+01,6.360000000000000000e+02
1.368639400000000137e+02,1.580156800000000032e+02,9.113223999999999592e+01,0.000000000000000000e+00,1.550000000000000000e+02
1.320855799999999931e+02,2.039486599999999896e+02,1.095055000000000121e+02,3.000000000000000000e+00,1.800000000000000000e+02
6.843316000000000088e+01,2.766651400000000081e+02,1.329709400000000130e+02,1.500000000000000000e+01,2.140000000000000000e+02
1.059565799999999882e+02,2.291793799999999806e+02,1.179674200000000042e+02,1.200000000000000000e+01,5.620000000000000000e+02
1.036673600000000022e+02,7.447427999999999315e+01,1.412819000000000074e+02,1.600000000000000000e+01,2.280000000000000000e+02
9.032848000000001321e+01,1.618542799999999886e+02,6.241754000000000246e+01,5.000000000000000000e+00,1.146000000000000000e+03
1.113564599999999984e+02,2.049720599999999990e+02,1.022985199999999963e+02,3.000000000000000000e+00,4.860000000000000000e+02
1.018079000000000036e+02,1.761240799999999922e+02,8.397693999999998482e+01,1.000000000000000000e+00,3.600000000000000000e+01
1.000803599999999989e+02,6.920904000000000167e+01,1.427401600000000030e+02,1.600000000000000000e+01,1.820000000000000000e+02
1.178902399999999915e+02,5.821887999999999863e+01,1.606748200000000111e+02,1.300000000000000000e+01,7.380000000000000000e+02
1.307854199999999878e+02,1.811574399999999798e+02,9.241335999999999729e+01,0.000000000000000000e+00,7.120000000000000000e+02
1.043018000000000001e+02,1.615394400000000132e+02,7.501623999999999626e+01,1.000000000000000000e+00,7.750000000000000000e+02
9.411948000000001002e+01,1.117256999999999749e+02,1.108835199999999901e+02,1.800000000000000000e+01,7.860000000000000000e+02
1.233183399999999921e+02,7.301160000000000139e+01,1.517695399999999779e+02,1.300000000000000000e+01,3.640000000000000000e+02
1.199414599999999922e+02,1.742809400000000153e+02,9.272955999999999221e+01,0.000000000000000000e+00,6.760000000000000000e+02
1.872043400000000020e+02,1.732949399999999969e+02,1.433674599999999941e+02,6.000000000000000000e+00,2.240000000000000000e+02
8.828065999999999747e+01,9.205262000000000455e+01,1.149856200000000115e+02,1.800000000000000000e+01,2.640000000000000000e+02
1.338447399999999732e+02,1.632312799999999982e+02,8.900213999999998293e+01,0.000000000000000000e+00,2.800000000000000000e+02
1.123305600000000055e+02,1.594263400000000104e+02,7.309252000000000749e+01,1.000000000000000000e+00,5.530000000000000000e+02
1.126845000000000141e+02,1.113078399999999988e+02,1.209991999999999734e+02,1.800000000000000000e+01,8.870000000000000000e+02
1.039033199999999937e+02,1.530554199999999980e+02,7.409041999999999462e+01,1.000000000000000000e+00,8.460000000000000000e+02
1.110232599999999934e+02,2.459495400000000416e+02,1.331762999999999977e+02,1.200000000000000000e+01,4.180000000000000000e+02
4.827115999999999474e+01,3.061975400000000036e+02,1.609757199999999955e+02,2.000000000000000000e+01,7.190000000000000000e+02
1.105125799999999998e+02,2.843766799999999648e+02,1.714494200000000035e+02,1.100000000000000000e+01,8.340000000000000000e+02
1.410534199999999885e+02,2.220081000000000131e+02,1.273673999999999893e+02,7.000000000000000000e+00,5.500000000000000000e+01
1.600879799999999875e+02,1.728019400000000303e+02,1.189081999999999937e+02,2.000000000000000000e+00,5.420000000000000000e+02
6.861471999999999127e+01,2.990055199999999900e+02,1.760723999999999876e+02,1.700000000000000000e+01,5.160000000000000000e+02
1.711447799999999972e+02,1.873250399999999729e+02,1.583672399999999811e+02,1.000000000000000000e+01,7.840000000000000000e+02
1.271763200000000040e+02,1.848039400000000114e+02,8.737931999999999277e+01,0.000000000000000000e+00,8.050000000000000000e+02
1.306837600000000066e+02,2.269309599999999989e+02,1.266612200000000001e+02,7.000000000000000000e+00,4.170000000000000000e+02
1.072370199999999869e+02,1.782419399999999712e+02,8.461750000000000682e+01,1.000000000000000000e+00,2.100000000000000000e+01
7.095561999999999614e+01,1.661052999999999997e+02,4.924355999999999511e+01,9.000000000000000000e+00,5.230000000000000000e+02
6.038807999999999510e+01,2.973616200000000163e+02,1.562565199999999948e+02,1.700000000000000000e+01,1.750000000000000000e+02
1.823052799999999820e+02,1.671657599999999775e+02,1.540845999999999947e+02,1.000000000000000000e+01,4.810000000000000000e+02
8.684823999999998989e+01,1.689075799999999958e+02,5.124819999999999709e+01,9.000000000000000000e+00,2.820000000000000000e+02
1.893099599999999896e+02,1.793506799999999828e+02,1.494055199999999957e+02,6.000000000000000000e+00,4.500000000000000000e+02
1.318550600000000088e+02,1.947407800000000009e+02,1.022301800000000043e+02,3.000000000000000000e+00,8.350000000000000000e+02
7.029228000000000520e+01,1.767530800000000113e+02,4.796209999999999951e+01,9.000000000000000000e+00,7.110000000000000000e+02
1.370917399999999873e+02,1.804080799999999840e+02,9.012685999999999353e+01,0.000000000000000000e+00,8.260000000000000000e+02
1.136939599999999899e+02,1.428877200000000016e+02,9.963971999999999696e+01,4.000000000000000000e+00,8.730000000000000000e+02
7.585671999999999571e+01,8.915649999999999409e+01,1.112486799999999931e+02,1.800000000000000000e+01,9.460000000000000000e+02
7.644355999999999085e+01,2.840495999999999981e+02,1.395414399999999944e+02,1.500000000000000000e+01,6.070000000000000000e+02
7.795723999999999876e+01,2.588175200000000018e+02,1.268720199999999920e+02,1.200000000000000000e+01,7.340000000000000000e+02
9.071675999999999362e+01,1.656010799999999961e+02,5.855955999999999051e+01,5.000000000000000000e+00,1.064000000000000000e+03
1.372930200000000127e+02,1.700166600000000017e+02,1.014410400000000010e+02,0.000000000000000000e+00,4.840000000000000000e+02
1.395985599999999920e+02,1.784398199999999974e+02,9.838613999999998327e+01,0.000000000000000000e+00,1.102000000000000000e+03
1.177674999999999841e+02,2.669119000000000028e+02,1.532131799999999942e+02,1.100000000000000000e+01,2.580000000000000000e+02
1.207476000000000056e+02,2.057928199999999777e+02,1.070819799999999873e+02,3.000000000000000000e+00,4.090000000000000000e+02
9.079529999999998324e+01,4.825858000000000203e+01,1.659856199999999831e+02,2.100000000000000000e+01,6.880000000000000000e+02
1.178021799999999928e+02,1.933525599999999827e+02,9.365980000000000416e+01,3.000000000000000000e+00,6.740000000000000000e+02
1.133281199999999984e+02,1.764650999999999783e+02,7.478300000000000125e+01,1.000000000000000000e+00,1.560000000000000000e+02
9.783397999999998262e+01,5.696495999999999782e+01,1.466923199999999952e+02,2.100000000000000000e+01,8.300000000000000000e+01
1.286573600000000113e+02,2.134336399999999969e+02,1.152134200000000135e+02,3.000000000000000000e+00,6.160000000000000000e+02
1.046639000000000124e+02,2.863286200000000008e+02,1.717217599999999891e+02,1.100000000000000000e+01,9.150000000000000000e+02
1.062156599999999997e+02,6.097628000000000270e+01,1.467008199999999931e+02,1.600000000000000000e+01,2.190000000000000000e+02
1.731541799999999967e+02,1.682282599999999775e+02,1.118929799999999943e+02,2.000000000000000000e+00,7.200000000000000000e+02
1.260668999999999897e+02,1.606374200000000201e+02,8.683804000000000656e+01,1.000000000000000000e+00,8.080000000000000000e+02
6.017830000000000013e+01,3.729834000000000316e+01,1.562565199999999948e+02,2.200000000000000000e+01,1.900000000000000000e+01
1.134518799999999743e+02,1.633703399999999988e+02,8.401603999999998962e+01,1.000000000000000000e+00,8.520000000000000000e+02
6.302103999999999218e+01,4.221643999999999863e+01,1.493589399999999898e+02,1.900000000000000000e+01,8.780000000000000000e+02
3.972560000000000002e+01,2.985981999999999559e+01,1.503146800000000098e+02,2.200000000000000000e+01,3.060000000000000000e+02
9.928442000000001144e+01,1.763413400000000024e+02,7.218710000000000093e+01,5.000000000000000000e+00,3.490000000000000000e+02
8.282331999999999539e+01,2.839108799999999633e+02,1.440756800000000055e+02,1.500000000000000000e+01,7.480000000000000000e+02
1.361020000000000039e+02,2.237125199999999836e+02,1.271317799999999920e+02,7.000000000000000000e+00,2.700000000000000000e+01
9.815052000000000021e+01,1.696596600000000024e+02,8.246020000000000039e+01,1.000000000000000000e+00,2.990000000000000000e+02
1.045330000000000013e+02,1.731701600000000099e+02,6.766373999999999000e+01,5.000000000000000000e+00,2.040000000000000000e+02
1.052238799999999799e+02,1.006447599999999909e+02,1.236090399999999789e+02,1.800000000000000000e+01,2.980000000000000000e+02
1.069014399999999938e+02,9.645731999999999573e+01,1.265952599999999961e+02,1.800000000000000000e+01,4.550000000000000000e+02
5.022445999999999344e+01,3.095625199999999495e+02,1.882314799999999764e+02,2.000000000000000000e+01,1.210000000000000000e+02
1.027364400000000018e+02,5.785065999999999775e+01,1.489346200000000238e+02,2.100000000000000000e+01,1.040000000000000000e+02
1.404998999999999967e+02,1.927932599999999752e+02,1.042443399999999940e+02,0.000000000000000000e+00,1.144000000000000000e+03
1.337039800000000014e+02,1.810401400000000081e+02,9.706931999999999050e+01,0.000000000000000000e+00,7.170000000000000000e+02
1.420910999999999831e+02,8.178462000000000387e+01,1.586902399999999886e+02,1.300000000000000000e+01,4.010000000000000000e+02
7.931009999999999138e+01,7.318533999999999651e+01,1.298460000000000036e+02,1.600000000000000000e+01,1.019000000000000000e+03
1.241917999999999900e+01,9.241880000000000095e+00,1.961296800000000076e+02,2.200000000000000000e+01,1.141000000000000000e+03
9.046787999999999386e+01,8.313339999999999463e+01,1.253716000000000008e+02,1.600000000000000000e+01,7.960000000000000000e+02
1.727665799999999763e+02,1.674265399999999886e+02,1.208356600000000043e+02,2.000000000000000000e+00,5.820000000000000000e+02
1.138507000000000033e+02,1.523669199999999933e+02,5.003440000000000509e+01,5.000000000000000000e+00,1.920000000000000000e+02
1.346988199999999836e+02,2.149024400000000128e+02,1.183091199999999930e+02,3.000000000000000000e+00,7.890000000000000000e+02
1.652937200000000075e+02,1.812628399999999829e+02,1.050834599999999881e+02,2.000000000000000000e+00,9.820000000000000000e+02
7.779608000000000345e+01,1.686893000000000029e+02,6.599876000000000431e+01,9.000000000000000000e+00,3.900000000000000000e+01
6.191059999999999519e+01,4.976885999999999655e+01,1.313695399999999722e+02,1.900000000000000000e+01,1.072000000000000000e+03
1.587711600000000089e+02,1.651386799999999937e+02,9.684491999999998768e+01,2.000000000000000000e+00,2.710000000000000000e+02
1.745417199999999980e+02,1.682748399999999833e+02,1.309190399999999954e+02,6.000000000000000000e+00,1.170000000000000000e+02
1.226621400000000079e+02,7.651529999999999632e+01,1.464410599999999931e+02,1.300000000000000000e+01,2.170000000000000000e+02
1.126450600000000151e+02,1.297756200000000035e+02,1.097196999999999889e+02,4.000000000000000000e+00,9.420000000000000000e+02
1.577586399999999855e+02,1.719573800000000006e+02,1.130163399999999854e+02,2.000000000000000000e+00,6.510000000000000000e+02
1.412472199999999987e+02,1.549005999999999972e+02,1.014287999999999812e+02,0.000000000000000000e+00,1.360000000000000000e+02
1.629977000000000089e+02,1.751928199999999833e+02,1.155030999999999892e+02,2.000000000000000000e+00,4.890000000000000000e+02
8.867267999999998551e+01,4.601559999999999206e+01,1.724078800000000058e+02,2.100000000000000000e+01,8.950000000000000000e+02
6.767054000000000258e+01,4.741776000000000124e+01,1.419931799999999953e+02,1.900000000000000000e+01,4.040000000000000000e+02
1.372161800000000085e+02,1.312451000000000079e+02,1.198445600000000155e+02,4.000000000000000000e+00,8.790000000000000000e+02
1.648421999999999912e+02,1.708795799999999758e+02,1.172017400000000009e+02,2.000000000000000000e+00,4.820000000000000000e+02
1.362291600000000074e+02,1.787658799999999815e+02,7.950355999999999312e+01,0.000000000000000000e+00,1.040000000000000000e+03
1.338981199999999774e+02,2.332566599999999823e+02,1.333313399999999831e+02,7.000000000000000000e+00,1.400000000000000000e+02
1.977181600000000117e+02,1.738929999999999723e+02,1.391684599999999818e+02,6.000000000000000000e+00,9.190000000000000000e+02
5.115367999999999427e+01,2.608548000000000044e+01,1.868112999999999886e+02,2.200000000000000000e+01,6.400000000000000000e+02
1.014536200000000008e+02,2.328003799999999615e+02,1.190727600000000024e+02,1.200000000000000000e+01,4.750000000000000000e+02
1.378917599999999766e+02,1.145017999999999887e+02,1.323524799999999857e+02,8.000000000000000000e+00,6.400000000000000000e+01
8.768123999999998830e+01,9.870199999999999818e+01,1.117372600000000062e+02,1.800000000000000000e+01,4.330000000000000000e+02
1.172999999999999972e+02,7.597809999999999775e+01,1.451919000000000040e+02,1.300000000000000000e+01,2.180000000000000000e+02
7.900477999999999668e+01,5.089119999999999777e+01,1.422709600000000023e+02,1.900000000000000000e+01,2.770000000000000000e+02
1.243886599999999873e+02,1.767506999999999664e+02,8.681831999999999994e+01,0.000000000000000000e+00,9.650000000000000000e+02
1.287855399999999975e+02,2.785565599999999904e+02,1.717544000000000040e+02,1.100000000000000000e+01,1.069000000000000000e+03
1.002908199999999965e+02,2.854140199999999936e+02,1.631173799999999972e+02,1.100000000000000000e+01,1.137000000000000000e+03
1.051949799999999868e+02,2.252204200000000185e+02,1.143831399999999974e+02,1.200000000000000000e+01,7.300000000000000000e+02
8.241259999999999764e+01,1.720675400000000081e+02,5.076064000000000220e+01,9.000000000000000000e+00,3.620000000000000000e+02
9.535367999999998290e+01,5.039310000000000400e+01,1.570698000000000150e+02,2.100000000000000000e+01,5.020000000000000000e+02
1.561126999999999896e+02,1.874868799999999851e+02,1.086027999999999878e+02,2.000000000000000000e+00,9.870000000000000000e+02
1.076015000000000015e+02,5.231580000000000297e+01,1.707265799999999842e+02,2.100000000000000000e+01,6.020000000000000000e+02
1.290415599999999756e+02,1.650237600000000100e+02,8.607677999999998519e+01,0.000000000000000000e+00,3.430000000000000000e+02
7.142855999999999028e+01,2.945688599999999724e+02,1.585749799999999823e+02,1.700000000000000000e+01,9.200000000000000000e+01
9.380429999999999779e+01,1.738878999999999735e+02,7.103687999999999647e+01,5.000000000000000000e+00,6.560000000000000000e+02
1.221225599999999929e+02,1.868129999999999882e+02,7.804767999999999972e+01,0.000000000000000000e+00,1.012000000000000000e+03
9.322222000000000719e+01,4.793863999999999947e+01,1.708024000000000058e+02,2.100000000000000000e+01,7.630000000000000000e+02
7.901497999999999422e+01,2.956537999999999897e+02,1.760819199999999967e+02,1.700000000000000000e+01,4.790000000000000000e+02
8.238233999999999924e+01,8.983411999999999864e+01,1.122822800000000001e+02,1.800000000000000000e+01,9.050000000000000000e+02
9.884785999999999717e+01,1.121591999999999985e+02,1.141213400000000036e+02,1.800000000000000000e+01,6.770000000000000000e+02
9.158342000000000382e+01,8.656025999999999954e+01,1.203633999999999844e+02,1.800000000000000000e+01,2.200000000000000000e+01
1.173659599999999870e+02,1.108988200000000006e+02,1.233907600000000002e+02,8.000000000000000000e+00,4.610000000000000000e+02
1.604609599999999716e+02,1.799912400000000048e+02,1.068235800000000069e+02,2.000000000000000000e+00,9.770000000000000000e+02
8.361891999999998859e+01,1.736040000000000134e+02,6.488288000000000011e+01,9.000000000000000000e+00,5.390000000000000000e+02
8.978889999999999816e+01,1.728638199999999756e+02,6.501684000000000196e+01,5.000000000000000000e+00,1.080000000000000000e+03
1.332670799999999929e+02,1.857022199999999827e+02,9.361627999999998906e+01,0.000000000000000000e+00,7.440000000000000000e+02
1.397971199999999783e+02,9.414498000000000388e+01,1.464580599999999890e+02,8.000000000000000000e+00,6.850000000000000000e+02
6.636187999999999931e+01,6.409408000000000527e+01,1.247187999999999732e+02,1.900000000000000000e+01,6.260000000000000000e+02
1.225808800000000076e+02,2.263318800000000124e+02,1.226941000000000059e+02,3.000000000000000000e+00,9.480000000000000000e+02
1.064642000000000053e+02,2.649966800000000262e+02,1.464512599999999907e+02,1.100000000000000000e+01,5.730000000000000000e+02
1.047689599999999928e+02,1.864648399999999810e+02,6.848008000000000095e+01,5.000000000000000000e+00,4.880000000000000000e+02
7.814491999999999905e+01,1.752213799999999821e+02,4.988513999999999271e+01,9.000000000000000000e+00,4.060000000000000000e+02
2.836143999999999821e+01,3.200365600000000086e+02,1.953582199999999887e+02,2.000000000000000000e+01,9.180000000000000000e+02
1.688776599999999917e+02,1.724602399999999989e+02,1.298137000000000114e+02,6.000000000000000000e+00,1.950000000000000000e+02
1.123346399999999932e+02,1.702148799999999653e+02,8.400924000000000547e+01,1.000000000000000000e+00,1.810000000000000000e+02
6.188204000000000349e+01,2.862616399999999999e+02,1.327516400000000090e+02,1.500000000000000000e+01,4.970000000000000000e+02
1.265942399999999992e+02,7.622969999999999402e+01,1.494072199999999953e+02,1.300000000000000000e+01,2.220000000000000000e+02
1.216455399999999969e+02,2.491455399999999827e+02,1.413917199999999923e+02,7.000000000000000000e+00,8.170000000000000000e+02
1.436941999999999950e+02,1.643155399999999986e+02,9.031895999999998992e+01,0.000000000000000000e+00,2.550000000000000000e+02
1.028976000000000113e+02,2.379864000000000317e+02,1.231432400000000058e+02,1.200000000000000000e+01,2.590000000000000000e+02
1.168668399999999963e+02,1.520615999999999985e+02,9.183705999999999392e+01,1.000000000000000000e+00,1.083000000000000000e+03
7.716776000000000124e+01,1.701169599999999775e+02,4.669865999999999673e+01,9.000000000000000000e+00,6.600000000000000000e+02
1.177501600000000082e+02,1.228382600000000053e+02,1.151783999999999821e+02,4.000000000000000000e+00,5.690000000000000000e+02
9.972744000000000142e+01,1.780450799999999845e+02,6.387988000000000000e+01,5.000000000000000000e+00,5.410000000000000000e+02
1.706544999999999845e+02,1.586270000000000095e+02,1.532957999999999856e+02,1.000000000000000000e+01,1.033000000000000000e+03
9.778807999999999367e+01,1.699313199999999995e+02,7.288580000000000325e+01,5.000000000000000000e+00,7.010000000000000000e+02
1.473903400000000090e+02,1.762325400000000002e+02,8.765199999999998681e+01,0.000000000000000000e+00,9.750000000000000000e+02
9.836404000000000281e+01,1.570980199999999911e+02,6.815095999999999776e+01,5.000000000000000000e+00,5.000000000000000000e+00
1.381589999999999918e+02,1.348861600000000180e+02,1.148183399999999921e+02,4.000000000000000000e+00,1.310000000000000000e+02
9.187344000000000221e+01,4.362574000000000041e+01,1.772630800000000022e+02,2.100000000000000000e+01,1.142000000000000000e+03
1.260169199999999989e+02,1.689850999999999885e+02,8.962366000000001520e+01,0.000000000000000000e+00,4.100000000000000000e+02
9.802233999999998559e+01,2.289961199999999906e+02,1.144201999999999941e+02,1.200000000000000000e+01,1.132000000000000000e+03
1.375850800000000049e+02,1.001269400000000047e+02,1.400623199999999997e+02,8.000000000000000000e+00,5.370000000000000000e+02
1.306446599999999876e+02,1.010785999999999945e+02,1.362733599999999967e+02,8.000000000000000000e+00,7.850000000000000000e+02
7.036776000000000408e+01,2.921915799999999876e+02,1.543644199999999955e+02,1.700000000000000000e+01,4.000000000000000000e+01
5.410385999999999740e+01,1.713538800000000037e+02,4.470150000000000290e+01,9.000000000000000000e+00,1.046000000000000000e+03
1.202301199999999994e+02,1.340147399999999891e+02,1.099998599999999840e+02,4.000000000000000000e+00,5.700000000000000000e+02
1.749310200000000179e+02,1.690255599999999845e+02,1.255834200000000038e+02,6.000000000000000000e+00,9.500000000000000000e+01
7.557486000000000104e+01,2.957863999999999578e+02,1.718529999999999802e+02,1.700000000000000000e+01,4.150000000000000000e+02
1.928755400000000009e+02,1.670909599999999955e+02,1.428132600000000139e+02,6.000000000000000000e+00,6.580000000000000000e+02
1.042303999999999888e+02,1.170089600000000019e+02,1.131853199999999902e+02,1.800000000000000000e+01,8.040000000000000000e+02
9.714208000000000709e+01,1.787393599999999765e+02,5.979886000000000479e+01,5.000000000000000000e+00,4.660000000000000000e+02
1.287634400000000028e+02,2.089721599999999739e+02,1.120296599999999927e+02,3.000000000000000000e+00,5.130000000000000000e+02
1.297487600000000043e+02,1.831090399999999931e+02,3.981638000000000233e+01,5.000000000000000000e+00,1.113000000000000000e+03
9.841639999999999588e+01,1.024171800000000019e+02,1.179327399999999813e+02,1.800000000000000000e+01,3.390000000000000000e+02
4.420985999999999905e+01,1.714283399999999915e+02,2.903769999999999740e+01,1.400000000000000000e+01,4.870000000000000000e+02
9.346702000000000510e+01,2.790961399999999912e+02,1.464961399999999969e+02,1.500000000000000000e+01,6.290000000000000000e+02
1.286240399999999795e+02,1.448719599999999730e+02,1.049576600000000042e+02,4.000000000000000000e+00,4.420000000000000000e+02
6.030002000000000351e+01,1.664184400000000039e+02,3.760060000000000002e+01,9.000000000000000000e+00,1.104000000000000000e+03
1.561925999999999988e+02,1.678444000000000074e+02,1.009844200000000143e+02,2.000000000000000000e+00,2.540000000000000000e+02
1.701954999999999814e+02,1.638748999999999967e+02,1.659805199999999843e+02,1.000000000000000000e+01,9.300000000000000000e+02
1.259598000000000155e+02,1.740031599999999798e+02,9.524147999999999570e+01,0.000000000000000000e+00,5.030000000000000000e+02
5.951801999999999282e+01,1.740796599999999899e+02,3.937063999999999453e+01,9.000000000000000000e+00,1.088000000000000000e+03
1.397399999999999807e+02,2.575693800000000238e+02,1.561827399999999955e+02,1.100000000000000000e+01,8.100000000000000000e+01
1.609835399999999765e+02,1.752125399999999900e+02,1.103510800000000103e+02,2.000000000000000000e+00,5.650000000000000000e+02
1.782229000000000099e+02,1.769254599999999868e+02,1.153412600000000054e+02,2.000000000000000000e+00,8.640000000000000000e+02
1.175862799999999879e+02,1.968399400000000128e+02,9.711691999999999325e+01,3.000000000000000000e+00,5.290000000000000000e+02
1.100675199999999876e+02,2.693656799999999976e+02,1.518450200000000052e+02,1.100000000000000000e+01,4.270000000000000000e+02
7.607941999999999894e+01,2.928086799999999812e+02,1.590734199999999987e+02,1.700000000000000000e+01,1.420000000000000000e+02
1.286155399999999815e+02,1.876844199999999887e+02,9.330314000000001329e+01,0.000000000000000000e+00,7.880000000000000000e+02
1.093433199999999914e+02,1.840712400000000173e+02,4.970765999999999707e+01,5.000000000000000000e+00,7.000000000000000000e+02
1.130265399999999971e+02,2.252173599999999851e+02,1.176743400000000008e+02,3.000000000000000000e+00,9.620000000000000000e+02
1.056060400000000072e+02,1.720498599999999954e+02,7.954334000000000060e+01,1.000000000000000000e+00,1.056000000000000000e+03
1.306048799999999801e+02,7.653264000000000067e+01,1.521809400000000210e+02,1.300000000000000000e+01,2.960000000000000000e+02
1.662620399999999847e+02,1.771607399999999757e+02,1.025082999999999913e+02,2.000000000000000000e+00,1.002000000000000000e+03
7.528109999999999502e+01,2.621471399999999790e+02,1.296800799999999754e+02,1.500000000000000000e+01,2.600000000000000000e+01
1.208104999999999905e+02,1.792513999999999896e+02,8.965052000000000021e+01,0.000000000000000000e+00,9.010000000000000000e+02
1.352305800000000033e+02,1.035446199999999948e+02,1.365977200000000096e+02,8.000000000000000000e+00,5.750000000000000000e+02
1.399440000000000168e+02,1.672398799999999994e+02,8.258294000000000779e+01,0.000000000000000000e+00,3.320000000000000000e+02
1.253073399999999964e+02,1.916090399999999931e+02,9.565220000000000766e+01,0.000000000000000000e+00,8.750000000000000000e+02
1.060905399999999901e+02,2.403524599999999509e+02,1.266748199999999969e+02,1.200000000000000000e+01,1.890000000000000000e+02
1.732677400000000034e+02,1.744699799999999925e+02,1.092790600000000012e+02,2.000000000000000000e+00,1.107000000000000000e+03
1.288770000000000095e+02,1.718128800000000069e+02,9.949963999999999942e+01,0.000000000000000000e+00,4.710000000000000000e+02
1.000157600000000002e+02,2.839540600000000268e+02,1.570782999999999845e+02,1.100000000000000000e+01,7.030000000000000000e+02
1.119154199999999975e+02,1.584529200000000060e+02,6.564686000000000377e+01,1.000000000000000000e+00,5.360000000000000000e+02
1.761315599999999790e+02,1.725466000000000122e+02,1.143749799999999937e+02,2.000000000000000000e+00,8.130000000000000000e+02
1.655072399999999959e+02,1.714521400000000142e+02,1.001279599999999874e+02,2.000000000000000000e+00,4.320000000000000000e+02
1.387733800000000031e+02,2.325161400000000071e+02,1.382613399999999899e+02,7.000000000000000000e+00,1.870000000000000000e+02
2.473873999999999995e+01,1.702879800000000046e+02,1.943814000000000064e+01,1.400000000000000000e+01,7.770000000000000000e+02
4.214164000000000243e+01,3.072457599999999616e+02,1.682194200000000137e+02,2.000000000000000000e+01,8.100000000000000000e+02
1.429856399999999894e+02,9.734369999999998413e+01,1.413141999999999996e+02,8.000000000000000000e+00,9.390000000000000000e+02
1.609434199999999748e+02,1.794203800000000228e+02,1.017324200000000047e+02,2.000000000000000000e+00,9.610000000000000000e+02
1.056505799999999908e+02,8.712738000000000227e+01,1.296392800000000136e+02,1.600000000000000000e+01,4.200000000000000000e+02
1.154449599999999947e+02,1.667169600000000003e+02,7.167437999999999931e+01,1.000000000000000000e+00,3.420000000000000000e+02
1.197996799999999951e+02,2.141554599999999766e+02,1.125733199999999954e+02,3.000000000000000000e+00,6.210000000000000000e+02
1.027456200000000024e+02,5.123391999999999769e+01,1.700016999999999996e+02,2.100000000000000000e+01,8.390000000000000000e+02
7.483876000000000772e+01,3.021222999999999956e+02,1.865899600000000191e+02,1.700000000000000000e+01,9.400000000000000000e+02
9.936941999999999098e+01,1.848692199999999843e+02,6.895607999999998583e+01,5.000000000000000000e+00,3.890000000000000000e+02
1.178402599999999865e+02,1.683850000000000193e+02,8.533183999999998548e+01,1.000000000000000000e+00,1.150000000000000000e+02
9.410316000000000258e+01,2.850872799999999643e+02,1.556465600000000222e+02,1.500000000000000000e+01,9.950000000000000000e+02
1.098485599999999920e+02,1.754913400000000081e+02,6.727035999999999660e+01,5.000000000000000000e+00,2.390000000000000000e+02
6.951945999999999515e+01,6.780892000000000053e+01,1.263287000000000120e+02,1.900000000000000000e+01,5.540000000000000000e+02
1.398780399999999986e+02,2.416016200000000254e+02,1.467875200000000007e+02,7.000000000000000000e+00,7.420000000000000000e+02
1.437547199999999918e+02,2.332025999999999897e+02,1.363801199999999767e+02,7.000000000000000000e+00,3.560000000000000000e+02
1.163785999999999916e+02,1.787886600000000215e+02,7.013009999999999877e+01,5.000000000000000000e+00,2.750000000000000000e+02
1.133753799999999927e+02,1.702509199999999794e+02,8.892530000000000712e+01,1.000000000000000000e+00,1.670000000000000000e+02
1.510538399999999797e+02,1.644372600000000091e+02,1.028166800000000052e+02,2.000000000000000000e+00,1.510000000000000000e+02
1.175566999999999922e+02,7.140442000000000178e+01,1.501589600000000075e+02,1.300000000000000000e+01,3.900000000000000000e+02
4.668879999999999342e+01,2.433754000000000417e+01,1.875977199999999812e+02,2.200000000000000000e+01,7.150000000000000000e+02
6.818189999999999884e+01,4.091355999999999682e+01,1.634968199999999854e+02,2.200000000000000000e+01,2.510000000000000000e+02
1.161987399999999866e+02,2.104419800000000009e+02,1.089295400000000029e+02,3.000000000000000000e+00,1.006000000000000000e+03
9.879107999999999379e+01,1.550906600000000140e+02,7.276543999999999812e+01,1.000000000000000000e+00,1.014000000000000000e+03
1.051256199999999978e+02,2.689352399999999648e+02,1.491392999999999915e+02,1.100000000000000000e+01,5.280000000000000000e+02
1.028741399999999828e+02,1.224278800000000018e+02,1.098451599999999786e+02,1.800000000000000000e+01,8.550000000000000000e+02
1.690422199999999862e+02,1.710961599999999976e+02,1.223034399999999806e+02,2.000000000000000000e+00,6.750000000000000000e+02
1.108161999999999807e+02,2.091880600000000072e+02,1.062425199999999847e+02,3.000000000000000000e+00,6.150000000000000000e+02
1.396376599999999826e+02,1.588701000000000079e+02,9.642264000000000124e+01,0.000000000000000000e+00,6.500000000000000000e+01
1.848852000000000260e+02,1.803383799999999724e+02,1.462588200000000143e+02,6.000000000000000000e+00,2.700000000000000000e+02
1.173340000000000174e+02,1.527259599999999864e+02,5.956527999999999423e+01,1.000000000000000000e+00,9.800000000000000000e+02
1.380274200000000064e+02,1.837387199999999723e+02,9.400285999999998410e+01,0.000000000000000000e+00,7.980000000000000000e+02
8.266012000000000626e+01,2.997528399999999920e+02,1.860605799999999874e+02,1.700000000000000000e+01,7.800000000000000000e+02
1.101780199999999894e+02,2.416648600000000044e+02,1.302250999999999976e+02,1.200000000000000000e+01,2.920000000000000000e+02
1.173142800000000108e+02,1.277063800000000100e+02,1.125202799999999996e+02,4.000000000000000000e+00,9.340000000000000000e+02
1.132652199999999851e+02,8.520841999999998961e+01,1.359615799999999979e+02,1.600000000000000000e+01,3.350000000000000000e+02
1.424011799999999823e+02,1.590458799999999826e+02,8.821367999999999654e+01,0.000000000000000000e+00,2.530000000000000000e+02
1.045959000000000003e+02,4.888962000000000074e+01,1.746015600000000347e+02,2.100000000000000000e+01,1.021000000000000000e+03
1.306001200000000040e+02,2.686717399999999998e+02,1.601144999999999925e+02,1.100000000000000000e+01,1.880000000000000000e+02
9.904131999999999891e+01,2.622314599999999700e+02,1.391891999999999996e+02,1.200000000000000000e+01,1.700000000000000000e+02
8.939449999999999363e+01,5.648760000000000048e+01,1.411897600000000068e+02,1.900000000000000000e+01,5.900000000000000000e+01
1.352978999999999985e+02,2.557360999999999933e+02,1.527480599999999811e+02,7.000000000000000000e+00,1.128000000000000000e+03
4.094279999999999831e+01,2.156857999999999720e+01,1.893820399999999893e+02,2.200000000000000000e+01,1.026000000000000000e+03
4.303549999999999187e+01,3.076248600000000124e+02,1.631649799999999857e+02,2.000000000000000000e+01,7.390000000000000000e+02
1.886932000000000187e+02,1.718771399999999971e+02,1.369003199999999936e+02,6.000000000000000000e+00,4.980000000000000000e+02
3.416897999999999769e+01,1.674357200000000034e+02,3.025252000000000052e+01,1.400000000000000000e+01,6.540000000000000000e+02
8.022741999999999507e+01,2.633742000000000303e+02,1.329811399999999821e+02,1.500000000000000000e+01,1.000000000000000000e+00
7.592981999999999232e+01,4.007681999999999789e+01,1.760649200000000008e+02,2.200000000000000000e+01,4.580000000000000000e+02
1.387125200000000120e+02,1.589775400000000047e+02,5.316682000000000130e+01,1.000000000000000000e+00,1.136000000000000000e+03
1.811485999999999876e+02,1.743176599999999894e+02,1.560572799999999916e+02,1.000000000000000000e+01,2.850000000000000000e+02
1.211501599999999854e+02,1.721946999999999832e+02,9.699962000000000728e+01,0.000000000000000000e+00,5.680000000000000000e+02
6.656656000000000972e+01,3.677337999999999596e+01,1.771746799999999666e+02,2.200000000000000000e+01,2.160000000000000000e+02
1.298028199999999686e+02,1.911728200000000015e+02,9.746746000000000265e+01,0.000000000000000000e+00,8.160000000000000000e+02
1.584236799999999903e+02,1.687970799999999940e+02,1.079588399999999950e+02,2.000000000000000000e+00,2.230000000000000000e+02
1.142671999999999883e+02,1.471706999999999823e+02,9.553524000000000171e+01,4.000000000000000000e+00,7.180000000000000000e+02
1.242747600000000006e+02,2.218319799999999873e+02,1.196517799999999880e+02,3.000000000000000000e+00,8.660000000000000000e+02
1.383813599999999724e+02,1.873413600000000088e+02,9.786457999999998947e+01,0.000000000000000000e+00,8.320000000000000000e+02
7.536473999999999762e+01,6.293467999999999307e+01,1.296994600000000162e+02,1.900000000000000000e+01,4.190000000000000000e+02
1.149026599999999974e+02,1.738702199999999891e+02,6.592022000000000048e+01,5.000000000000000000e+00,2.460000000000000000e+02
1.193219800000000106e+02,1.623982799999999997e+02,8.576296000000000674e+01,1.000000000000000000e+00,8.060000000000000000e+02
4.538727999999999696e+01,3.135884599999999978e+02,1.923138600000000054e+02,2.000000000000000000e+01,5.450000000000000000e+02
1.385193999999999903e+02,2.317603199999999788e+02,1.323885199999999998e+02,7.000000000000000000e+00,1.240000000000000000e+02
6.006405999999999779e+01,1.718189999999999884e+02,5.405048000000000030e+01,9.000000000000000000e+00,8.680000000000000000e+02
1.161106799999999879e+02,1.648823199999999929e+02,6.697762000000000171e+01,1.000000000000000000e+00,4.160000000000000000e+02
8.321737999999999147e+01,1.743673000000000002e+02,5.739914000000000271e+01,9.000000000000000000e+00,3.500000000000000000e+02
8.593975999999999260e+01,2.387000599999999793e+02,1.115318999999999932e+02,1.200000000000000000e+01,9.760000000000000000e+02
6.115716000000000463e+01,3.536849999999999739e+01,1.770675799999999924e+02,2.200000000000000000e+01,5.240000000000000000e+02
1.259179800000000000e+02,1.370764399999999910e+02,1.096799199999999956e+02,4.000000000000000000e+00,3.450000000000000000e+02
1.226611199999999968e+02,1.890855599999999868e+02,9.174084000000000572e+01,0.000000000000000000e+00,9.110000000000000000e+02
7.072815999999998837e+01,6.054006000000000398e+01,1.272337799999999959e+02,1.900000000000000000e+01,7.250000000000000000e+02
1.202685400000000016e+02,1.852530799999999829e+02,8.661839999999999407e+01,0.000000000000000000e+00,1.020000000000000000e+03
1.201206399999999945e+02,2.816685799999999631e+02,1.730684999999999718e+02,1.100000000000000000e+01,9.590000000000000000e+02
1.111439599999999928e+02,1.758231799999999794e+02,8.823577999999999122e+01,1.000000000000000000e+00,3.000000000000000000e+00
1.133342400000000083e+02,1.344584399999999960e+02,1.073920599999999865e+02,4.000000000000000000e+00,1.038000000000000000e+03
1.435446000000000026e+02,1.813196200000000147e+02,9.481920000000000925e+01,0.000000000000000000e+00,1.058000000000000000e+03
1.396488799999999912e+02,2.271108200000000181e+02,1.271419800000000038e+02,7.000000000000000000e+00,5.200000000000000000e+01
1.262321399999999869e+02,2.469705600000000061e+02,1.415328199999999867e+02,7.000000000000000000e+00,7.240000000000000000e+02
1.341245600000000024e+02,2.209982999999999720e+02,1.231663599999999974e+02,3.000000000000000000e+00,1.039000000000000000e+03
6.302919999999999590e+01,3.065259800000000041e+02,1.886003799999999728e+02,2.000000000000000000e+01,3.680000000000000000e+02
1.325581799999999930e+02,1.841633800000000178e+02,8.877909999999999968e+01,0.000000000000000000e+00,7.400000000000000000e+02
1.111480399999999804e+02,1.848318199999999933e+02,6.896287999999999840e+01,5.000000000000000000e+00,4.540000000000000000e+02
1.276067599999999942e+02,2.610438399999999888e+02,1.530302599999999984e+02,1.100000000000000000e+01,9.000000000000000000e+01
1.941416999999999859e+02,1.708734599999999944e+02,1.465927000000000078e+02,6.000000000000000000e+00,8.030000000000000000e+02
7.781579999999999586e+01,2.686526999999999816e+02,1.357443199999999877e+02,1.500000000000000000e+01,1.180000000000000000e+02
1.266095400000000097e+02,1.599285200000000202e+02,8.095977999999999497e+01,1.000000000000000000e+00,6.490000000000000000e+02
1.130564599999999871e+02,2.652091800000000035e+02,1.487020599999999888e+02,1.100000000000000000e+01,8.910000000000000000e+02
7.535828000000000770e+01,2.984717200000000048e+02,1.814321600000000103e+02,1.700000000000000000e+01,7.870000000000000000e+02
1.174713599999999900e+02,5.541149999999999665e+01,1.701312399999999911e+02,2.100000000000000000e+01,5.500000000000000000e+02
7.623955999999998312e+01,5.236067999999999500e+01,1.379179399999999873e+02,1.900000000000000000e+01,1.860000000000000000e+02
9.488515999999999906e+01,2.866281600000000367e+02,1.618563200000000109e+02,1.700000000000000000e+01,1.077000000000000000e+03
1.189976199999999835e+02,8.912249999999998806e+01,1.384531000000000063e+02,8.000000000000000000e+00,9.380000000000000000e+02
1.497254599999999982e+02,1.561235800000000040e+02,1.081577399999999898e+02,2.000000000000000000e+00,7.800000000000000000e+01
1.294019599999999741e+02,2.187716399999999908e+02,1.192825399999999973e+02,3.000000000000000000e+00,1.061000000000000000e+03
6.383159999999998746e+01,2.997249599999999532e+02,1.726622000000000128e+02,1.700000000000000000e+01,5.800000000000000000e+02
1.259285199999999918e+02,1.673687400000000025e+02,9.594595999999999947e+01,0.000000000000000000e+00,4.410000000000000000e+02
1.416307400000000030e+02,2.774624400000000151e+02,1.734686800000000062e+02,1.100000000000000000e+01,5.010000000000000000e+02
9.754225999999999885e+01,1.795635200000000111e+02,6.829851999999999634e+01,5.000000000000000000e+00,2.860000000000000000e+02
2.977073999999999998e+01,1.673717999999999861e+01,1.920299599999999884e+02,2.200000000000000000e+01,1.081000000000000000e+03
9.485149999999998727e+01,2.614311000000000149e+02,1.365127199999999732e+02,1.200000000000000000e+01,2.080000000000000000e+02
1.161127199999999817e+02,1.759748199999999656e+02,9.025265999999999167e+01,1.000000000000000000e+00,0.000000000000000000e+00
1.508369199999999921e+02,1.516631199999999922e+02,1.062717600000000004e+02,2.000000000000000000e+00,7.100000000000000000e+01
9.569571999999999434e+01,4.964510000000000645e+01,1.625914000000000215e+02,2.100000000000000000e+01,3.600000000000000000e+02
9.716077999999998838e+01,4.992763999999999669e+01,1.677604199999999821e+02,2.100000000000000000e+01,4.900000000000000000e+02
3.948997999999999564e+01,1.700632399999999791e+02,3.022803999999999647e+01,1.400000000000000000e+01,5.950000000000000000e+02
5.946668000000000376e+01,1.689657199999999762e+02,4.310486000000000217e+01,9.000000000000000000e+00,9.410000000000000000e+02
1.350259000000000071e+02,1.909280199999999752e+02,9.984439999999997895e+01,0.000000000000000000e+00,8.900000000000000000e+02
1.751112199999999746e+02,1.597061600000000112e+02,1.561807000000000016e+02,1.000000000000000000e+01,1.095000000000000000e+03
1.526562600000000032e+02,1.787886600000000215e+02,9.830250000000000909e+01,2.000000000000000000e+00,8.670000000000000000e+02
1.222748799999999960e+02,2.103250199999999950e+02,1.108570000000000135e+02,3.000000000000000000e+00,5.170000000000000000e+02
1.156761600000000101e+02,1.597955800000000011e+02,6.846546000000000731e+01,1.000000000000000000e+00,4.530000000000000000e+02
1.387356399999999894e+02,1.088227800000000087e+02,1.371250599999999906e+02,8.000000000000000000e+00,3.470000000000000000e+02
1.840804200000000037e+02,1.767153399999999976e+02,1.530227800000000116e+02,1.000000000000000000e+01,2.050000000000000000e+02
1.277886599999999930e+02,2.659163800000000037e+02,1.557815400000000068e+02,1.100000000000000000e+01,2.380000000000000000e+02
8.127767999999998949e+01,2.940360799999999699e+02,1.709356799999999907e+02,1.700000000000000000e+01,5.190000000000000000e+02
1.930560799999999801e+02,1.732895000000000039e+02,1.420995999999999810e+02,6.000000000000000000e+00,7.270000000000000000e+02
1.369312600000000089e+02,2.516686799999999948e+02,1.500420000000000016e+02,7.000000000000000000e+00,1.112000000000000000e+03
1.162698000000000036e+02,1.588381400000000099e+02,8.159115999999998792e+01,1.000000000000000000e+00,7.990000000000000000e+02
6.377175999999999334e+01,2.940901400000000194e+02,1.537218199999999797e+02,1.700000000000000000e+01,1.320000000000000000e+02
1.460028000000000077e+02,1.849460599999999886e+02,9.260410000000000252e+01,0.000000000000000000e+00,1.054000000000000000e+03
1.476592799999999954e+02,1.796801400000000228e+02,9.264353999999998734e+01,0.000000000000000000e+00,1.078000000000000000e+03
7.711234000000000322e+01,1.725622400000000027e+02,5.619655999999999096e+01,9.000000000000000000e+00,6.680000000000000000e+02
4.944722000000000151e+01,3.340703999999999496e+01,1.532186200000000156e+02,2.200000000000000000e+01,1.060000000000000000e+02
1.418313399999999831e+02,1.739810599999999852e+02,1.041498200000000054e+02,0.000000000000000000e+00,6.060000000000000000e+02
1.539489399999999932e+02,1.783908600000000035e+02,1.030992199999999883e+02,2.000000000000000000e+00,8.430000000000000000e+02
5.507184000000000168e+01,3.111833000000000311e+02,1.924338799999999878e+02,2.000000000000000000e+01,3.790000000000000000e+02
9.507590000000000430e+01,2.901267599999999902e+02,1.662718999999999880e+02,1.700000000000000000e+01,9.640000000000000000e+02
5.943675999999999959e+01,3.680228000000000321e+01,1.712457599999999900e+02,2.200000000000000000e+01,1.230000000000000000e+02
3.761793999999999727e+01,2.295271999999999935e+01,1.859725199999999745e+02,2.200000000000000000e+01,1.005000000000000000e+03
1.338012200000000007e+02,2.487273399999999697e+02,1.462408000000000072e+02,7.000000000000000000e+00,7.040000000000000000e+02
9.479098000000000468e+01,1.792935599999999852e+02,6.403152000000000044e+01,5.000000000000000000e+00,3.400000000000000000e+02
1.070010599999999954e+02,1.573485999999999763e+02,7.620181999999999789e+01,1.000000000000000000e+00,7.260000000000000000e+02
4.918915999999999400e+01,3.051404800000000250e+02,1.666533799999999985e+02,2.000000000000000000e+01,2.780000000000000000e+02
7.894154000000000337e+01,2.513147400000000005e+02,1.133709599999999966e+02,1.200000000000000000e+01,9.370000000000000000e+02
1.009993800000000022e+02,9.937145999999999901e+01,1.210910000000000082e+02,1.800000000000000000e+01,2.070000000000000000e+02
1.313763399999999990e+02,1.173176800000000100e+02,1.251672599999999846e+02,8.000000000000000000e+00,4.670000000000000000e+02
1.691306199999999933e+02,1.681466599999999971e+02,1.174995799999999804e+02,2.000000000000000000e+00,5.310000000000000000e+02
1.282357599999999991e+02,7.217859999999998877e+01,1.546527399999999943e+02,1.300000000000000000e+01,4.520000000000000000e+02
1.341123200000000111e+02,2.445208599999999990e+02,1.428523600000000044e+02,7.000000000000000000e+00,6.110000000000000000e+02
6.282247999999999877e+01,5.291929999999999978e+01,1.271042400000000043e+02,1.900000000000000000e+01,1.024000000000000000e+03
1.422305000000000064e+02,1.700965599999999824e+02,1.008048999999999893e+02,0.000000000000000000e+00,5.200000000000000000e+02
1.360003399999999942e+02,1.384945799999999849e+02,1.120027999999999935e+02,4.000000000000000000e+00,1.070000000000000000e+02
6.396895999999999560e+01,3.828808000000000078e+01,1.530540599999999927e+02,1.900000000000000000e+01,8.890000000000000000e+02
1.255827399999999869e+02,2.058016599999999983e+02,1.086891600000000011e+02,3.000000000000000000e+00,4.380000000000000000e+02
1.106016599999999954e+02,1.631918399999999849e+02,6.899279999999998836e+01,1.000000000000000000e+00,1.047000000000000000e+03
1.349415799999999876e+02,2.288509400000000085e+02,1.300894399999999962e+02,7.000000000000000000e+00,1.520000000000000000e+02
1.520738400000000183e+02,1.757919000000000267e+02,9.146747999999998058e+01,0.000000000000000000e+00,1.103000000000000000e+03
1.235668799999999834e+02,1.636392799999999852e+02,8.335984000000000549e+01,1.000000000000000000e+00,7.510000000000000000e+02
9.930006000000000199e+01,2.248957199999999830e+02,1.121228199999999902e+02,1.200000000000000000e+01,1.133000000000000000e+03
1.093627000000000038e+02,2.525921199999999658e+02,1.355767000000000166e+02,1.200000000000000000e+01,4.100000000000000000e+01
9.984950000000000614e+01,2.591238599999999792e+02,1.335992599999999868e+02,1.200000000000000000e+01,1.730000000000000000e+02
1.143957199999999972e+02,1.797168599999999969e+02,8.651708000000000709e+01,1.000000000000000000e+00,1.200000000000000000e+01
6.562373999999999796e+01,2.815801799999999844e+02,1.321253600000000006e+02,1.500000000000000000e+01,3.380000000000000000e+02
1.261291200000000003e+02,1.664775999999999954e+02,7.513354000000001065e+01,1.000000000000000000e+00,4.510000000000000000e+02
1.163806399999999854e+02,2.847605399999999918e+02,1.767734799999999780e+02,1.100000000000000000e+01,9.630000000000000000e+02
9.466415999999999542e+01,2.740848799999999414e+02,1.464781199999999899e+02,1.500000000000000000e+01,5.440000000000000000e+02
1.236535799999999909e+02,2.803636599999999817e+02,1.691377599999999859e+02,1.100000000000000000e+01,1.079000000000000000e+03
1.006110999999999933e+02,5.094389999999999930e+01,1.606051199999999994e+02,2.100000000000000000e+01,3.240000000000000000e+02
5.570526000000000266e+01,2.875549999999999784e+01,1.846886800000000051e+02,2.200000000000000000e+01,6.130000000000000000e+02
1.154969800000000077e+02,5.643727999999999412e+01,1.655024799999999914e+02,2.100000000000000000e+01,3.800000000000000000e+02
1.553375000000000057e+02,1.653943600000000060e+02,1.059096600000000024e+02,2.000000000000000000e+00,1.980000000000000000e+02
1.351074999999999875e+02,1.831831599999999867e+02,8.264481999999999573e+01,0.000000000000000000e+00,9.780000000000000000e+02
1.127837800000000072e+02,7.231664000000000669e+01,1.471968799999999931e+02,1.300000000000000000e+01,2.440000000000000000e+02
9.795195999999999970e+01,1.832616999999999621e+02,6.218702000000000396e+01,5.000000000000000000e+00,5.940000000000000000e+02
9.261531999999999698e+01,1.744954682172314619e+02,7.526201834854103367e+01,5.000000000000000000e+00,1.147000000000000000e+03
1.056432699999999869e+02,1.546219700000000046e+02,5.939663999999999788e+01,5.000000000000000000e+00,1.148000000000000000e+03
2.046522899999999936e+02,1.774424601977287637e+02,1.309117916352152520e+02,6.000000000000000000e+00,1.149000000000000000e+03
2.578304999999999580e+01,1.561320055615964009e+01,1.863629150316126584e+02,2.200000000000000000e+01,1.150000000000000000e+03
