2.297505800000000136e+02,7.694404000000000110e+01,9.363327999999999918e+01,3.000000000000000000e+00,2.900000000000000000e+02
2.231841599999999630e+02,9.720939999999998804e+00,1.138602199999999840e+02,1.300000000000000000e+01,7.620000000000000000e+02
2.392899600000000078e+02,5.259629999999999939e+01,1.625264600000000144e+02,1.000000000000000000e+00,3.600000000000000000e+01
2.789373600000000124e+02,2.941679999999999495e+01,1.423733000000000004e+02,5.000000000000000000e+00,6.990000000000000000e+02
2.574643199999999865e+02,2.379014000000000095e+01,1.278209599999999995e+02,5.000000000000000000e+00,2.110000000000000000e+02
2.557221600000000024e+02,3.238805999999999585e+01,1.637055799999999977e+02,1.000000000000000000e+00,4.040000000000000000e+02
2.034464800000000082e+02,4.157180000000000319e+01,1.501946599999999989e+02,4.000000000000000000e+00,9.900000000000000000e+01
2.978702600000000302e+02,6.309040000000000248e+01,2.143043799999999806e+02,1.000000000000000000e+01,4.670000000000000000e+02
1.730011800000000051e+02,3.913637999999999550e+01,1.152579599999999971e+02,8.000000000000000000e+00,3.890000000000000000e+02
1.775979800000000068e+02,5.878396000000000043e+01,7.316901999999998907e+01,1.200000000000000000e+01,3.910000000000000000e+02
3.026176800000000071e+02,3.936587999999999710e+01,1.949859199999999930e+02,1.000000000000000000e+01,2.740000000000000000e+02
2.379333599999999933e+02,3.346483999999999526e+01,8.813479999999999848e+01,9.000000000000000000e+00,5.030000000000000000e+02
3.011685999999999694e+02,3.304969999999999430e+01,2.166082199999999887e+02,1.000000000000000000e+01,6.000000000000000000e+02
2.814904200000000287e+02,1.959522000000000119e+01,1.318927999999999940e+02,5.000000000000000000e+00,3.530000000000000000e+02
1.978055400000000077e+02,1.275748000000000104e+01,1.047539999999999907e+02,1.300000000000000000e+01,4.090000000000000000e+02
2.846537799999999834e+02,2.370683999999999969e+01,1.080502999999999929e+02,5.000000000000000000e+00,5.310000000000000000e+02
1.030013000000000005e+02,3.859781999999999869e+01,2.047921999999999798e+01,1.800000000000000000e+01,4.500000000000000000e+02
2.387762199999999950e+02,3.220615999999999701e+01,1.360544000000000153e+01,1.400000000000000000e+01,4.170000000000000000e+02
2.248824599999999805e+02,6.879219999999999402e+01,1.282537800000000061e+02,0.000000000000000000e+00,1.800000000000000000e+01
2.393919600000000116e+02,1.361325999999999858e+01,9.776325999999998828e+01,9.000000000000000000e+00,1.420000000000000000e+02
2.326116799999999785e+02,2.120477999999999952e+01,2.605930000000000035e+01,1.400000000000000000e+01,2.810000000000000000e+02
2.354683599999999615e+02,6.597903999999999769e+01,1.407766599999999926e+02,0.000000000000000000e+00,7.720000000000000000e+02
2.342576199999999744e+02,7.278617999999998744e+01,7.119803999999999178e+01,7.000000000000000000e+00,3.630000000000000000e+02
2.073268999999999949e+02,7.526648000000000138e+01,9.557638000000000034e+01,3.000000000000000000e+00,5.050000000000000000e+02
2.835858400000000188e+02,3.565001999999999782e+01,1.795087799999999731e+02,6.000000000000000000e+00,4.970000000000000000e+02
2.311156799999999976e+02,7.702971999999999753e+01,1.017861400000000032e+02,3.000000000000000000e+00,2.180000000000000000e+02
2.393742799999999420e+02,1.598611999999999789e+01,1.154867800000000102e+02,9.000000000000000000e+00,3.680000000000000000e+02
2.781040199999999913e+02,7.148738000000000170e+01,1.213391999999999804e+01,1.600000000000000000e+01,8.840000000000000000e+02
2.734249399999999923e+02,6.539491999999999905e+01,1.345512600000000134e+02,2.000000000000000000e+00,4.390000000000000000e+02
2.847217799999999670e+02,2.456499999999999773e+01,1.281640199999999936e+02,5.000000000000000000e+00,5.610000000000000000e+02
2.324321600000000103e+02,1.077255999999999858e+01,9.405725999999999942e+01,1.300000000000000000e+01,7.840000000000000000e+02
2.233252599999999859e+02,2.987546000000000390e+01,1.547751399999999933e+02,1.000000000000000000e+00,8.910000000000000000e+02
1.081822200000000009e+02,3.988097999999999388e+01,1.579877999999999894e+01,1.800000000000000000e+01,4.880000000000000000e+02
2.641106400000000463e+02,4.771050000000000324e+01,1.049257000000000062e+02,9.000000000000000000e+00,6.920000000000000000e+02
2.002018600000000106e+02,7.446543999999998675e+01,1.117382799999999889e+02,3.000000000000000000e+00,8.820000000000000000e+02
2.441043599999999856e+02,3.196067999999999998e+01,1.614680400000000020e+02,1.000000000000000000e+00,2.730000000000000000e+02
2.298512200000000121e+02,3.358520000000000039e+01,1.595589399999999785e+02,1.000000000000000000e+00,7.680000000000000000e+02
2.020742400000000032e+02,3.685804000000000258e+01,5.782039999999999935e+01,1.500000000000000000e+01,5.240000000000000000e+02
3.312970200000000318e+02,4.458556000000000097e+01,1.815423199999999895e+02,1.000000000000000000e+01,8.040000000000000000e+02
1.967862200000000144e+02,5.807506000000000057e+01,6.386934000000000111e+01,1.500000000000000000e+01,8.940000000000000000e+02
1.962823399999999765e+02,6.196295999999999538e+01,6.951333999999999946e+01,1.500000000000000000e+01,8.700000000000000000e+02
2.235812799999999640e+02,4.689551999999999765e+01,1.598686800000000119e+02,1.000000000000000000e+00,2.680000000000000000e+02
2.351225799999999992e+02,1.198805999999999905e+01,8.643616000000000099e+01,1.100000000000000000e+01,6.070000000000000000e+02
1.942603600000000199e+02,2.443070000000000164e+01,1.261053200000000061e+02,1.300000000000000000e+01,1.400000000000000000e+01
1.666363800000000026e+02,4.072316000000000003e+01,5.111355999999999966e+01,1.500000000000000000e+01,4.400000000000000000e+01
2.137692199999999900e+02,6.770080000000000098e+01,8.255233999999998673e+01,3.000000000000000000e+00,5.900000000000000000e+02
2.422656399999999906e+02,7.041773999999999489e+01,9.892775999999999215e+01,3.000000000000000000e+00,5.360000000000000000e+02
9.854185999999999979e+01,4.838369999999999749e+01,2.212107999999999919e+01,1.800000000000000000e+01,6.620000000000000000e+02
1.638701399999999921e+02,4.495241999999999649e+01,4.641611999999999938e+01,1.700000000000000000e+01,1.750000000000000000e+02
2.427310999999999694e+02,1.750319999999999965e+01,8.045725999999999090e+01,1.100000000000000000e+01,5.670000000000000000e+02
2.866740599999999972e+02,6.243521999999999395e+01,1.033283799999999957e+02,2.000000000000000000e+00,8.420000000000000000e+02
2.357407000000000323e+02,6.832265999999999906e+01,4.910858000000000345e+01,7.000000000000000000e+00,6.880000000000000000e+02
2.611954799999999750e+02,4.004350000000000165e+01,1.018595799999999940e+02,9.000000000000000000e+00,6.180000000000000000e+02
2.414686800000000062e+02,7.205483999999999867e+01,9.281251999999999214e+01,7.000000000000000000e+00,7.550000000000000000e+02
1.371117999999999881e+02,4.045421999999999940e+01,1.568249999999999922e+01,1.700000000000000000e+01,8.260000000000000000e+02
1.743703600000000051e+02,5.816651999999999845e+01,8.913337999999998829e+01,1.200000000000000000e+01,1.540000000000000000e+02
2.034794600000000173e+02,6.259400000000000119e+01,1.343119000000000085e+02,4.000000000000000000e+00,5.130000000000000000e+02
2.487463800000000163e+02,3.984697999999999496e+01,9.041960000000000264e+01,9.000000000000000000e+00,4.360000000000000000e+02
2.532455999999999676e+02,2.271505999999999759e+01,1.046180000000000021e+01,1.400000000000000000e+01,9.590000000000000000e+02
1.642947999999999809e+01,4.255440000000000111e+01,1.754195999999999955e+01,1.900000000000000000e+01,9.570000000000000000e+02
2.658946200000000317e+02,4.768398000000000536e+01,1.735441600000000051e+02,6.000000000000000000e+00,7.470000000000000000e+02
2.481404999999999461e+02,4.768057999999999907e+01,8.997216000000000236e+01,9.000000000000000000e+00,7.460000000000000000e+02
2.749559600000000046e+02,2.270044000000000040e+01,1.538584999999999923e+02,6.000000000000000000e+00,4.830000000000000000e+02
1.334112399999999923e+02,4.818616000000000099e+01,1.650224000000000046e+01,1.700000000000000000e+01,9.690000000000000000e+02
1.710743999999999971e+02,5.206148000000000309e+01,6.525755999999999801e+01,1.200000000000000000e+01,6.830000000000000000e+02
1.745498800000000017e+02,5.515173999999999666e+01,5.077287999999999357e+01,1.500000000000000000e+01,7.510000000000000000e+02
2.742803799999999796e+02,5.860545999999999367e+01,1.329437399999999911e+02,2.000000000000000000e+00,3.560000000000000000e+02
3.090011799999999766e+02,3.361477999999999611e+01,1.869207800000000077e+02,1.000000000000000000e+01,8.990000000000000000e+02
2.592904600000000528e+02,5.269047999999999377e+01,1.038431400000000053e+02,9.000000000000000000e+00,7.880000000000000000e+02
2.154542599999999766e+02,1.682387999999999906e+01,8.862473999999998853e+01,1.300000000000000000e+01,6.690000000000000000e+02
3.019414199999999937e+02,4.755375999999999692e+01,2.125224399999999889e+02,1.000000000000000000e+01,1.480000000000000000e+02
2.311265600000000120e+02,7.051463999999999999e+01,1.264592600000000004e+02,0.000000000000000000e+00,2.100000000000000000e+01
2.266698400000000220e+02,6.217511999999999972e+01,5.374447999999999581e+01,7.000000000000000000e+00,9.100000000000000000e+02
3.172828999999999837e+02,4.531486000000000303e+01,2.012657199999999875e+02,1.000000000000000000e+01,3.770000000000000000e+02
2.037286799999999971e+02,4.291684000000000054e+01,5.679359999999999786e+01,1.500000000000000000e+01,4.540000000000000000e+02
2.127376600000000053e+02,7.653468000000000870e+01,1.177613800000000026e+02,3.000000000000000000e+00,3.400000000000000000e+01
2.793453599999999710e+02,1.997363999999999962e+01,1.257435600000000022e+02,5.000000000000000000e+00,3.180000000000000000e+02
2.552356199999999831e+02,2.899145999999999646e+01,1.270341999999999949e+01,1.400000000000000000e+01,8.530000000000000000e+02
2.099197400000000187e+02,2.845358000000000231e+01,1.461666800000000137e+02,4.000000000000000000e+00,3.540000000000000000e+02
2.089425799999999924e+02,6.120815999999999235e+01,7.262467999999999790e+01,7.000000000000000000e+00,5.100000000000000000e+01
2.412612799999999709e+02,2.462857999999999947e+01,2.339744000000000312e+01,1.400000000000000000e+01,2.890000000000000000e+02
2.248311199999999985e+02,2.847023999999999688e+01,8.008971999999998559e+01,1.100000000000000000e+01,1.040000000000000000e+02
2.129318000000000097e+02,6.051762000000000796e+01,1.459521400000000142e+02,4.000000000000000000e+00,4.160000000000000000e+02
3.033476599999999621e+02,2.138701999999999970e+01,2.283929600000000164e+02,1.000000000000000000e+01,7.140000000000000000e+02
1.688647399999999834e+02,5.227363999999999322e+01,2.994651999999999958e+01,1.700000000000000000e+01,1.720000000000000000e+02
2.999415399999999750e+02,4.060041999999999973e+01,2.131085999999999672e+02,1.000000000000000000e+01,5.640000000000000000e+02
2.472031199999999842e+02,3.611887999999999721e+01,1.650557200000000080e+02,1.000000000000000000e+00,2.190000000000000000e+02
2.293850799999999879e+02,3.302828000000000230e+01,1.298256000000000121e+01,1.400000000000000000e+01,9.010000000000000000e+02
1.386815799999999967e+02,5.001059999999999661e+01,2.552924000000000149e+01,1.700000000000000000e+01,4.120000000000000000e+02
1.700530400000000100e+02,5.325385999999999598e+01,9.412389999999999191e+01,1.200000000000000000e+01,6.400000000000000000e+01
2.417427199999999630e+02,2.180352000000000245e+01,1.417956399999999917e+02,1.000000000000000000e+00,6.110000000000000000e+02
2.951607999999999947e+02,5.427385999999999910e+01,1.845343199999999797e+02,1.000000000000000000e+01,4.990000000000000000e+02
2.428895400000000109e+02,1.853713999999999729e+01,1.007049399999999935e+02,9.000000000000000000e+00,1.060000000000000000e+02
2.676187600000000089e+02,4.299639999999999418e+01,1.076385599999999840e+02,9.000000000000000000e+00,6.600000000000000000e+02
1.932648399999999924e+02,2.274022000000000077e+01,7.323668000000000688e+01,1.500000000000000000e+01,4.940000000000000000e+02
2.916108600000000024e+02,5.198736000000000246e+01,2.034390000000000214e+02,1.000000000000000000e+01,3.800000000000000000e+01
1.893524600000000078e+02,1.746579999999999799e+01,1.064978599999999886e+02,1.300000000000000000e+01,6.900000000000000000e+01
2.742368599999999788e+02,5.080348000000000042e+01,1.747889000000000124e+02,6.000000000000000000e+00,8.510000000000000000e+02
1.831290999999999656e+02,6.405396000000000356e+01,1.078571799999999996e+02,8.000000000000000000e+00,8.550000000000000000e+02
1.874008599999999944e+02,5.595243999999998863e+01,1.305069599999999923e+02,4.000000000000000000e+00,8.300000000000000000e+02
2.904184800000000450e+02,3.052622000000000213e+01,1.459667599999999936e+02,5.000000000000000000e+00,7.760000000000000000e+02
2.624211800000000494e+02,7.552317999999999643e+01,1.131315999999999988e+01,1.600000000000000000e+01,6.940000000000000000e+02
2.560247600000000148e+02,6.218871999999998934e+01,1.655392000000000152e+01,1.600000000000000000e+01,4.240000000000000000e+02
2.214273799999999710e+02,2.353412000000000148e+01,1.451691200000000208e+02,1.000000000000000000e+00,9.520000000000000000e+02
2.404408599999999865e+02,2.405499999999999616e+01,4.494324000000000296e+01,1.100000000000000000e+01,9.620000000000000000e+02
2.389472399999999936e+02,7.346651999999998850e+01,1.086160599999999903e+02,0.000000000000000000e+00,7.690000000000000000e+02
2.640048999999999637e+02,3.663568000000000069e+01,1.066678599999999904e+02,9.000000000000000000e+00,3.920000000000000000e+02
1.798559199999999976e+02,3.652041999999999433e+01,3.680193999999999477e+01,1.500000000000000000e+01,3.260000000000000000e+02
2.883342799999999784e+02,3.214155999999999835e+01,9.021049999999999613e+01,5.000000000000000000e+00,9.170000000000000000e+02
2.446561800000000062e+02,3.302692000000000405e+01,9.404841999999999302e+01,9.000000000000000000e+00,2.600000000000000000e+02
1.814647999999999968e+02,3.869097999999999615e+01,1.293166200000000003e+02,8.000000000000000000e+00,7.250000000000000000e+02
7.047758000000000322e+01,4.730453999999999581e+01,1.613231999999999999e+01,1.900000000000000000e+01,1.130000000000000000e+02
1.945350799999999651e+02,7.279774000000000456e+01,9.344934000000000651e+01,3.000000000000000000e+00,6.010000000000000000e+02
5.350070000000000192e+01,4.719709999999999894e+01,1.625811999999999813e+01,1.900000000000000000e+01,2.940000000000000000e+02
2.616589000000000169e+02,2.441743999999999915e+01,1.337298199999999895e+02,5.000000000000000000e+00,3.160000000000000000e+02
2.291256599999999821e+02,2.250289999999999679e+01,4.078231999999999857e+01,1.100000000000000000e+01,8.070000000000000000e+02
2.620220199999999977e+02,6.878132000000000801e+01,9.787240000000000606e+00,1.600000000000000000e+01,7.380000000000000000e+02
1.985994399999999871e+02,3.125245999999999924e+01,6.155530000000000257e+01,1.500000000000000000e+01,2.570000000000000000e+02
2.247454400000000021e+02,2.780689999999999884e+01,7.380244000000000426e+01,1.100000000000000000e+01,1.360000000000000000e+02
2.872224799999999618e+02,3.520427999999999713e+01,1.384578600000000108e+02,5.000000000000000000e+00,6.790000000000000000e+02
3.154519999999999982e+02,3.639020000000000010e+01,1.873899800000000084e+02,1.000000000000000000e+01,8.610000000000000000e+02
2.030160400000000038e+02,3.054525999999999897e+01,1.439539599999999950e+02,4.000000000000000000e+00,2.130000000000000000e+02
2.011042199999999980e+02,7.451066000000000145e+01,9.404331999999999425e+01,3.000000000000000000e+00,5.650000000000000000e+02
2.054320799999999849e+02,1.676539999999999964e+01,1.241272000000000020e+02,1.300000000000000000e+01,1.470000000000000000e+02
2.956731800000000021e+02,3.485611999999999711e+01,1.508263799999999719e+02,6.000000000000000000e+00,3.430000000000000000e+02
1.736505799999999908e+02,5.077219999999999800e+01,1.145069000000000017e+02,8.000000000000000000e+00,9.630000000000000000e+02
2.269489800000000059e+02,5.271292000000000399e+01,1.591546800000000133e+02,1.000000000000000000e+00,5.000000000000000000e+00
2.074288999999999987e+02,6.831517999999999802e+01,8.016961999999999477e+01,3.000000000000000000e+00,6.120000000000000000e+02
2.418732799999999941e+02,4.201277999999999935e+01,1.653521999999999821e+02,1.000000000000000000e+00,1.340000000000000000e+02
2.184884200000000192e+02,5.632371999999999446e+01,7.396529999999999916e+01,7.000000000000000000e+00,7.900000000000000000e+01
1.967818000000000040e+02,3.342846000000000117e+01,1.419646199999999965e+02,4.000000000000000000e+00,2.960000000000000000e+02
2.746825999999999794e+02,2.182901999999999632e+01,1.297922800000000052e+02,5.000000000000000000e+00,3.400000000000000000e+02
1.837342999999999904e+02,4.270365999999999218e+01,3.562316000000000571e+01,1.500000000000000000e+01,3.310000000000000000e+02
2.376538800000000151e+02,2.091339999999999932e+01,1.226179399999999902e+02,9.000000000000000000e+00,6.810000000000000000e+02
2.367103799999999865e+02,4.683431999999999817e+01,1.638538199999999847e+02,1.000000000000000000e+00,8.600000000000000000e+01
2.230471399999999562e+02,5.224202000000000368e+01,7.383677999999999031e+01,7.000000000000000000e+00,1.460000000000000000e+02
2.316277199999999823e+02,3.011787999999999954e+01,5.849734000000000123e+01,1.100000000000000000e+01,8.500000000000000000e+02
2.596722800000000007e+02,4.914224000000000103e+01,1.702662200000000041e+02,6.000000000000000000e+00,8.540000000000000000e+02
1.736175999999999817e+02,3.277429999999999666e+01,6.023167999999999722e+01,1.500000000000000000e+01,4.380000000000000000e+02
2.491166399999999896e+02,6.170490000000000208e+01,1.136222199999999987e+02,0.000000000000000000e+00,7.210000000000000000e+02
2.896895199999999591e+02,2.625751999999999953e+01,9.118663999999998282e+01,5.000000000000000000e+00,7.950000000000000000e+02
1.719699599999999862e+02,3.184405999999999892e+01,9.640700000000001069e+01,1.200000000000000000e+01,5.120000000000000000e+02
2.543206799999999532e+02,5.317668000000000461e+01,9.983250000000001023e+01,9.000000000000000000e+00,8.120000000000000000e+02
2.111753599999999835e+02,2.107931999999999917e+01,7.915131999999999834e+01,1.100000000000000000e+01,3.830000000000000000e+02
8.143407999999999447e+01,4.715731999999999147e+01,1.579401999999999795e+01,1.800000000000000000e+01,8.600000000000000000e+02
2.807322199999999839e+02,5.876389999999999958e+01,1.651182799999999986e+02,6.000000000000000000e+00,8.870000000000000000e+02
2.265753200000000334e+02,7.023243999999999687e+01,6.696809999999999263e+01,7.000000000000000000e+00,2.820000000000000000e+02
2.039411800000000028e+02,2.185213999999999857e+01,1.279725999999999999e+02,1.300000000000000000e+01,9.600000000000000000e+01
2.887531599999999798e+02,4.582486000000000814e+01,2.056245199999999897e+02,1.000000000000000000e+01,7.000000000000000000e+01
2.900400600000000395e+02,5.706015999999999622e+01,1.656269199999999842e+02,6.000000000000000000e+00,2.460000000000000000e+02
4.159797999999999973e+01,4.431865999999999417e+01,2.140367999999999782e+01,1.900000000000000000e+01,9.490000000000000000e+02
1.837196800000000110e+02,4.428602000000000061e+01,1.334088599999999758e+02,8.000000000000000000e+00,6.560000000000000000e+02
2.280308600000000183e+02,6.622860000000000014e+01,1.449726000000000070e+01,1.600000000000000000e+01,3.320000000000000000e+02
8.619238000000000000e+01,4.755307999999999424e+01,2.288472000000000151e+01,1.800000000000000000e+01,7.560000000000000000e+02
1.688290399999999920e+02,5.166266000000000247e+01,8.750919999999999277e+01,1.200000000000000000e+01,8.900000000000000000e+01
2.010263599999999542e+02,7.556738000000000000e+01,1.020527000000000015e+02,3.000000000000000000e+00,7.660000000000000000e+02
2.436508000000000038e+02,3.644731999999999772e+01,8.860536000000000456e+01,9.000000000000000000e+00,3.500000000000000000e+02
2.235653000000000077e+02,2.499849999999999639e+01,6.750292000000000314e+01,1.100000000000000000e+01,6.230000000000000000e+02
1.722433199999999829e+02,4.748711999999999733e+01,2.631123999999999796e+01,1.700000000000000000e+01,8.800000000000000000e+01
2.384987799999999822e+02,7.083559999999999945e+01,1.189306399999999826e+02,0.000000000000000000e+00,4.520000000000000000e+02
2.229655399999999759e+02,1.728117999999999910e+01,1.282439200000000028e+02,1.300000000000000000e+01,3.300000000000000000e+02
2.919607199999999807e+02,5.955303999999999576e+01,9.982807999999998572e+01,2.000000000000000000e+00,8.450000000000000000e+02
2.378871199999999533e+02,7.034192000000000178e+01,6.584847999999999502e+01,7.000000000000000000e+00,4.460000000000000000e+02
2.738570799999999963e+02,5.572531999999998931e+01,1.659285000000000139e+02,6.000000000000000000e+00,8.750000000000000000e+02
2.736925200000000018e+02,6.651590000000000202e+01,1.409364600000000110e+02,2.000000000000000000e+00,5.160000000000000000e+02
2.945103799999999978e+02,5.069093999999999767e+01,1.473464799999999855e+02,6.000000000000000000e+00,1.370000000000000000e+02
2.032662799999999947e+02,1.148961999999999861e+01,1.009320599999999928e+02,1.300000000000000000e+01,3.360000000000000000e+02
3.023657400000000166e+02,3.179102000000000317e+01,1.919643400000000213e+02,1.000000000000000000e+01,9.270000000000000000e+02
2.438935600000000079e+02,6.278848000000000695e+01,1.002486600000000152e+02,9.000000000000000000e+00,9.680000000000000000e+02
2.405265399999999829e+02,6.257665999999998974e+01,4.791756000000000171e+01,7.000000000000000000e+00,9.260000000000000000e+02
2.847754999999999654e+02,6.198676000000000386e+01,1.299466400000000021e+02,2.000000000000000000e+00,7.260000000000000000e+02
2.161771000000000242e+02,4.056913999999999731e+01,6.628231999999999857e+01,1.100000000000000000e+01,3.510000000000000000e+02
1.373817599999999857e+02,4.563412000000000290e+01,3.004715999999999454e+01,1.700000000000000000e+01,4.480000000000000000e+02
2.322822199999999668e+02,5.580861999999999767e+01,2.192183999999999955e+01,1.600000000000000000e+01,1.010000000000000000e+02
2.102750399999999900e+02,5.505517999999999290e+01,1.502701399999999978e+02,4.000000000000000000e+00,1.740000000000000000e+02
1.590931399999999769e+02,5.213423999999999836e+01,2.868919999999999604e+01,1.700000000000000000e+01,2.440000000000000000e+02
2.523962799999999902e+02,6.708030000000000825e+01,1.752087999999999823e+01,1.600000000000000000e+01,4.820000000000000000e+02
2.434631200000000035e+02,6.911655999999999267e+01,8.613696000000000197e+01,7.000000000000000000e+00,6.630000000000000000e+02
3.179445400000000177e+02,4.935099999999999909e+01,1.922142399999999611e+02,1.000000000000000000e+01,5.040000000000000000e+02
2.437191400000000101e+02,6.191366000000000014e+01,8.259177999999999997e+01,7.000000000000000000e+00,6.170000000000000000e+02
2.112083399999999926e+02,7.695933999999999742e+01,1.113771999999999878e+02,3.000000000000000000e+00,4.500000000000000000e+01
3.067830199999999650e+02,4.538489999999999469e+01,1.800565199999999777e+02,1.000000000000000000e+01,5.600000000000000000e+02
9.756231999999998550e+01,3.928869999999999862e+01,1.758377999999999730e+01,1.800000000000000000e+01,4.760000000000000000e+02
3.114522400000000175e+02,4.781861999999999568e+01,1.967902999999999736e+02,1.000000000000000000e+01,2.920000000000000000e+02
2.393572799999999745e+02,2.232270000000000110e+01,3.837375999999999721e+01,1.400000000000000000e+01,1.940000000000000000e+02
1.958981399999999837e+02,1.633904000000000067e+01,8.484904000000000224e+01,1.300000000000000000e+01,8.030000000000000000e+02
2.064819999999999709e+02,5.796659999999999968e+01,1.450643999999999778e+02,4.000000000000000000e+00,2.370000000000000000e+02
1.729287600000000111e+02,5.505279999999999774e+01,7.113581999999999539e+01,1.200000000000000000e+01,5.870000000000000000e+02
2.078147999999999911e+02,2.426817999999999742e+01,1.366276399999999853e+02,4.000000000000000000e+00,9.040000000000000000e+02
1.402945400000000120e+02,4.600573999999999586e+01,1.537752000000000052e+01,1.700000000000000000e+01,8.930000000000000000e+02
1.057862400000000065e+02,4.759115999999999502e+01,1.598917999999999928e+01,1.800000000000000000e+01,6.590000000000000000e+02
2.954725799999999936e+02,4.173601999999999634e+01,1.460711399999999855e+02,6.000000000000000000e+00,3.520000000000000000e+02
2.950020199999999591e+02,5.360473999999999961e+01,1.780794199999999989e+02,6.000000000000000000e+00,3.600000000000000000e+02
2.494773799999999824e+02,7.046160000000000423e+01,1.226312000000000069e+01,1.600000000000000000e+01,5.840000000000000000e+02
2.606436600000000112e+02,1.359796000000000049e+01,1.567910000000000004e+01,1.400000000000000000e+01,5.390000000000000000e+02
2.444195399999999836e+02,6.464521999999999480e+01,1.037951999999999941e+01,1.600000000000000000e+01,2.690000000000000000e+02
2.664369199999999864e+02,6.177085999999999899e+01,1.360333200000000033e+02,2.000000000000000000e+00,1.640000000000000000e+02
2.488731999999999687e+02,2.321587999999999852e+01,1.450681399999999996e+02,1.000000000000000000e+00,5.000000000000000000e+02
2.802548599999999510e+02,2.129181999999999775e+01,1.195402599999999751e+02,5.000000000000000000e+00,3.350000000000000000e+02
2.625058399999999779e+02,6.249744000000000455e+01,1.411547400000000039e+02,2.000000000000000000e+00,6.600000000000000000e+01
2.286517000000000053e+02,6.641560000000001196e+01,1.372267200000000003e+02,0.000000000000000000e+00,4.050000000000000000e+02
2.469093599999999640e+02,2.272390000000000043e+01,1.225975399999999809e+02,9.000000000000000000e+00,9.300000000000000000e+01
2.824046799999999848e+02,6.015620000000000545e+01,1.221854600000000062e+02,2.000000000000000000e+00,7.610000000000000000e+02
3.138845999999999776e+02,4.592651999999999646e+01,1.766680799999999749e+02,1.000000000000000000e+01,8.150000000000000000e+02
1.711536199999999894e+02,3.499925999999999959e+01,6.682019999999999982e+01,1.200000000000000000e+01,8.190000000000000000e+02
2.951672599999999989e+02,3.242239999999999611e+01,1.888322600000000193e+02,1.000000000000000000e+01,9.390000000000000000e+02
2.350130999999999801e+02,6.652508000000000266e+01,3.226395999999999731e+01,1.600000000000000000e+01,4.060000000000000000e+02
1.739487599999999929e+02,3.078461999999999676e+01,7.618890000000000384e+01,1.200000000000000000e+01,7.530000000000000000e+02
2.364563999999999737e+02,5.820324000000000098e+01,1.578001199999999926e+02,1.000000000000000000e+00,3.500000000000000000e+01
3.166875600000000190e+02,3.993538000000000210e+01,1.983835400000000107e+02,1.000000000000000000e+01,4.710000000000000000e+02
2.164613399999999785e+02,6.977581999999999596e+01,8.819599999999999795e+01,3.000000000000000000e+00,5.230000000000000000e+02
2.900676000000000272e+02,4.275636000000000081e+01,1.359711000000000070e+02,5.000000000000000000e+00,3.000000000000000000e+00
1.943014999999999759e+02,7.121912000000000376e+01,8.673773999999998807e+01,3.000000000000000000e+00,7.700000000000000000e+02
2.082425199999999847e+02,6.194969999999999999e+01,1.398127599999999973e+02,4.000000000000000000e+00,4.150000000000000000e+02
2.431778600000000097e+02,2.372928000000000281e+01,1.169780199999999866e+02,9.000000000000000000e+00,6.800000000000000000e+01
2.287146000000000186e+02,2.999786000000000286e+01,6.578149999999999409e+01,1.100000000000000000e+01,2.150000000000000000e+02
2.550390999999999906e+02,4.443493999999999744e+01,1.698782799999999895e+02,1.000000000000000000e+00,2.260000000000000000e+02
1.540070800000000020e+02,5.098911999999999267e+01,2.195345999999999975e+01,1.700000000000000000e+01,3.420000000000000000e+02
2.001787400000000048e+02,7.108481999999999346e+01,8.377701999999999316e+01,3.000000000000000000e+00,7.780000000000000000e+02
2.346061200000000042e+02,2.952865999999999502e+01,1.577793800000000033e+02,1.000000000000000000e+00,7.000000000000000000e+02
1.936752199999999959e+02,3.132250000000000156e+01,5.780339999999998923e+01,1.500000000000000000e+01,1.380000000000000000e+02
7.280589999999999407e+01,4.624680000000000035e+01,2.385100000000000264e+01,1.900000000000000000e+01,5.900000000000000000e+01
2.310317000000000007e+02,6.803400000000000603e+01,5.320863999999999550e+01,7.000000000000000000e+00,6.400000000000000000e+02
2.070399399999999730e+02,1.687895999999999930e+01,8.359750000000001080e+01,1.300000000000000000e+01,9.640000000000000000e+02
1.917837999999999852e+02,3.229116000000000497e+01,1.362376600000000053e+02,4.000000000000000000e+00,5.320000000000000000e+02
2.012769399999999962e+02,1.776126000000000005e+01,8.084621999999998820e+01,1.300000000000000000e+01,9.110000000000000000e+02
2.548337399999999775e+02,2.496687999999999619e+01,1.489502600000000143e+02,1.000000000000000000e+00,4.650000000000000000e+02
2.847272199999999884e+02,4.674830000000000041e+01,1.911354199999999821e+02,1.000000000000000000e+01,1.200000000000000000e+01
1.999278199999999686e+02,2.020823999999999998e+01,1.232659799999999990e+02,1.300000000000000000e+01,4.300000000000000000e+01
7.237613999999999237e+01,3.979903999999999797e+01,2.103580000000000183e+01,1.900000000000000000e+01,1.110000000000000000e+02
1.962153599999999756e+02,1.338682000000000016e+01,9.843170000000000641e+01,1.300000000000000000e+01,6.160000000000000000e+02
2.199782999999999902e+02,6.329168000000000660e+01,1.455975200000000029e+02,0.000000000000000000e+00,4.430000000000000000e+02
2.729377200000000130e+02,2.882485999999999748e+01,1.244195999999999991e+01,1.400000000000000000e+01,8.400000000000000000e+02
2.433397000000000219e+02,5.722879999999999967e+01,1.597530799999999829e+02,1.000000000000000000e+00,9.000000000000000000e+01
2.909216799999999807e+02,5.752221999999999014e+01,9.359009999999999252e+01,2.000000000000000000e+00,9.060000000000000000e+02
2.876192599999999970e+02,2.456738000000000000e+01,1.438822199999999896e+02,5.000000000000000000e+00,8.100000000000000000e+02
1.117481399999999923e+02,4.162415999999999627e+01,2.755529999999999902e+01,1.800000000000000000e+01,3.660000000000000000e+02
2.008505799999999795e+02,4.802873999999999910e+01,1.481223599999999863e+02,4.000000000000000000e+00,3.700000000000000000e+02
1.984049599999999884e+02,4.127566000000000201e+01,5.234945999999999344e+01,1.500000000000000000e+01,4.010000000000000000e+02
2.816332199999999943e+02,2.750667999999999580e+01,1.640455800000000011e+02,6.000000000000000000e+00,5.550000000000000000e+02
2.365471799999999973e+02,1.205742000000000047e+01,1.037479399999999998e+02,9.000000000000000000e+00,2.010000000000000000e+02
2.410651000000000010e+02,1.484473999999999805e+01,8.805728000000000577e+01,9.000000000000000000e+00,2.140000000000000000e+02
2.002742799999999761e+02,4.829768000000000683e+01,5.498309999999999320e+01,1.500000000000000000e+01,5.510000000000000000e+02
2.097949600000000316e+02,1.259597999999999907e+01,1.210678800000000024e+02,1.300000000000000000e+01,2.250000000000000000e+02
1.429349799999999959e+02,5.077900000000000347e+01,2.099840000000000018e+01,1.700000000000000000e+01,3.390000000000000000e+02
2.834821400000000153e+02,6.666277999999999793e+01,1.220732599999999906e+02,2.000000000000000000e+00,7.050000000000000000e+02
2.878667799999999488e+02,5.302639999999999532e+01,1.811713800000000276e+02,6.000000000000000000e+00,7.180000000000000000e+02
2.293041600000000244e+02,1.670351999999999748e+01,6.439871999999999730e+01,1.100000000000000000e+01,6.490000000000000000e+02
3.123991399999999885e+02,5.221685999999999694e+01,1.894082200000000000e+02,1.000000000000000000e+01,4.530000000000000000e+02
1.761567200000000071e+02,3.796439999999999770e+01,1.208931200000000104e+02,8.000000000000000000e+00,4.440000000000000000e+02
2.300650799999999947e+02,5.453974000000000188e+01,1.589499999999999957e+01,1.600000000000000000e+01,2.700000000000000000e+01
2.781492399999999634e+02,6.198199999999999932e+01,1.061310000000000109e+01,1.600000000000000000e+01,9.120000000000000000e+02
2.669302599999999757e+02,1.348643999999999998e+01,1.603031999999999968e+01,1.400000000000000000e+01,5.760000000000000000e+02
2.394487400000000150e+02,6.766849999999999454e+01,5.959248000000000189e+01,7.000000000000000000e+00,5.010000000000000000e+02
1.861989599999999996e+02,5.905935999999999808e+01,1.245256799999999942e+02,8.000000000000000000e+00,6.700000000000000000e+02
2.315053199999999833e+02,5.750079999999999814e+01,5.518335999999999331e+01,7.000000000000000000e+00,8.660000000000000000e+02
1.855573800000000233e+02,5.079395999999999844e+01,1.332398799999999994e+02,4.000000000000000000e+00,8.060000000000000000e+02
1.977677999999999940e+02,5.473183999999999827e+01,5.883053999999999917e+01,1.500000000000000000e+01,9.030000000000000000e+02
2.883781399999999735e+02,3.336249999999999716e+01,1.761308800000000190e+02,6.000000000000000000e+00,4.700000000000000000e+02
2.175564799999999934e+02,5.787309999999999377e+01,1.518538599999999974e+02,4.000000000000000000e+00,1.860000000000000000e+02
2.429364599999999825e+02,2.067539999999999978e+01,1.115655600000000049e+02,9.000000000000000000e+00,6.100000000000000000e+01
2.201159999999999854e+02,4.778019999999999357e+01,6.925119999999999720e+01,7.000000000000000000e+00,1.690000000000000000e+02
2.230076999999999714e+02,6.111601999999999890e+01,1.506832400000000121e+02,0.000000000000000000e+00,4.730000000000000000e+02
2.964085999999999785e+02,2.734619999999999607e+01,2.127730200000000025e+02,1.000000000000000000e+01,4.850000000000000000e+02
2.337024000000000257e+01,4.469946000000000197e+01,1.874318000000000239e+01,1.900000000000000000e+01,9.200000000000000000e+02
2.386259399999999857e+02,5.520953999999999695e+01,1.439151999999999987e+01,1.600000000000000000e+01,1.730000000000000000e+02
2.817498400000000061e+02,6.765829999999999700e+01,1.331773200000000088e+02,2.000000000000000000e+00,6.320000000000000000e+02
1.755158199999999908e+02,5.204346000000000316e+01,3.434985999999999962e+01,1.700000000000000000e+01,4.800000000000000000e+01
2.620716599999999517e+02,3.054832000000000036e+01,1.617736999999999910e+02,1.000000000000000000e+00,4.270000000000000000e+02
2.530347999999999900e+02,6.555097999999999558e+01,1.046927999999999948e+01,1.600000000000000000e+01,6.760000000000000000e+02
2.702075199999999882e+02,3.162373999999999796e+01,1.651529600000000073e+02,6.000000000000000000e+00,6.290000000000000000e+02
2.798332599999999957e+02,6.741281999999999641e+01,1.421985400000000084e+02,2.000000000000000000e+00,5.730000000000000000e+02
2.625619399999999928e+02,3.139763999999999911e+01,1.113166800000000052e+02,9.000000000000000000e+00,6.380000000000000000e+02
2.597715600000000222e+02,2.472241999999999962e+01,1.439828600000000165e+02,1.000000000000000000e+00,4.750000000000000000e+02
3.215584000000000060e+02,3.717016000000000275e+01,1.845452000000000226e+02,1.000000000000000000e+01,8.520000000000000000e+02
2.867777600000000007e+02,6.098409999999999087e+01,1.379658799999999701e+02,2.000000000000000000e+00,3.480000000000000000e+02
1.304382799999999918e+02,4.749358000000000146e+01,2.793202000000000140e+01,1.700000000000000000e+01,4.610000000000000000e+02
2.694278999999999655e+02,4.882705999999999591e+01,1.109348599999999863e+02,2.000000000000000000e+00,6.930000000000000000e+02
2.437436199999999928e+02,2.486793999999999727e+01,1.068504400000000061e+02,9.000000000000000000e+00,5.200000000000000000e+01
2.357672199999999805e+02,2.096677999999999642e+01,1.299231800000000021e+02,1.000000000000000000e+00,7.500000000000000000e+02
2.542720599999999820e+02,2.393701999999999686e+01,1.221541799999999967e+02,9.000000000000000000e+00,3.300000000000000000e+01
2.382475200000000086e+02,2.173789999999999978e+01,2.843793999999999400e+01,1.400000000000000000e+01,2.320000000000000000e+02
2.131789799999999957e+02,5.545297999999999661e+01,7.005461999999999989e+01,7.000000000000000000e+00,7.200000000000000000e+01
2.385439999999999827e+02,5.839330000000000354e+01,4.363151999999999475e+01,7.000000000000000000e+00,8.740000000000000000e+02
3.011009399999999800e+02,5.487124000000000024e+01,1.859381799999999600e+02,1.000000000000000000e+01,4.330000000000000000e+02
1.639836999999999989e+02,4.961892000000000280e+01,4.237794000000000239e+01,1.700000000000000000e+01,1.580000000000000000e+02
2.803106199999999717e+02,4.991200000000000614e+01,1.795356400000000008e+02,6.000000000000000000e+00,6.610000000000000000e+02
2.289107799999999600e+02,5.784147999999999712e+01,1.563949000000000069e+02,1.000000000000000000e+00,2.000000000000000000e+00
3.040732199999999921e+02,4.281823999999999586e+01,1.744601199999999892e+02,6.000000000000000000e+00,2.700000000000000000e+02
2.337081799999999987e+02,2.077875999999999834e+01,3.521549999999999869e+01,1.400000000000000000e+01,2.520000000000000000e+02
1.894605799999999931e+02,7.078561999999999443e+01,9.770273999999999148e+01,3.000000000000000000e+00,7.710000000000000000e+02
1.843262399999999559e+02,2.315978000000000137e+01,1.104211199999999877e+02,8.000000000000000000e+00,3.020000000000000000e+02
3.087203400000000215e+02,3.591896000000000555e+01,1.944623200000000054e+02,1.000000000000000000e+01,2.840000000000000000e+02
2.760643599999999651e+02,2.654651999999999745e+01,1.607995999999999981e+02,6.000000000000000000e+00,6.250000000000000000e+02
1.025133999999999901e+01,4.215762000000000143e+01,1.465841999999999956e+01,1.900000000000000000e+01,9.700000000000000000e+02
2.373645399999999768e+02,3.771620000000000061e+01,8.254859999999999332e+01,1.100000000000000000e+01,1.180000000000000000e+02
1.899835000000000207e+02,4.660889999999999844e+01,1.397461199999999906e+02,4.000000000000000000e+00,4.200000000000000000e+02
1.749612800000000163e+02,3.075776000000000110e+01,6.969694000000001211e+01,1.200000000000000000e+01,7.800000000000000000e+02
2.689743399999999838e+02,2.861678000000000210e+01,1.568049400000000162e+02,6.000000000000000000e+00,6.890000000000000000e+02
1.714361600000000010e+02,5.466009999999999280e+01,8.008971999999998559e+01,1.200000000000000000e+01,3.860000000000000000e+02
2.383750200000000348e+02,5.757627999999999702e+01,6.197417999999999694e+01,7.000000000000000000e+00,6.190000000000000000e+02
1.155595399999999842e+02,3.828229999999999933e+01,2.314822000000000202e+01,1.800000000000000000e+01,3.030000000000000000e+02
1.843813199999999881e+02,6.078587999999999880e+01,1.187477200000000011e+02,8.000000000000000000e+00,7.330000000000000000e+02
9.478995999999999356e+01,4.728277999999999537e+01,1.584399999999999942e+01,1.800000000000000000e+01,7.350000000000000000e+02
2.075142400000000009e+02,3.886233999999999611e+01,6.082429999999999382e+01,1.500000000000000000e+01,6.080000000000000000e+02
2.855357399999999757e+02,2.477783999999999764e+01,1.216451999999999884e+02,5.000000000000000000e+00,4.400000000000000000e+02
2.281637999999999806e+02,1.152804000000000073e+01,8.331189999999999429e+01,1.100000000000000000e+01,5.520000000000000000e+02
1.170609800000000149e+02,3.901227999999999696e+01,1.680313999999999908e+01,1.800000000000000000e+01,1.900000000000000000e+02
2.727639800000000037e+02,5.861838000000000193e+01,1.603592999999999904e+02,6.000000000000000000e+00,8.790000000000000000e+02
2.299773600000000044e+02,1.649101999999999890e+01,1.267795399999999972e+02,1.300000000000000000e+01,4.300000000000000000e+02
2.948864199999999869e+02,5.464921999999999969e+01,1.624339799999999912e+02,6.000000000000000000e+00,1.650000000000000000e+02
5.199654000000000309e+01,4.165476000000000312e+01,1.289756000000000036e+01,1.900000000000000000e+01,3.330000000000000000e+02
1.670358799999999917e+02,3.561805999999999983e+01,4.291582000000000363e+01,1.700000000000000000e+01,8.460000000000000000e+02
2.236846400000000301e+02,7.599136000000000024e+01,8.902253999999999223e+01,3.000000000000000000e+00,3.130000000000000000e+02
2.184329999999999643e+02,7.746526000000000067e+01,1.142906599999999884e+02,3.000000000000000000e+00,4.600000000000000000e+01
1.877330399999999884e+02,4.446554000000000428e+01,4.019683999999999457e+01,1.500000000000000000e+01,4.100000000000000000e+02
2.694370799999999804e+02,2.742712000000000216e+01,1.291235000000000070e+02,5.000000000000000000e+00,1.310000000000000000e+02
2.637849199999999996e+02,5.372135999999999711e+01,1.093477399999999875e+02,2.000000000000000000e+00,5.530000000000000000e+02
2.885722799999999779e+02,2.521031999999999940e+01,1.126011999999999773e+02,5.000000000000000000e+00,6.580000000000000000e+02
1.738181999999999903e+02,3.260905999999999949e+01,5.019589999999999463e+01,1.500000000000000000e+01,4.000000000000000000e+01
2.105806999999999789e+02,1.078683999999999799e+01,1.030019800000000032e+02,1.300000000000000000e+01,3.970000000000000000e+02
2.188137999999999863e+02,2.924509999999999721e+01,7.544532000000000949e+01,1.100000000000000000e+01,1.710000000000000000e+02
1.442507800000000202e+02,4.624034000000000333e+01,3.119500000000000028e+01,1.700000000000000000e+01,3.120000000000000000e+02
1.798545599999999922e+02,6.296425999999999590e+01,9.729949999999999477e+01,1.200000000000000000e+01,6.370000000000000000e+02
2.731182600000000207e+02,6.899007999999999186e+01,8.593159999999999243e+00,1.600000000000000000e+01,7.960000000000000000e+02
2.069314799999999934e+02,7.249309999999999832e+01,8.758569999999998856e+01,3.000000000000000000e+00,5.300000000000000000e+02
1.866841399999999851e+02,2.455956000000000117e+01,7.353043999999999869e+01,1.500000000000000000e+01,4.220000000000000000e+02
2.984615200000000073e+02,5.044716000000000378e+01,1.659971800000000144e+02,6.000000000000000000e+00,1.490000000000000000e+02
1.939869999999999948e+02,1.522111999999999910e+01,9.112475999999999487e+01,1.300000000000000000e+01,7.150000000000000000e+02
1.552749399999999866e+02,3.559664000000000073e+01,2.526335999999999871e+01,1.700000000000000000e+01,5.380000000000000000e+02
2.003225600000000099e+02,1.329876000000000147e+01,9.257757999999999754e+01,1.300000000000000000e+01,6.430000000000000000e+02
1.850762799999999970e+02,5.328480000000000416e+01,4.565520000000000067e+01,1.500000000000000000e+01,6.900000000000000000e+02
2.299280599999999879e+02,6.536806000000001404e+01,3.763188000000000244e+01,1.600000000000000000e+01,4.310000000000000000e+02
3.462865999999999644e+01,4.349755999999999290e+01,2.055061999999999856e+01,1.900000000000000000e+01,6.500000000000000000e+02
2.296975399999999752e+02,5.423407999999999163e+01,8.100431999999999277e+01,7.000000000000000000e+00,2.550000000000000000e+02
2.828721799999999575e+02,2.200105999999999895e+01,1.138058199999999829e+02,5.000000000000000000e+00,3.990000000000000000e+02
2.306271000000000129e+02,1.028057999999999872e+01,9.996985999999999706e+01,1.300000000000000000e+01,6.980000000000000000e+02
2.358409999999999798e+02,1.604391999999999996e+01,6.626192000000000348e+01,1.100000000000000000e+01,7.320000000000000000e+02
2.407437999999999931e+02,6.208366000000000184e+01,5.726823999999999160e+01,7.000000000000000000e+00,5.590000000000000000e+02
1.456481799999999964e+02,4.159661999999999438e+01,1.582699999999999996e+01,1.700000000000000000e+01,9.470000000000000000e+02
2.915350399999999809e+02,3.708209999999999695e+01,1.424684999999999775e+02,5.000000000000000000e+00,7.110000000000000000e+02
1.722569200000000080e+02,3.572379999999999711e+01,1.097329599999999914e+02,8.000000000000000000e+00,3.850000000000000000e+02
1.585844999999999914e+02,3.963855999999999113e+01,3.797256000000000142e+01,1.700000000000000000e+01,7.360000000000000000e+02
2.783080199999999991e+02,5.414567999999999870e+01,1.709339799999999912e+02,6.000000000000000000e+00,8.650000000000000000e+02
2.435930000000000177e+02,6.074202000000000368e+01,1.067018600000000106e+02,0.000000000000000000e+00,7.430000000000000000e+02
1.799517999999999915e+02,6.013682000000000016e+01,1.119279999999999973e+02,8.000000000000000000e+00,8.570000000000000000e+02
2.984407799999999611e+02,6.644517999999999347e+01,2.199630000000000223e+02,1.000000000000000000e+01,5.140000000000000000e+02
1.877908399999999745e+02,3.048303999999999903e+01,5.562331999999999965e+01,1.500000000000000000e+01,1.170000000000000000e+02
2.664545999999999708e+02,5.624348000000000525e+01,1.158876399999999762e+02,2.000000000000000000e+00,4.560000000000000000e+02
3.205659400000000119e+02,4.999835999999999814e+01,1.754876000000000147e+02,1.000000000000000000e+01,7.190000000000000000e+02
2.529467400000000055e+02,4.359275999999999129e+01,9.323139999999999361e+01,9.000000000000000000e+00,6.720000000000000000e+02
2.208745399999999961e+02,1.360782000000000025e+01,8.492927999999999145e+01,1.100000000000000000e+01,3.900000000000000000e+02
2.931184200000000146e+02,3.374500000000000455e+01,1.709322799999999916e+02,6.000000000000000000e+00,4.490000000000000000e+02
2.805373999999999910e+02,3.613690000000000424e+01,1.264755800000000079e+02,5.000000000000000000e+00,1.300000000000000000e+01
1.907998400000000174e+02,5.274589999999999179e+01,1.374487399999999866e+02,4.000000000000000000e+00,5.200000000000000000e+02
2.567054399999999532e+02,7.310645999999999844e+01,1.232295999999999836e+01,1.600000000000000000e+01,6.570000000000000000e+02
2.753935399999999731e+02,5.923071999999999804e+01,1.439077200000000119e+02,2.000000000000000000e+00,4.800000000000000000e+02
1.939006400000000099e+02,3.662480000000000047e+01,5.116456000000000159e+01,1.500000000000000000e+01,3.190000000000000000e+02
2.396146599999999580e+02,2.132649999999999935e+01,5.291283999999998855e+01,1.100000000000000000e+01,8.960000000000000000e+02
1.812383600000000285e+02,2.471630000000000038e+01,8.283045999999998799e+01,1.200000000000000000e+01,6.550000000000000000e+02
2.857465400000000386e+02,5.501539999999999964e+01,1.700006799999999600e+02,6.000000000000000000e+00,2.930000000000000000e+02
2.355322799999999575e+02,6.726492000000000360e+01,4.162313999999999936e+01,1.600000000000000000e+01,5.700000000000000000e+02
2.389951799999999764e+02,5.765141999999999456e+01,2.129589999999999961e+01,1.600000000000000000e+01,1.520000000000000000e+02
2.211659199999999998e+02,6.279697999999999780e+01,8.228849999999999909e+01,7.000000000000000000e+00,2.610000000000000000e+02
1.236617399999999947e+02,3.785900000000000176e+01,1.881866000000000128e+01,1.800000000000000000e+01,3.070000000000000000e+02
2.754853400000000079e+02,3.438828000000000173e+01,1.218563399999999888e+02,5.000000000000000000e+00,1.500000000000000000e+01
1.048556599999999861e+02,4.829291999999999518e+01,2.356505999999999901e+01,1.800000000000000000e+01,7.040000000000000000e+02
2.229696199999999635e+02,1.407701999999999920e+01,7.874739999999999895e+01,1.100000000000000000e+01,4.890000000000000000e+02
2.426413399999999854e+02,2.778956000000000159e+01,9.128761999999998977e+01,9.000000000000000000e+00,2.800000000000000000e+02
2.597599999999999909e+02,2.538065999999999534e+01,1.603541999999999845e+01,1.400000000000000000e+01,7.790000000000000000e+02
1.996116199999999878e+02,6.375339999999999918e+01,1.287923399999999958e+02,4.000000000000000000e+00,6.860000000000000000e+02
9.082012000000001706e+01,3.937539999999999907e+01,1.786631999999999820e+01,1.800000000000000000e+01,5.630000000000000000e+02
7.732007999999999015e+01,4.222085999999999473e+01,2.527118000000000109e+01,1.800000000000000000e+01,8.230000000000000000e+02
2.954759799999999927e+02,5.696836000000000411e+01,2.171073399999999936e+02,1.000000000000000000e+01,2.270000000000000000e+02
2.401035799999999938e+02,2.985063999999999851e+01,1.914880000000000138e+01,1.400000000000000000e+01,3.740000000000000000e+02
2.876943999999999733e+02,2.504779999999999873e+01,1.525087000000000046e+02,6.000000000000000000e+00,3.960000000000000000e+02
8.887668000000000745e+01,4.322147999999999968e+01,2.651897999999999911e+01,1.800000000000000000e+01,6.800000000000000000e+02
3.117803399999999669e+02,4.914937999999999363e+01,2.048292599999999766e+02,1.000000000000000000e+01,2.480000000000000000e+02
2.665701999999999998e+02,2.904551999999999978e+01,1.208802000000000021e+01,1.400000000000000000e+01,9.070000000000000000e+02
2.371289199999999653e+02,7.470820000000000505e+01,8.633653999999999940e+01,7.000000000000000000e+00,5.180000000000000000e+02
2.884090800000000172e+02,6.455715999999999610e+01,1.097288800000000037e+02,2.000000000000000000e+00,8.240000000000000000e+02
2.736248600000000124e+02,6.298092000000000468e+01,1.557869799999999998e+02,6.000000000000000000e+00,9.250000000000000000e+02
2.901158800000000042e+02,2.427497999999999934e+01,9.864419999999999789e+01,5.000000000000000000e+00,7.080000000000000000e+02
2.053212400000000173e+02,2.114765999999999835e+01,7.668189999999999884e+01,1.100000000000000000e+01,4.210000000000000000e+02
8.799981999999999971e+01,4.547737999999999658e+01,1.345787999999999940e+01,1.800000000000000000e+01,9.410000000000000000e+02
1.875106800000000078e+02,3.212285999999999575e+01,1.314348200000000020e+02,8.000000000000000000e+00,8.000000000000000000e+00
1.872570399999999893e+02,2.141829999999999501e+01,8.013629999999999143e+01,1.200000000000000000e+01,7.310000000000000000e+02
2.265773599999999988e+02,2.487780000000000058e+01,6.092323999999999984e+01,1.100000000000000000e+01,6.820000000000000000e+02
2.926196400000000040e+02,4.599893999999999750e+01,1.407107000000000028e+02,2.000000000000000000e+00,4.000000000000000000e+02
1.758775799999999947e+02,3.290520000000000067e+01,1.146650000000000063e+02,8.000000000000000000e+00,2.910000000000000000e+02
2.364472199999999873e+02,3.030046000000000106e+01,5.453463999999999601e+01,1.100000000000000000e+01,8.360000000000000000e+02
1.923063799999999901e+02,6.859466000000000463e+01,8.102505999999999631e+01,1.200000000000000000e+01,6.910000000000000000e+02
2.582279599999999959e+02,2.665396000000000143e+01,1.169518399999999900e+02,9.000000000000000000e+00,1.100000000000000000e+01
1.581367199999999968e+02,4.584865999999999531e+01,3.878108000000000288e+01,1.700000000000000000e+01,7.870000000000000000e+02
2.228336199999999963e+02,3.565545999999999793e+01,1.581574599999999862e+02,1.000000000000000000e+00,8.620000000000000000e+02
2.113946599999999876e+02,6.509911999999999921e+01,1.338678600000000074e+02,4.000000000000000000e+00,6.360000000000000000e+02
2.706345599999999649e+02,4.433055999999999841e+01,1.769400799999999947e+02,6.000000000000000000e+00,7.300000000000000000e+02
2.163980999999999710e+02,1.006162000000000134e+01,1.147013800000000003e+02,1.300000000000000000e+01,6.840000000000000000e+02
1.876235600000000261e+02,5.855038000000000409e+01,6.082429999999999382e+01,1.500000000000000000e+01,7.540000000000000000e+02
2.853477199999999812e+02,4.011149999999999949e+01,1.297259800000000212e+02,5.000000000000000000e+00,4.000000000000000000e+00
2.807917199999999411e+02,6.308869999999999578e+01,1.148669599999999917e+02,2.000000000000000000e+00,8.090000000000000000e+02
1.905353199999999561e+02,6.075290000000000390e+01,6.728667999999998983e+01,1.500000000000000000e+01,7.730000000000000000e+02
6.447896000000000072e+01,4.757585999999999871e+01,1.740561999999999898e+01,1.900000000000000000e+01,1.500000000000000000e+02
2.388357200000000091e+02,1.908691999999999922e+01,5.975738000000000483e+01,1.100000000000000000e+01,9.280000000000000000e+02
2.405625799999999685e+02,2.712689999999999912e+01,1.559246799999999951e+02,1.000000000000000000e+00,6.200000000000000000e+02
2.381492600000000266e+02,6.487608000000000175e+01,1.466508399999999881e+02,0.000000000000000000e+00,7.230000000000000000e+02
2.340794600000000116e+02,5.659232000000000085e+01,2.937600000000000122e+01,1.600000000000000000e+01,2.500000000000000000e+02
2.370173999999999808e+02,5.374311999999999756e+01,8.709882000000000346e+01,7.000000000000000000e+00,4.930000000000000000e+02
2.957163600000000088e+02,5.524523999999999546e+01,1.925147999999999797e+02,1.000000000000000000e+01,8.300000000000000000e+01
2.179906599999999628e+02,1.102382000000000062e+01,1.214225000000000136e+02,1.300000000000000000e+01,7.630000000000000000e+02
1.701699999999999875e+02,3.605801999999999907e+01,5.369178000000000139e+01,1.500000000000000000e+01,3.900000000000000000e+01
2.539932600000000207e+02,5.014625999999999806e+01,1.676948000000000150e+02,1.000000000000000000e+00,2.790000000000000000e+02
1.659471999999999809e+02,4.492385999999999768e+01,2.108782000000000068e+01,1.700000000000000000e+01,2.170000000000000000e+02
2.015839599999999905e+02,2.376600000000000179e+01,7.250772000000000617e+01,1.500000000000000000e+01,4.140000000000000000e+02
1.960698399999999708e+02,1.945072000000000045e+01,7.801979999999998938e+01,1.500000000000000000e+01,5.820000000000000000e+02
2.068505600000000300e+02,4.946285999999999916e+01,1.513540600000000040e+02,4.000000000000000000e+00,2.240000000000000000e+02
2.013299800000000062e+02,2.488800000000000168e+01,1.328138600000000054e+02,4.000000000000000000e+00,9.000000000000000000e+02
2.630488199999999779e+02,1.913111999999999924e+01,1.680347999999999686e+01,1.400000000000000000e+01,5.680000000000000000e+02
2.395956199999999967e+02,5.907907999999999760e+01,2.786265999999999465e+01,1.600000000000000000e+01,1.930000000000000000e+02
3.418155999999999750e+01,4.654056000000000637e+01,1.523403999999999847e+01,1.900000000000000000e+01,8.560000000000000000e+02
2.144216799999999807e+02,6.410768000000000200e+01,1.395567400000000191e+02,4.000000000000000000e+00,4.810000000000000000e+02
2.194652399999999659e+02,1.979683999999999955e+01,8.489494000000000540e+01,1.100000000000000000e+01,3.580000000000000000e+02
2.054534999999999911e+02,5.026389999999999958e+01,6.026227999999999696e+01,1.500000000000000000e+01,9.580000000000000000e+02
3.046131399999999871e+02,3.744080000000000297e+01,2.096035399999999811e+02,1.000000000000000000e+01,6.730000000000000000e+02
2.408240399999999966e+02,6.378773999999999234e+01,2.388805999999999941e+01,1.600000000000000000e+01,2.510000000000000000e+02
2.961553000000000111e+02,5.798802000000000589e+01,2.107860600000000204e+02,1.000000000000000000e+01,3.730000000000000000e+02
2.678649199999999837e+02,6.237809999999999633e+01,9.289479999999999293e+00,1.600000000000000000e+01,9.460000000000000000e+02
2.509210199999999702e+02,2.251887999999999934e+01,1.388699399999999855e+02,1.000000000000000000e+00,5.570000000000000000e+02
2.763213999999999828e+02,5.519355999999999796e+01,1.267618600000000129e+02,2.000000000000000000e+00,2.660000000000000000e+02
2.241514600000000144e+02,1.868299999999999983e+01,6.819447999999999865e+01,1.100000000000000000e+01,5.970000000000000000e+02
2.115915199999999743e+02,1.748959999999999937e+01,1.268257799999999804e+02,1.300000000000000000e+01,1.660000000000000000e+02
2.365808399999999949e+02,5.732570000000000476e+01,3.746663999999999817e+01,1.600000000000000000e+01,5.710000000000000000e+02
2.199555199999999502e+02,7.245366000000001350e+01,8.390860000000000696e+01,3.000000000000000000e+00,5.740000000000000000e+02
3.061550400000000423e+02,5.492971999999999611e+01,1.896849799999999959e+02,1.000000000000000000e+01,3.460000000000000000e+02
2.967026999999999930e+02,3.022191999999999723e+01,2.198375399999999615e+02,1.000000000000000000e+01,7.020000000000000000e+02
1.705633799999999951e+02,4.243811999999999784e+01,1.105870399999999876e+02,8.000000000000000000e+00,4.350000000000000000e+02
2.558000200000000177e+02,3.863419999999999987e+01,9.731581999999998800e+01,9.000000000000000000e+00,6.970000000000000000e+02
1.526538800000000151e+02,3.910204000000000235e+01,1.842119999999999891e+01,1.700000000000000000e+01,4.960000000000000000e+02
1.812608000000000175e+02,2.725168000000000035e+01,7.118783999999999423e+01,1.500000000000000000e+01,3.570000000000000000e+02
2.894484600000000114e+02,6.348615999999999815e+01,9.366251999999998645e+01,2.000000000000000000e+00,9.370000000000000000e+02
2.695645799999999781e+02,3.814119999999999777e+01,1.113724400000000117e+02,5.000000000000000000e+00,1.000000000000000000e+02
1.882607199999999921e+02,6.959494000000000824e+01,1.041572999999999922e+02,3.000000000000000000e+00,7.990000000000000000e+02
2.170410400000000095e+02,1.087898000000000032e+01,1.049178800000000109e+02,1.300000000000000000e+01,5.880000000000000000e+02
2.429983400000000131e+02,6.712144000000000688e+01,1.087360799999999870e+02,0.000000000000000000e+00,6.650000000000000000e+02
1.793795800000000042e+02,2.761888000000000076e+01,1.114282000000000039e+02,8.000000000000000000e+00,2.490000000000000000e+02
2.271468600000000038e+02,2.580328000000000088e+01,5.487735999999999592e+01,1.100000000000000000e+01,7.450000000000000000e+02
2.364149199999999951e+02,7.375687999999999533e+01,7.845329999999999870e+01,7.000000000000000000e+00,4.740000000000000000e+02
2.037708399999999926e+02,3.561193999999999704e+01,1.484623599999999897e+02,4.000000000000000000e+00,1.300000000000000000e+02
1.519718400000000145e+02,3.912923999999999580e+01,3.270527999999999480e+01,1.700000000000000000e+01,7.490000000000000000e+02
2.770530799999999658e+02,3.162815999999999406e+01,1.667254599999999982e+02,6.000000000000000000e+00,5.660000000000000000e+02
1.248221600000000109e+02,4.940574000000000154e+01,2.415767999999999915e+01,1.800000000000000000e+01,3.200000000000000000e+01
1.418993399999999951e+02,3.994489999999999696e+01,2.986661999999999750e+01,1.700000000000000000e+01,3.290000000000000000e+02
2.454772799999999506e+02,6.470642000000000849e+01,1.446094799999999907e+02,0.000000000000000000e+00,8.430000000000000000e+02
2.955460199999999986e+02,5.445134000000000185e+01,1.988520599999999945e+02,1.000000000000000000e+01,6.700000000000000000e+01
1.809058399999999835e+02,4.969100000000000250e+01,3.654626000000000374e+01,1.500000000000000000e+01,4.130000000000000000e+02
2.464462800000000016e+02,2.822169999999999845e+01,1.689732000000000056e+01,1.400000000000000000e+01,8.720000000000000000e+02
2.880391599999999812e+02,5.251503999999999905e+01,1.405134999999999934e+02,2.000000000000000000e+00,3.170000000000000000e+02
2.372118800000000078e+02,2.407199999999999918e+01,1.506495800000000145e+02,1.000000000000000000e+00,6.050000000000000000e+02
2.675704799999999750e+02,6.076786000000000598e+01,1.297001400000000046e+02,2.000000000000000000e+00,1.960000000000000000e+02
1.833932800000000043e+02,6.614495999999999754e+01,9.340922000000000480e+01,1.200000000000000000e+01,5.070000000000000000e+02
2.509822200000000123e+02,3.006586000000000070e+01,1.602515199999999993e+02,1.000000000000000000e+00,3.940000000000000000e+02
1.480550399999999911e+02,5.125567999999999813e+01,2.460681999999999903e+01,1.700000000000000000e+01,3.220000000000000000e+02
3.208124399999999810e+02,3.995374000000000336e+01,1.933532399999999996e+02,1.000000000000000000e+01,5.220000000000000000e+02
2.436671199999999828e+02,2.351337999999999795e+01,1.484973799999999926e+02,1.000000000000000000e+00,5.470000000000000000e+02
1.650982199999999693e+02,5.067054000000000258e+01,2.490296000000000021e+01,1.700000000000000000e+01,1.890000000000000000e+02
2.256698999999999558e+02,2.157061999999999813e+01,1.409347599999999829e+02,1.000000000000000000e+00,9.600000000000000000e+02
2.279108400000000074e+02,5.779999999999999716e+01,3.496594000000000335e+01,1.600000000000000000e+01,5.890000000000000000e+02
2.984438400000000229e+02,2.038231999999999999e+01,2.246767600000000016e+02,1.000000000000000000e+01,6.510000000000000000e+02
2.154596999999999696e+02,3.181074000000000268e+01,1.527025000000000148e+02,4.000000000000000000e+00,6.000000000000000000e+00
2.823383799999999724e+02,4.618627999999999645e+01,1.852925199999999961e+02,6.000000000000000000e+00,6.040000000000000000e+02
2.866002799999999979e+02,5.098945999999999401e+01,1.869993199999999831e+02,6.000000000000000000e+00,6.350000000000000000e+02
3.029906599999999912e+02,5.209786000000000428e+01,2.079956799999999930e+02,1.000000000000000000e+01,9.100000000000000000e+01
8.534203999999999724e+01,3.984324000000000154e+01,2.282250000000000156e+01,1.800000000000000000e+01,7.410000000000000000e+02
2.545222999999999729e+02,6.307237999999999545e+01,1.209403800000000047e+02,0.000000000000000000e+00,9.510000000000000000e+02
2.322601200000000006e+02,4.878149999999999409e+01,7.818130000000000734e+01,7.000000000000000000e+00,2.830000000000000000e+02
2.444327999999999861e+02,4.968522000000000105e+01,1.650356600000000071e+02,1.000000000000000000e+00,4.100000000000000000e+01
9.506637999999999522e+01,3.964876000000000289e+01,2.354669999999999774e+01,1.800000000000000000e+01,5.110000000000000000e+02
1.781090000000000089e+02,5.612447999999999837e+01,1.165679800000000057e+02,8.000000000000000000e+00,8.950000000000000000e+02
2.586811799999999835e+02,6.882415999999999201e+01,1.702957999999999927e+01,1.600000000000000000e+01,5.800000000000000000e+02
1.751407999999999845e+02,5.582493999999999801e+01,6.028233999999999781e+01,1.500000000000000000e+01,7.770000000000000000e+02
2.767661200000000008e+02,6.598549999999998761e+01,1.511327200000000062e+02,2.000000000000000000e+00,1.700000000000000000e+02
1.942936799999999664e+02,4.279171999999999798e+01,1.438186399999999878e+02,4.000000000000000000e+00,2.590000000000000000e+02
2.449920999999999935e+02,6.555063999999998714e+01,1.851605999999999952e+01,1.600000000000000000e+01,6.410000000000000000e+02
3.005797200000000089e+02,4.640829999999999700e+01,1.612487399999999980e+02,6.000000000000000000e+00,1.450000000000000000e+02
2.437181199999999706e+02,6.577367999999999881e+01,1.386761399999999753e+02,0.000000000000000000e+00,8.640000000000000000e+02
3.050068599999999606e+02,4.823852000000000118e+01,2.034192800000000148e+02,1.000000000000000000e+01,1.200000000000000000e+02
2.310048400000000015e+02,6.466255999999999915e+01,1.465651599999999917e+02,0.000000000000000000e+00,5.940000000000000000e+02
1.498209999999999980e+02,4.904907999999999646e+01,3.072409999999999997e+01,1.700000000000000000e+01,2.850000000000000000e+02
1.218386599999999902e+02,3.893034000000000106e+01,2.566489999999999938e+01,1.800000000000000000e+01,3.710000000000000000e+02
2.430823199999999815e+02,2.655705999999999989e+01,7.919517999999999347e+01,1.100000000000000000e+01,4.450000000000000000e+02
1.714548599999999965e+02,3.245810000000000173e+01,8.231705999999999790e+01,1.200000000000000000e+01,6.770000000000000000e+02
3.079413999999999874e+02,4.732630000000000337e+01,2.100421399999999892e+02,1.000000000000000000e+01,1.830000000000000000e+02
2.043525800000000174e+02,6.549385999999999797e+01,7.546299999999999386e+01,7.000000000000000000e+00,5.300000000000000000e+01
2.272709600000000307e+02,7.290109999999998536e+01,7.253219999999998890e+01,7.000000000000000000e+00,3.340000000000000000e+02
1.871852999999999838e+02,2.848962000000000216e+01,6.194868000000000308e+01,1.500000000000000000e+01,2.200000000000000000e+02
2.062909199999999998e+02,7.543885999999999115e+01,1.160052799999999991e+02,3.000000000000000000e+00,7.500000000000000000e+01
1.778927599999999813e+02,4.659461999999999904e+01,3.053132000000000090e+01,1.700000000000000000e+01,6.300000000000000000e+01
2.680247200000000021e+02,5.893798000000000314e+01,1.561793399999999963e+02,6.000000000000000000e+00,9.240000000000000000e+02
2.980089799999999514e+02,4.274105999999999028e+01,1.517273800000000108e+02,6.000000000000000000e+00,2.880000000000000000e+02
2.945011999999999830e+02,5.185747999999999536e+01,2.116751599999999769e+02,1.000000000000000000e+01,4.620000000000000000e+02
2.304958599999999933e+02,4.745006000000000057e+01,1.620514799999999980e+02,1.000000000000000000e+00,1.260000000000000000e+02
2.303102199999999868e+02,5.761401999999999646e+01,4.839968000000000359e+01,7.000000000000000000e+00,8.410000000000000000e+02
2.523745199999999897e+02,2.249134000000000100e+01,1.317669999999999959e+02,5.000000000000000000e+00,3.050000000000000000e+02
2.446041599999999789e+02,4.378859999999999530e+01,8.615090000000000714e+01,9.000000000000000000e+00,7.930000000000000000e+02
3.081385999999999967e+02,4.221065999999999718e+01,1.949236999999999682e+02,1.000000000000000000e+01,2.050000000000000000e+02
2.080490600000000256e+02,7.316901999999998907e+01,1.229385599999999954e+02,3.000000000000000000e+00,2.300000000000000000e+01
3.106569799999999759e+02,3.778623999999999938e+01,1.806668199999999729e+02,1.000000000000000000e+01,8.860000000000000000e+02
1.868007599999999684e+02,6.412977999999999668e+01,7.622289999999999566e+01,1.200000000000000000e+01,4.900000000000000000e+02
2.870956599999999526e+02,4.114306000000000552e+01,2.012918999999999983e+02,1.000000000000000000e+01,8.500000000000000000e+01
2.813652999999999906e+02,6.364018000000000086e+01,1.572309599999999818e+02,6.000000000000000000e+00,9.700000000000000000e+01
2.343514600000000030e+02,2.930935999999999808e+01,9.137499999999999289e+00,1.400000000000000000e+01,7.060000000000000000e+02
1.013322400000000130e+02,4.341664000000000101e+01,1.305837999999999788e+01,1.800000000000000000e+01,6.030000000000000000e+02
1.809017599999999675e+02,6.130404000000000053e+01,7.779710000000000036e+01,1.200000000000000000e+01,2.990000000000000000e+02
2.144971600000000080e+02,5.247798000000000229e+01,1.541407000000000096e+02,4.000000000000000000e+00,1.210000000000000000e+02
3.243436800000000062e+02,4.837758000000000180e+01,1.880346199999999897e+02,1.000000000000000000e+01,7.580000000000000000e+02
2.752194599999999696e+02,3.032289999999999708e+01,1.294621400000000051e+02,5.000000000000000000e+00,1.980000000000000000e+02
2.619873399999999606e+02,6.162126000000000658e+01,1.474773800000000108e+02,2.000000000000000000e+00,2.800000000000000000e+01
1.799524799999999800e+02,2.428926000000000229e+01,9.674156000000000688e+01,8.000000000000000000e+00,3.450000000000000000e+02
2.237152399999999659e+02,6.240122000000000213e+01,6.686915999999999372e+01,7.000000000000000000e+00,1.790000000000000000e+02
2.514541399999999953e+02,2.495974000000000359e+01,1.165880399999999923e+02,9.000000000000000000e+00,1.900000000000000000e+01
1.934566000000000088e+02,5.795401999999999987e+01,1.342309799999999882e+02,4.000000000000000000e+00,7.750000000000000000e+02
1.770787999999999727e+02,5.993043999999999727e+01,8.354106000000000165e+01,1.200000000000000000e+01,2.040000000000000000e+02
3.280568200000000161e+02,3.945087999999999795e+01,1.845931399999999769e+02,1.000000000000000000e+01,8.290000000000000000e+02
2.011820799999999849e+02,7.237478000000000122e+01,1.190221000000000089e+02,3.000000000000000000e+00,1.220000000000000000e+02
1.804070599999999729e+02,2.860998000000000019e+01,6.507702000000000453e+01,1.500000000000000000e+01,3.150000000000000000e+02
2.885494999999999663e+02,5.782311999999999585e+01,1.437560800000000256e+02,2.000000000000000000e+00,2.710000000000000000e+02
2.392015599999999722e+02,5.728014000000000294e+01,7.852844000000000335e+01,7.000000000000000000e+00,7.640000000000000000e+02
2.339465199999999925e+02,2.252499999999999858e+01,9.129680000000000462e+00,1.400000000000000000e+01,6.140000000000000000e+02
2.954565999999999804e+02,3.255874000000000024e+01,1.571313399999999945e+02,6.000000000000000000e+00,2.860000000000000000e+02
2.554260199999999656e+02,1.490355999999999881e+01,1.209923999999999822e+01,1.400000000000000000e+01,5.290000000000000000e+02
1.984488199999999836e+02,6.728124000000001104e+01,1.221643800000000084e+02,3.000000000000000000e+00,1.550000000000000000e+02
2.857863199999999892e+02,2.673318000000000083e+01,1.347712400000000059e+02,5.000000000000000000e+00,5.020000000000000000e+02
2.161492199999999855e+02,2.330224000000000117e+01,1.409908599999999979e+02,4.000000000000000000e+00,9.050000000000000000e+02
2.125642599999999902e+02,2.611064000000000007e+01,7.440798000000000911e+01,1.100000000000000000e+01,3.210000000000000000e+02
2.494783999999999651e+02,2.813942000000000121e+01,1.080111999999999917e+01,1.400000000000000000e+01,9.230000000000000000e+02
2.644941600000000221e+02,7.230133999999999617e+01,1.644274000000000058e+01,1.600000000000000000e+01,7.090000000000000000e+02
1.935133800000000122e+02,7.297284000000000503e+01,1.017511199999999860e+02,3.000000000000000000e+00,7.900000000000000000e+02
1.946074999999999875e+02,7.273484000000000549e+01,1.083141399999999948e+02,3.000000000000000000e+00,8.380000000000000000e+02
1.454533600000000035e+02,3.652041999999999433e+01,2.107455999999999818e+01,1.700000000000000000e+01,6.480000000000000000e+02
2.426960800000000233e+02,2.310164000000000328e+01,1.022787999999999897e+01,1.400000000000000000e+01,4.550000000000000000e+02
3.009649399999999559e+02,5.346397999999999939e+01,2.149503799999999671e+02,1.000000000000000000e+01,1.810000000000000000e+02
2.567479399999999714e+02,1.955781999999999954e+01,1.718665999999999983e+01,1.400000000000000000e+01,6.240000000000000000e+02
2.392137999999999920e+02,1.578041999999999945e+01,7.438519999999999754e+01,1.100000000000000000e+01,5.420000000000000000e+02
2.307161799999999801e+02,2.980813999999999808e+01,5.016428000000000509e+01,1.100000000000000000e+01,7.910000000000000000e+02
1.879530200000000093e+02,2.743935999999999709e+01,1.251366600000000062e+02,8.000000000000000000e+00,9.800000000000000000e+01
2.833471599999999739e+02,3.173219999999999885e+01,1.685203199999999981e+02,6.000000000000000000e+00,5.460000000000000000e+02
2.928127600000000257e+02,5.370911999999999864e+01,1.713090000000000259e+02,6.000000000000000000e+00,2.980000000000000000e+02
2.562566400000000044e+02,2.704257999999999740e+01,1.548700000000000045e+02,1.000000000000000000e+00,4.630000000000000000e+02
1.702658799999999815e+02,5.365097999999999701e+01,3.707631999999999550e+01,1.700000000000000000e+01,5.400000000000000000e+01
3.190151999999999930e+02,4.394500000000000028e+01,1.735941399999999817e+02,1.000000000000000000e+01,7.980000000000000000e+02
2.945566199999999526e+02,3.262877999999999901e+01,1.632265199999999936e+02,6.000000000000000000e+00,3.100000000000000000e+02
1.807236000000000047e+02,5.614215999999999696e+01,4.952677999999999514e+01,1.500000000000000000e+01,7.160000000000000000e+02
2.179236799999999619e+02,3.399694000000000216e+01,7.125991999999999393e+01,1.100000000000000000e+01,2.950000000000000000e+02
2.865686599999999657e+02,6.391557999999999851e+01,1.450810600000000079e+02,2.000000000000000000e+00,2.450000000000000000e+02
2.273532399999999996e+02,2.489412000000000091e+01,3.224389999999999645e+01,1.400000000000000000e+01,2.000000000000000000e+01
2.992326400000000035e+02,3.674584000000000117e+01,1.698894999999999982e+02,6.000000000000000000e+00,3.750000000000000000e+02
1.623992999999999824e+02,5.187006000000000228e+01,3.455691999999999808e+01,1.700000000000000000e+01,2.760000000000000000e+02
2.549758599999999547e+02,5.789587999999999113e+01,1.595035199999999804e+02,1.000000000000000000e+00,2.160000000000000000e+02
3.090525199999999586e+02,3.433014000000000010e+01,2.012398799999999994e+02,1.000000000000000000e+01,4.230000000000000000e+02
2.270397599999999727e+02,4.750649999999999551e+01,7.390341999999999700e+01,7.000000000000000000e+00,1.770000000000000000e+02
3.277810799999999745e+02,4.850609999999999644e+01,1.779124799999999880e+02,1.000000000000000000e+01,7.290000000000000000e+02
2.606759599999999750e+02,2.564517999999999631e+01,1.226451399999999978e+02,5.000000000000000000e+00,1.400000000000000000e+02
6.528816000000000486e+01,4.234700000000000131e+01,2.419745999999999597e+01,1.900000000000000000e+01,6.260000000000000000e+02
1.306133800000000065e+02,3.940973999999999933e+01,1.624723999999999791e+01,1.800000000000000000e+01,1.530000000000000000e+02
2.890057800000000157e+02,5.255720000000000169e+01,1.924705999999999904e+02,1.000000000000000000e+01,7.000000000000000000e+00
2.254621600000000399e+02,7.735748000000000957e+01,1.056342599999999976e+02,3.000000000000000000e+00,1.800000000000000000e+02
2.777752399999999966e+02,3.947536000000000200e+01,1.797631000000000085e+02,6.000000000000000000e+00,5.450000000000000000e+02
2.288978599999999517e+02,1.451834000000000024e+01,7.129595999999999378e+01,1.100000000000000000e+01,6.780000000000000000e+02
2.690572999999999979e+02,2.045779999999999887e+01,1.605854000000000070e+01,1.400000000000000000e+01,6.150000000000000000e+02
1.913656000000000006e+02,3.770226000000000255e+01,1.399120399999999904e+02,4.000000000000000000e+00,4.470000000000000000e+02
2.437806800000000180e+02,5.804887999999999693e+01,1.070183999999999891e+01,1.600000000000000000e+01,1.950000000000000000e+02
2.251748599999999669e+02,5.930551999999999424e+01,2.892754000000000048e+01,1.600000000000000000e+01,5.350000000000000000e+02
1.390793800000000147e+02,3.669178000000000139e+01,2.125985999999999976e+01,1.700000000000000000e+01,7.810000000000000000e+02
2.585842800000000352e+02,6.041120000000000090e+01,1.164890999999999934e+02,2.000000000000000000e+00,7.340000000000000000e+02
2.318541599999999789e+02,7.677811999999998704e+01,1.082760600000000011e+02,3.000000000000000000e+00,3.250000000000000000e+02
2.559543799999999862e+02,6.265894000000000119e+01,1.473050000000000068e+02,0.000000000000000000e+00,8.900000000000000000e+02
2.323968000000000131e+02,3.088594000000000150e+01,3.500129999999999342e+01,1.400000000000000000e+01,7.700000000000000000e+01
2.290671799999999791e+02,6.431848000000000809e+01,2.913901999999999859e+01,1.600000000000000000e+01,4.260000000000000000e+02
1.639802999999999713e+02,3.549430000000000263e+01,3.686211999999999733e+01,1.700000000000000000e+01,8.160000000000000000e+02
2.307658199999999908e+02,5.695510000000000161e+01,4.201516000000000162e+01,7.000000000000000000e+00,8.350000000000000000e+02
2.461810799999999801e+02,5.863129999999999598e+01,1.646892000000000067e+01,1.600000000000000000e+01,2.650000000000000000e+02
2.440785199999999975e+02,6.584304000000000201e+01,9.272616000000000724e+01,7.000000000000000000e+00,7.220000000000000000e+02
2.120205999999999733e+02,4.462465999999999866e+01,6.307237999999999545e+01,1.500000000000000000e+01,6.390000000000000000e+02
7.284329999999999927e+01,4.283829999999999671e+01,1.248139999999999894e+01,1.900000000000000000e+01,2.210000000000000000e+02
2.688934199999999919e+02,7.877697999999999467e+01,1.207611999999999952e+01,1.600000000000000000e+01,8.050000000000000000e+02
2.298032800000000009e+02,3.078530000000000300e+01,2.927331999999999823e+01,1.400000000000000000e+01,5.800000000000000000e+01
1.587460000000000093e+01,4.484599999999999653e+01,1.152396000000000065e+01,1.900000000000000000e+01,9.660000000000000000e+02
1.667108399999999904e+02,4.534035999999999689e+01,8.617469999999998720e+01,1.200000000000000000e+01,1.870000000000000000e+02
1.850589399999999785e+02,2.032451999999999970e+01,1.028931799999999868e+02,1.300000000000000000e+01,1.230000000000000000e+02
2.663859199999999987e+02,6.437117999999999540e+01,1.621867999999999910e+01,1.600000000000000000e+01,8.250000000000000000e+02
2.098616000000000099e+02,7.635039999999999338e+01,1.010690799999999996e+02,3.000000000000000000e+00,5.370000000000000000e+02
2.127692800000000091e+02,7.348080000000000211e+01,9.242253999999999792e+01,3.000000000000000000e+00,4.410000000000000000e+02
2.320112400000000150e+02,6.667161999999999011e+01,1.317703999999999951e+02,0.000000000000000000e+00,1.590000000000000000e+02
1.758377999999999872e+02,2.814315999999999818e+01,8.638345999999999947e+01,1.200000000000000000e+01,5.210000000000000000e+02
2.576030400000000213e+02,6.064069999999999538e+01,1.535501199999999926e+02,0.000000000000000000e+00,9.140000000000000000e+02
1.833786599999999964e+02,6.086238000000000170e+01,7.139455999999999847e+01,1.200000000000000000e+01,5.930000000000000000e+02
1.813566800000000114e+02,2.828901999999999717e+01,1.172081999999999908e+02,8.000000000000000000e+00,1.250000000000000000e+02
2.318952999999999918e+02,3.710896000000000328e+01,7.885178000000000509e+01,1.100000000000000000e+01,8.100000000000000000e+01
2.256919999999999789e+02,2.819450000000000145e+01,1.031831999999999994e+01,1.400000000000000000e+01,8.320000000000000000e+02
3.018883799999999837e+02,4.954411999999999239e+01,1.787257600000000082e+02,1.000000000000000000e+01,6.680000000000000000e+02
2.981153999999999655e+02,2.300949999999999918e+01,2.179858999999999867e+02,1.000000000000000000e+01,5.490000000000000000e+02
2.364839399999999614e+02,7.547830000000000439e+01,9.485761999999999716e+01,3.000000000000000000e+00,4.320000000000000000e+02
1.539581199999999797e+02,4.552803999999999718e+01,1.710879999999999868e+01,1.700000000000000000e+01,4.640000000000000000e+02
8.361245999999999867e+01,4.114714000000000027e+01,1.423444000000000109e+01,1.800000000000000000e+01,8.980000000000000000e+02
2.840329399999999964e+02,3.931284000000000134e+01,1.863580800000000295e+02,6.000000000000000000e+00,5.500000000000000000e+02
2.499142799999999909e+02,5.565153999999999002e+01,1.621323999999999899e+02,1.000000000000000000e+00,1.280000000000000000e+02
3.018213999999999828e+02,2.685694000000000159e+01,2.232596399999999619e+02,1.000000000000000000e+01,7.850000000000000000e+02
2.084662399999999991e+02,3.317074000000000211e+01,6.588111999999999568e+01,1.100000000000000000e+01,4.030000000000000000e+02
1.876116600000000005e+02,3.304052000000000078e+01,4.981544000000000239e+01,1.500000000000000000e+01,1.070000000000000000e+02
4.741912000000000660e+01,4.071703999999999724e+01,1.955611999999999995e+01,1.900000000000000000e+01,6.090000000000000000e+02
1.935484000000000151e+02,4.221168000000000120e+01,4.702982000000000085e+01,1.500000000000000000e+01,2.380000000000000000e+02
2.404779200000000117e+02,2.121837999999999624e+01,1.358078999999999894e+02,1.000000000000000000e+00,6.870000000000000000e+02
2.191524399999999844e+02,7.674684000000000594e+01,1.072360000000000042e+02,3.000000000000000000e+00,1.120000000000000000e+02
2.710201199999999631e+02,5.790744000000000113e+01,1.251359800000000035e+02,2.000000000000000000e+00,2.020000000000000000e+02
2.357403600000000097e+02,3.060306000000000282e+01,2.463878000000000057e+01,1.400000000000000000e+01,8.000000000000000000e+01
2.265732800000000111e+02,2.810031999999999641e+01,3.828909999999999769e+01,1.400000000000000000e+01,1.700000000000000000e+01
1.896761400000000037e+02,1.941128000000000142e+01,1.123400799999999862e+02,1.300000000000000000e+01,3.000000000000000000e+01
2.378300000000000125e+02,4.593195999999999657e+01,8.122769999999999868e+01,7.000000000000000000e+00,3.380000000000000000e+02
2.477478000000000122e+02,5.556449999999998823e+01,9.854219999999999402e+01,9.000000000000000000e+00,8.140000000000000000e+02
2.352153999999999883e+02,5.602009999999999224e+01,7.371233999999999753e+01,7.000000000000000000e+00,7.280000000000000000e+02
2.258650600000000281e+02,2.518345999999999663e+01,1.503085599999999999e+02,1.000000000000000000e+00,9.190000000000000000e+02
1.673527599999999893e+02,4.749391999999999570e+01,9.265679999999998984e+01,1.200000000000000000e+01,5.500000000000000000e+01
2.183432400000000371e+02,4.004485999999999279e+01,1.577712199999999712e+02,1.000000000000000000e+00,8.810000000000000000e+02
2.331801599999999723e+02,3.178829999999999600e+01,8.412959999999999638e+01,1.100000000000000000e+01,1.570000000000000000e+02
2.389023599999999874e+02,2.871197999999999695e+01,3.685906000000000660e+01,1.400000000000000000e+01,8.700000000000000000e+01
2.722458199999999806e+02,3.480137999999999465e+01,1.715830400000000111e+02,6.000000000000000000e+00,7.270000000000000000e+02
6.452452000000000965e+01,3.976299999999999812e+01,1.778913999999999973e+01,1.900000000000000000e+01,8.470000000000000000e+02
2.038398599999999874e+02,1.368806000000000012e+01,1.187524799999999914e+02,1.300000000000000000e+01,1.600000000000000000e+02
1.206037799999999862e+02,4.846937999999999391e+01,1.682252000000000081e+01,1.800000000000000000e+01,1.820000000000000000e+02
2.683038599999999860e+02,3.881779999999999831e+01,1.740969999999999800e+02,6.000000000000000000e+00,7.240000000000000000e+02
1.865641200000000310e+02,2.412707999999999942e+01,1.169147799999999933e+02,8.000000000000000000e+00,1.100000000000000000e+02
1.804624799999999993e+02,3.206846000000000174e+01,1.219576600000000042e+02,8.000000000000000000e+00,1.510000000000000000e+02
2.848370400000000018e+02,6.412706000000000017e+01,8.820654000000000394e+01,2.000000000000000000e+00,9.610000000000000000e+02
2.127893400000000099e+02,1.224339999999999939e+01,9.700267999999999802e+01,1.300000000000000000e+01,4.420000000000000000e+02
2.099557800000000043e+02,1.409605999999999959e+01,9.044068000000000040e+01,1.300000000000000000e+01,7.370000000000000000e+02
2.607079200000000014e+02,4.315279999999999916e+01,1.722341399999999965e+02,6.000000000000000000e+00,7.970000000000000000e+02
2.218068200000000161e+02,5.480357999999999663e+01,1.561252799999999752e+02,4.000000000000000000e+00,2.560000000000000000e+02
1.686553000000000111e+02,3.685701999999999856e+01,9.499804000000000315e+01,1.200000000000000000e+01,6.520000000000000000e+02
2.506238600000000076e+02,3.591317999999999699e+01,9.475936000000000092e+01,9.000000000000000000e+00,6.660000000000000000e+02
1.776680200000000127e+02,5.447309999999999519e+01,4.198286000000000229e+01,1.500000000000000000e+01,4.790000000000000000e+02
2.352340999999999838e+02,5.592864000000000146e+01,6.722989999999998645e+01,7.000000000000000000e+00,6.740000000000000000e+02
2.350436999999999728e+02,6.651148000000000593e+01,2.601102000000000203e+01,1.600000000000000000e+01,3.550000000000000000e+02
2.415519800000000146e+02,5.849700000000000699e+01,8.767647999999999797e+01,7.000000000000000000e+00,5.260000000000000000e+02
1.922744200000000205e+02,2.162161999999999651e+01,1.192832200000000000e+02,1.300000000000000000e+01,1.000000000000000000e+00
2.749562999999999988e+02,4.347171999999999770e+01,1.155812999999999988e+02,5.000000000000000000e+00,1.080000000000000000e+02
2.566663399999999911e+02,6.404035999999999262e+01,1.357929399999999873e+02,0.000000000000000000e+00,8.770000000000000000e+02
2.843192199999999730e+02,2.137783999999999907e+01,1.378424599999999884e+02,5.000000000000000000e+00,3.820000000000000000e+02
2.719143199999999752e+02,5.391346000000000060e+01,1.186511599999999902e+02,2.000000000000000000e+00,3.800000000000000000e+02
1.739837799999999959e+02,3.856042000000000058e+01,2.886090000000000089e+01,1.700000000000000000e+01,6.950000000000000000e+02
2.213134799999999984e+02,1.833688000000000073e+01,7.406390000000000384e+01,1.100000000000000000e+01,5.430000000000000000e+02
4.029067999999999472e+01,4.677073999999998932e+01,1.561993999999999971e+01,1.900000000000000000e+01,8.800000000000000000e+02
3.088121399999999994e+02,5.347792000000000456e+01,1.991186199999999928e+02,1.000000000000000000e+01,4.250000000000000000e+02
1.679691799999999944e+02,4.900419999999999732e+01,7.901463999999999999e+01,1.200000000000000000e+01,2.970000000000000000e+02
1.906301799999999673e+02,6.348888000000000176e+01,1.216632200000000097e+02,8.000000000000000000e+00,7.600000000000000000e+02
2.797744399999999700e+02,1.596469999999999878e+01,1.022855999999999987e+01,1.400000000000000000e+01,9.360000000000000000e+02
1.681473400000000140e+02,4.753166000000000224e+01,9.915046000000000959e+01,1.200000000000000000e+01,9.000000000000000000e+00
1.696919599999999946e+02,4.865332000000000079e+01,1.051851199999999977e+02,8.000000000000000000e+00,6.300000000000000000e+02
2.342219199999999546e+02,6.795613999999999066e+01,1.043664000000000058e+01,1.600000000000000000e+01,3.620000000000000000e+02
2.879568800000000124e+02,2.850764000000000209e+01,1.039757400000000018e+02,5.000000000000000000e+00,6.640000000000000000e+02
1.188568599999999833e+02,4.370156000000000063e+01,2.871741999999999706e+01,1.800000000000000000e+01,3.840000000000000000e+02
2.463303399999999783e+02,3.047522000000000020e+01,1.003054399999999902e+02,9.000000000000000000e+00,1.680000000000000000e+02
2.615351400000000126e+02,5.851093999999999795e+01,1.584138199999999870e+02,6.000000000000000000e+00,9.290000000000000000e+02
1.295665199999999970e+02,3.730888000000000204e+01,2.285140000000000171e+01,1.800000000000000000e+01,2.360000000000000000e+02
2.412109600000000000e+02,4.939043999999999812e+01,8.536686000000000263e+01,7.000000000000000000e+00,4.070000000000000000e+02
2.735436000000000263e+02,3.701308000000000220e+01,1.166043599999999998e+02,5.000000000000000000e+00,7.600000000000000000e+01
2.389207199999999602e+02,6.612796000000000163e+01,1.286478400000000022e+02,0.000000000000000000e+00,5.750000000000000000e+02
2.435953800000000058e+02,1.892745999999999995e+01,9.228246000000001459e+01,9.000000000000000000e+00,1.560000000000000000e+02
2.994165800000000104e+02,3.201780000000000115e+01,2.075132200000000182e+02,1.000000000000000000e+01,4.080000000000000000e+02
3.019002800000000093e+02,4.630324000000000240e+01,1.978388600000000110e+02,1.000000000000000000e+01,1.780000000000000000e+02
1.961942800000000204e+02,1.436295999999999751e+01,1.106291999999999831e+02,1.300000000000000000e+01,3.200000000000000000e+02
1.798698599999999885e+02,4.764454000000000633e+01,1.277135200000000026e+02,8.000000000000000000e+00,6.310000000000000000e+02
1.687222800000000120e+02,3.971879999999999455e+01,5.844871999999999446e+01,1.500000000000000000e+01,3.700000000000000000e+01
2.432451799999999764e+02,5.489265999999999934e+01,9.394234000000000151e+01,9.000000000000000000e+00,9.550000000000000000e+02
2.992945199999999772e+02,5.694251999999999470e+01,2.218999799999999993e+02,1.000000000000000000e+01,3.490000000000000000e+02
2.267011200000000031e+02,7.482210000000000605e+01,7.940087999999998658e+01,7.000000000000000000e+00,3.790000000000000000e+02
7.897791999999999746e+01,4.739191999999999894e+01,2.244102000000000174e+01,1.800000000000000000e+01,8.210000000000000000e+02
2.407053799999999910e+02,6.232403999999999655e+01,3.618959999999999866e+01,1.600000000000000000e+01,4.660000000000000000e+02
1.682945599999999899e+02,4.154256000000000171e+01,6.458198000000000150e+01,1.200000000000000000e+01,8.830000000000000000e+02
2.407196600000000331e+02,2.549694000000000216e+01,5.730564000000000391e+01,1.100000000000000000e+01,8.680000000000000000e+02
2.685217999999999847e+02,3.206573999999999813e+01,1.166716800000000092e+02,5.000000000000000000e+00,1.140000000000000000e+02
1.146639799999999951e+02,4.411466000000000065e+01,1.351363999999999876e+01,1.800000000000000000e+01,3.010000000000000000e+02
2.363744599999999991e+02,1.244026000000000209e+01,1.105431800000000067e+02,9.000000000000000000e+00,2.720000000000000000e+02
2.357974799999999789e+02,1.953300000000000125e+01,4.622028000000000247e+01,1.100000000000000000e+01,9.350000000000000000e+02
1.727250999999999976e+02,5.594971999999999923e+01,9.963156000000000745e+01,1.200000000000000000e+01,1.410000000000000000e+02
1.889801599999999837e+02,1.690955999999999904e+01,9.674530000000000030e+01,1.300000000000000000e+01,8.490000000000000000e+02
3.028373199999999770e+02,6.806766000000000361e+01,2.289600800000000049e+02,1.000000000000000000e+01,6.850000000000000000e+02
1.860612600000000043e+02,3.809665999999999997e+01,1.346842000000000041e+02,4.000000000000000000e+00,5.690000000000000000e+02
2.194638799999999605e+02,2.741828000000000287e+01,1.505853199999999958e+02,1.000000000000000000e+00,9.090000000000000000e+02
2.219462200000000109e+02,6.731217999999999790e+01,7.069348000000000809e+01,7.000000000000000000e+00,2.530000000000000000e+02
2.698651399999999967e+02,5.254699999999999704e+01,1.707510599999999954e+02,6.000000000000000000e+00,7.830000000000000000e+02
2.010372399999999971e+02,2.820231999999999317e+01,6.745226000000000965e+01,1.500000000000000000e+01,3.470000000000000000e+02
1.711696000000000026e+02,3.240233999999999526e+01,9.005103999999998621e+01,1.200000000000000000e+01,3.590000000000000000e+02
2.413738199999999949e+02,1.638052000000000064e+01,1.064934399999999926e+02,9.000000000000000000e+00,9.200000000000000000e+01
2.875182800000000043e+02,4.908205999999999136e+01,1.345108000000000175e+02,2.000000000000000000e+00,3.880000000000000000e+02
2.304448600000000056e+02,6.574308000000000618e+01,2.161278000000000077e+01,1.600000000000000000e+01,4.180000000000000000e+02
1.675598200000000020e+02,3.839415999999999229e+01,2.439296000000000220e+01,1.700000000000000000e+01,5.780000000000000000e+02
2.761571799999999826e+02,1.952143999999999835e+01,1.389171999999999940e+01,1.400000000000000000e+01,8.730000000000000000e+02
2.540714600000000019e+02,2.935457999999999501e+01,1.079761799999999994e+02,9.000000000000000000e+00,5.700000000000000000e+01
2.182983599999999740e+02,1.500997999999999877e+01,9.425003999999999849e+01,1.300000000000000000e+01,6.270000000000000000e+02
2.729305800000000204e+02,2.191095999999999933e+01,1.376608999999999980e+02,5.000000000000000000e+00,7.860000000000000000e+02
2.481177200000000198e+02,2.676173999999999964e+01,1.553153999999999826e+02,1.000000000000000000e+00,4.110000000000000000e+02
2.952196200000000204e+02,5.439455999999999136e+01,1.526664600000000007e+02,6.000000000000000000e+00,6.200000000000000000e+01
3.006908999999999992e+02,3.278517999999999688e+01,2.008427599999999984e+02,1.000000000000000000e+01,2.630000000000000000e+02
2.306495399999999734e+02,6.665427999999999997e+01,4.568750000000000000e+01,7.000000000000000000e+00,7.420000000000000000e+02
1.216727399999999903e+02,4.274718000000000018e+01,1.387812000000000090e+01,1.800000000000000000e+01,1.440000000000000000e+02
2.775311199999999872e+02,6.493728000000000122e+01,1.224907799999999867e+02,2.000000000000000000e+00,6.130000000000000000e+02
2.699239599999999655e+02,2.308021999999999707e+01,1.038325999999999993e+01,1.400000000000000000e+01,7.100000000000000000e+02
2.524999799999999652e+02,5.812401999999999447e+01,1.321342000000000105e+01,1.600000000000000000e+01,3.610000000000000000e+02
2.690287399999999707e+02,2.632756000000000185e+01,1.394594999999999914e+02,5.000000000000000000e+00,8.220000000000000000e+02
2.257086600000000089e+02,5.761775999999999698e+01,2.158353999999999928e+01,1.600000000000000000e+01,1.160000000000000000e+02
2.624011199999999917e+02,1.535542000000000051e+01,9.745079999999999742e+00,1.400000000000000000e+01,5.850000000000000000e+02
2.809933399999999892e+02,2.155735999999999919e+01,1.501932999999999936e+02,5.000000000000000000e+00,6.460000000000000000e+02
3.073416399999999840e+02,4.280939999999999657e+01,2.015067800000000204e+02,1.000000000000000000e+01,1.670000000000000000e+02
2.300654200000000174e+02,7.600427999999999429e+01,8.442437999999999931e+01,7.000000000000000000e+00,4.920000000000000000e+02
2.947820399999999950e+02,3.368108000000000146e+01,2.135060600000000193e+02,1.000000000000000000e+01,5.400000000000000000e+02
2.238417200000000093e+02,1.037034000000000056e+01,1.025181599999999946e+02,1.300000000000000000e+01,6.340000000000000000e+02
1.738423399999999788e+02,3.272057999999999822e+01,4.330852000000000146e+01,1.500000000000000000e+01,6.500000000000000000e+01
2.842529199999999605e+02,2.308803999999999945e+01,8.851797999999999433e+01,5.000000000000000000e+00,9.320000000000000000e+02
2.819334399999999619e+02,2.339913999999999916e+01,1.560219199999999944e+02,6.000000000000000000e+00,4.690000000000000000e+02
3.013630800000000249e+02,3.307723999999999620e+01,1.852262200000000121e+02,1.000000000000000000e+01,9.220000000000000000e+02
1.604544999999999675e+02,3.715520000000000067e+01,2.239681999999999817e+01,1.700000000000000000e+01,4.870000000000000000e+02
2.466414399999999603e+02,6.287246000000000379e+01,1.506818800000000067e+02,0.000000000000000000e+00,7.940000000000000000e+02
2.426263799999999833e+02,6.928723999999999705e+01,7.732891999999999655e+01,7.000000000000000000e+00,7.030000000000000000e+02
2.514289799999999673e+02,6.449562000000000239e+01,1.409514199999999846e+02,0.000000000000000000e+00,8.690000000000000000e+02
2.910202800000000138e+02,2.812922000000000011e+01,1.568409800000000018e+02,6.000000000000000000e+00,3.270000000000000000e+02
1.859898599999999931e+02,6.418587999999999738e+01,1.138969399999999865e+02,8.000000000000000000e+00,8.280000000000000000e+02
2.842073599999999942e+02,4.592617999999999512e+01,1.275312799999999953e+02,2.000000000000000000e+00,4.580000000000000000e+02
2.910991599999999835e+02,5.868366000000000327e+01,1.593341999999999814e+02,6.000000000000000000e+00,2.580000000000000000e+02
2.297002599999999859e+02,5.748311999999999955e+01,6.231860000000000355e+01,7.000000000000000000e+00,9.130000000000000000e+02
3.044468799999999646e+02,3.806810000000000116e+01,1.816487399999999752e+02,1.000000000000000000e+01,9.160000000000000000e+02
2.654447999999999865e+02,3.472283999999999793e+01,1.691404799999999966e+02,6.000000000000000000e+00,7.010000000000000000e+02
1.928966200000000129e+02,6.586650000000000205e+01,7.540214000000000283e+01,1.200000000000000000e+01,6.210000000000000000e+02
2.340165599999999984e+02,1.823079999999999856e+01,5.283939999999999060e+01,1.100000000000000000e+01,9.310000000000000000e+02
1.686297999999999888e+02,4.214401999999999759e+01,1.034592800000000068e+02,8.000000000000000000e+00,5.170000000000000000e+02
2.580100199999999973e+02,5.771364000000000516e+01,1.103231999999999999e+02,2.000000000000000000e+00,6.470000000000000000e+02
1.118650999999999982e+02,4.784615999999999048e+01,2.537386000000000053e+01,1.800000000000000000e+01,3.760000000000000000e+02
1.630364599999999768e+02,3.510942000000000007e+01,2.776575999999999667e+01,1.700000000000000000e+01,5.480000000000000000e+02
2.053202199999999777e+02,1.101701999999999870e+01,1.070976200000000063e+02,1.300000000000000000e+01,3.090000000000000000e+02
2.372557399999999745e+02,6.103305999999999898e+01,9.523059999999999192e+00,1.600000000000000000e+01,3.240000000000000000e+02
2.385858199999999556e+02,3.000533999999999679e+01,6.618303999999999121e+01,1.100000000000000000e+01,2.470000000000000000e+02
1.673024399999999901e+02,4.054840000000000089e+01,7.909658000000000300e+01,1.200000000000000000e+01,8.890000000000000000e+02
1.128891799999999961e+02,4.863461999999999819e+01,1.757051999999999836e+01,1.800000000000000000e+01,3.640000000000000000e+02
2.121552399999999921e+02,6.447046000000000276e+01,7.749926000000000670e+01,7.000000000000000000e+00,2.200000000000000000e+01
2.487052400000000034e+02,6.475673999999999353e+01,1.242703400000000045e+02,0.000000000000000000e+00,9.330000000000000000e+02
2.380367199999999457e+02,3.517980000000000018e+01,1.624027000000000100e+02,1.000000000000000000e+00,2.870000000000000000e+02
2.332100800000000049e+02,3.162577999999999889e+01,7.001381999999999550e+01,1.100000000000000000e+01,1.430000000000000000e+02
2.586944399999999860e+02,3.368787999999999982e+01,1.043330800000000096e+02,9.000000000000000000e+00,2.780000000000000000e+02
3.025646399999999971e+02,4.589455999999999847e+01,1.684353199999999902e+02,6.000000000000000000e+00,1.920000000000000000e+02
1.954959200000000124e+02,4.818887999999999749e+01,5.060152000000000072e+01,1.500000000000000000e+01,6.100000000000000000e+02
1.583794800000000009e+02,3.626338000000000505e+01,3.239316000000000173e+01,1.700000000000000000e+01,6.020000000000000000e+02
2.337979399999999828e+02,2.115174000000000021e+01,1.386020199999999818e+02,1.000000000000000000e+00,7.440000000000000000e+02
2.023214200000000176e+02,6.024459999999999127e+01,6.906929999999999836e+01,1.500000000000000000e+01,8.780000000000000000e+02
2.324117599999999584e+02,3.129665999999999926e+01,7.628817999999999699e+01,1.100000000000000000e+01,1.150000000000000000e+02
1.806498200000000054e+02,6.327603999999999473e+01,8.870769999999998845e+01,1.200000000000000000e+01,3.230000000000000000e+02
1.816371800000000007e+02,3.156457999999999942e+01,4.865604000000000440e+01,1.500000000000000000e+01,7.400000000000000000e+01
2.244724200000000280e+02,5.764223999999999393e+01,7.910406000000000404e+01,7.000000000000000000e+00,2.220000000000000000e+02
7.861480000000000246e+01,3.946482000000000312e+01,1.848341999999999885e+01,1.800000000000000000e+01,9.560000000000000000e+02
2.368188399999999660e+02,3.004444000000000159e+01,4.826674000000000575e+01,1.100000000000000000e+01,8.330000000000000000e+02
2.998946200000000317e+02,5.491339999999999577e+01,2.034519200000000296e+02,1.000000000000000000e+01,7.300000000000000000e+01
2.794442999999999984e+02,1.994473999999999592e+01,1.426568599999999662e+02,5.000000000000000000e+00,5.150000000000000000e+02
1.702733599999999967e+02,3.580165999999999826e+01,1.023920200000000023e+02,8.000000000000000000e+00,5.960000000000000000e+02
2.771571200000000204e+02,5.081027999999999167e+01,1.214364399999999904e+02,2.000000000000000000e+00,2.770000000000000000e+02
2.303180399999999963e+02,1.030403999999999876e+01,1.087136399999999981e+02,1.300000000000000000e+01,9.650000000000000000e+02
1.980499999999999829e+02,1.590281999999999840e+01,1.174604800000000040e+02,1.300000000000000000e+01,2.230000000000000000e+02
2.427293999999999983e+02,6.652133999999999503e+01,7.133437999999999590e+01,7.000000000000000000e+00,6.420000000000000000e+02
1.930621999999999616e+02,2.814349999999999952e+01,6.447964000000000340e+01,1.500000000000000000e+01,3.040000000000000000e+02
2.191524399999999844e+02,7.226496000000000208e+01,9.421297999999998751e+01,3.000000000000000000e+00,3.140000000000000000e+02
1.916828199999999924e+02,5.503104000000000440e+01,5.446663999999999817e+01,1.500000000000000000e+01,7.650000000000000000e+02
2.288580800000000011e+02,2.065193999999999974e+01,1.333303199999999720e+02,1.000000000000000000e+00,8.110000000000000000e+02
2.144699599999999862e+02,6.765728000000000009e+01,1.285145599999999888e+02,0.000000000000000000e+00,2.310000000000000000e+02
2.177186599999999714e+02,7.618549999999999045e+01,1.217992200000000054e+02,3.000000000000000000e+00,2.500000000000000000e+01
2.238866000000000156e+02,7.664484000000000208e+01,9.555529999999998836e+01,3.000000000000000000e+00,2.100000000000000000e+02
2.547912399999999593e+02,6.431609999999999161e+01,1.291554600000000050e+02,0.000000000000000000e+00,8.970000000000000000e+02
1.669535999999999945e+02,4.681255999999999773e+01,5.174493999999999261e+01,1.500000000000000000e+01,9.400000000000000000e+01
1.989819400000000087e+02,6.829240000000000066e+01,7.846077999999999975e+01,3.000000000000000000e+00,8.370000000000000000e+02
1.925508399999999938e+02,6.091609999999999303e+01,1.283292600000000050e+02,4.000000000000000000e+00,8.270000000000000000e+02
2.728741400000000112e+02,2.150636000000000081e+01,1.445088399999999922e+02,5.000000000000000000e+00,9.020000000000000000e+02
2.024669399999999939e+02,5.553457999999999828e+01,6.337396000000000384e+01,1.500000000000000000e+01,9.400000000000000000e+02
2.136033000000000186e+02,7.305205999999999733e+01,1.255184799999999967e+02,3.000000000000000000e+00,0.000000000000000000e+00
2.279761199999999803e+02,2.182391999999999754e+01,1.132505999999999879e+01,1.400000000000000000e+01,5.540000000000000000e+02
1.811213999999999942e+02,2.348481999999999559e+01,9.041824000000001149e+01,1.200000000000000000e+01,7.400000000000000000e+02
1.355148200000000145e+02,3.916562000000000410e+01,2.788917999999999964e+01,1.700000000000000000e+01,3.930000000000000000e+02
2.516812599999999804e+02,2.393293999999999855e+01,1.762321999999999989e+01,1.400000000000000000e+01,7.820000000000000000e+02
3.009884000000000128e+02,3.713921999999999457e+01,1.758646599999999864e+02,6.000000000000000000e+00,3.080000000000000000e+02
2.212063800000000242e+02,2.091816000000000031e+01,1.346675400000000025e+02,1.300000000000000000e+01,3.280000000000000000e+02
3.113257600000000025e+02,3.845774000000000115e+01,2.057455599999999833e+02,1.000000000000000000e+01,4.910000000000000000e+02
2.806652400000000398e+02,4.374201999999999657e+01,1.224469200000000058e+02,5.000000000000000000e+00,2.900000000000000000e+01
1.686080399999999884e+02,3.495438000000000045e+01,3.030590000000000117e+01,1.700000000000000000e+01,5.720000000000000000e+02
2.581810399999999959e+02,4.717261999999999489e+01,9.885533999999999821e+01,9.000000000000000000e+00,8.710000000000000000e+02
2.230250400000000184e+02,7.463204000000000349e+01,1.253372600000000006e+02,0.000000000000000000e+00,7.100000000000000000e+01
1.888598000000000070e+02,6.954088000000000136e+01,8.987662000000000262e+01,3.000000000000000000e+00,7.740000000000000000e+02
2.266439999999999770e+02,3.436141999999999541e+01,7.722726000000000113e+01,1.100000000000000000e+01,4.900000000000000000e+01
2.239226400000000012e+02,2.818021999999999849e+01,1.687250000000000227e+01,1.400000000000000000e+01,6.960000000000000000e+02
2.482945199999999772e+02,2.641256000000000270e+01,1.113299399999999792e+02,9.000000000000000000e+00,2.600000000000000000e+01
2.325232799999999997e+02,7.423117999999999483e+01,1.216451999999999884e+02,0.000000000000000000e+00,1.390000000000000000e+02
2.819779799999999454e+02,3.185935999999999879e+01,1.372256999999999891e+02,5.000000000000000000e+00,6.440000000000000000e+02
2.632868199999999774e+02,5.845756000000000085e+01,1.248649999999999949e+01,1.600000000000000000e+01,9.670000000000000000e+02
2.645128599999999892e+02,5.522415999999999769e+01,1.650989000000000146e+02,6.000000000000000000e+00,9.710000000000000000e+02
3.099640599999999608e+02,5.152699999999999392e+01,1.827727800000000116e+02,1.000000000000000000e+01,5.060000000000000000e+02
1.922655799999999715e+02,6.877587999999998658e+01,1.149128599999999949e+02,3.000000000000000000e+00,9.300000000000000000e+02
1.805845400000000041e+02,2.971259999999999479e+01,5.768406000000000233e+01,1.500000000000000000e+01,3.980000000000000000e+02
2.336561599999999714e+02,7.045207999999999515e+01,5.952550000000000097e+01,7.000000000000000000e+00,5.790000000000000000e+02
2.022867399999999805e+02,1.242530000000000001e+01,1.127987399999999951e+02,1.300000000000000000e+01,1.850000000000000000e+02
2.257654400000000123e+02,1.077867999999999959e+01,9.031691999999998188e+01,1.300000000000000000e+01,8.920000000000000000e+02
3.012053199999999720e+02,6.304177999999999571e+01,2.251986599999999896e+02,1.000000000000000000e+01,5.990000000000000000e+02
2.361622999999999593e+02,6.752093999999999596e+01,1.931438000000000343e+01,1.600000000000000000e+01,4.780000000000000000e+02
1.986392199999999946e+02,3.866174000000000177e+01,1.462931600000000003e+02,4.000000000000000000e+00,1.880000000000000000e+02
2.292048799999999460e+02,2.200990000000000180e+01,4.920038000000000267e+01,1.100000000000000000e+01,7.520000000000000000e+02
2.713788200000000188e+02,6.366737999999999431e+01,1.490651799999999980e+02,2.000000000000000000e+00,1.610000000000000000e+02
2.782430800000000204e+02,5.838378000000000156e+01,1.382868399999999838e+02,2.000000000000000000e+00,4.280000000000000000e+02
2.902080199999999763e+02,3.006008000000000280e+01,9.599457999999999913e+01,5.000000000000000000e+00,7.590000000000000000e+02
2.330625200000000348e+02,5.348404000000000025e+01,1.606081799999999760e+02,1.000000000000000000e+00,3.100000000000000000e+01
2.349219799999999907e+02,1.486004000000000147e+01,1.218458000000000112e+02,9.000000000000000000e+00,5.190000000000000000e+02
2.100989199999999926e+02,3.572108000000000061e+01,1.523029999999999973e+02,4.000000000000000000e+00,5.600000000000000000e+01
2.437946200000000090e+02,2.474758000000000280e+01,9.857211999999999819e+01,9.000000000000000000e+00,1.330000000000000000e+02
2.880680600000000027e+02,5.002318000000000353e+01,1.984070000000000107e+02,1.000000000000000000e+01,1.000000000000000000e+01
1.557516200000000026e+02,4.967093999999999454e+01,3.321323999999999899e+01,1.700000000000000000e+01,2.670000000000000000e+02
3.290081399999999689e+02,4.057049999999999557e+01,1.774782999999999902e+02,1.000000000000000000e+01,8.170000000000000000e+02
1.957838999999999885e+02,5.141751999999999612e+01,1.428812599999999975e+02,4.000000000000000000e+00,4.680000000000000000e+02
1.791181200000000047e+02,5.852623999999999427e+01,6.639486000000000843e+01,1.200000000000000000e+01,5.950000000000000000e+02
2.676299800000000459e+02,6.099973999999999563e+01,1.449025599999999940e+02,2.000000000000000000e+00,5.000000000000000000e+01
1.276122000000000014e+02,4.431423999999999808e+01,1.402431999999999768e+01,1.800000000000000000e+01,4.700000000000000000e+01
2.786480199999999741e+02,2.692765999999999948e+01,1.254562599999999861e+02,5.000000000000000000e+00,2.350000000000000000e+02
1.057926999999999964e+02,4.026177999999999457e+01,2.575703999999999994e+01,1.800000000000000000e+01,3.720000000000000000e+02
2.610536999999999352e+02,6.299043999999999244e+01,1.309091800000000205e+02,2.000000000000000000e+00,2.340000000000000000e+02
2.674528399999999806e+02,7.216465999999999781e+01,9.684559999999999391e+00,1.600000000000000000e+01,7.070000000000000000e+02
1.697915800000000104e+02,5.313077999999999435e+01,4.432647999999999655e+01,1.700000000000000000e+01,8.400000000000000000e+01
2.093587399999999832e+02,4.197843999999999909e+01,1.536820400000000006e+02,4.000000000000000000e+00,7.800000000000000000e+01
1.749830399999999884e+02,3.003424000000000049e+01,1.051541799999999967e+02,8.000000000000000000e+00,3.410000000000000000e+02
3.228412199999999643e+02,3.800587999999999766e+01,1.755192200000000184e+02,1.000000000000000000e+01,8.440000000000000000e+02
2.141642999999999972e+02,4.575549999999999784e+01,1.560562599999999804e+02,4.000000000000000000e+00,8.200000000000000000e+01
2.704040399999999522e+02,8.613899999999999224e+00,1.291422000000000025e+01,1.400000000000000000e+01,7.920000000000000000e+02
2.279526599999999803e+02,2.352834000000000003e+01,2.074475999999999942e+01,1.400000000000000000e+01,5.410000000000000000e+02
2.415251199999999869e+02,1.931335999999999942e+01,6.922502000000000066e+01,1.100000000000000000e+01,4.290000000000000000e+02
2.147297199999999577e+02,4.997047999999999490e+01,6.660566000000000031e+01,7.000000000000000000e+00,1.290000000000000000e+02
2.199646999999999650e+02,6.887855999999999312e+01,7.804836000000000240e+01,7.000000000000000000e+00,3.000000000000000000e+02
2.243891199999999628e+02,4.041239999999999810e+01,7.187973999999999819e+01,1.100000000000000000e+01,4.200000000000000000e+01
2.384821200000000090e+02,7.429476000000001079e+01,1.020129200000000083e+02,3.000000000000000000e+00,4.950000000000000000e+02
2.261809199999999862e+02,7.756929999999999836e+01,1.122717399999999799e+02,3.000000000000000000e+00,2.120000000000000000e+02
2.300946600000000331e+02,1.928581999999999752e+01,5.746849999999999881e+01,1.100000000000000000e+01,9.340000000000000000e+02
2.682712199999999712e+02,1.344597999999999871e+01,9.404740000000000322e+00,1.400000000000000000e+01,6.540000000000000000e+02
2.272026200000000244e+02,6.525857999999999493e+01,6.052544000000000324e+01,7.000000000000000000e+00,9.540000000000000000e+02
2.856088399999999865e+02,5.525509999999999877e+01,9.013468000000000302e+01,2.000000000000000000e+00,9.380000000000000000e+02
2.396806199999999762e+02,6.543265999999999849e+01,1.221178000000000026e+02,0.000000000000000000e+00,4.840000000000000000e+02
2.949241600000000290e+02,3.265564000000000533e+01,1.958709400000000187e+02,1.000000000000000000e+01,9.530000000000000000e+02
2.627190200000000004e+02,6.104801999999998685e+01,1.228732800000000083e+02,2.000000000000000000e+00,8.080000000000000000e+02
1.483787199999999871e+02,3.648234000000000066e+01,2.645301999999999865e+01,1.700000000000000000e+01,5.560000000000000000e+02
6.001033999999999224e+01,4.601424000000000092e+01,2.267017999999999844e+01,1.900000000000000000e+01,5.830000000000000000e+02
1.677121400000000051e+02,4.558141999999999427e+01,7.163187999999999533e+01,1.200000000000000000e+01,9.210000000000000000e+02
1.893477000000000032e+02,1.799007999999999896e+01,8.795120000000000005e+01,1.300000000000000000e+01,8.020000000000000000e+02
2.086144799999999861e+02,2.864193999999999818e+01,7.038237999999999772e+01,1.100000000000000000e+01,3.670000000000000000e+02
2.867662000000000262e+02,6.256917999999999580e+01,1.542522199999999941e+02,6.000000000000000000e+00,6.000000000000000000e+01
3.225797600000000216e+02,5.064095999999999265e+01,1.814257000000000062e+02,1.000000000000000000e+01,6.670000000000000000e+02
2.500002999999999815e+02,1.669365999999999772e+01,1.567433999999999905e+01,1.400000000000000000e+01,5.100000000000000000e+02
2.985111600000000180e+02,3.841251999999999356e+01,1.580728000000000009e+02,6.000000000000000000e+00,2.390000000000000000e+02
1.746134600000000034e+02,5.632983999999999725e+01,1.070027599999999950e+02,8.000000000000000000e+00,9.080000000000000000e+02
5.352687999999999136e+01,4.486537999999999471e+01,2.284222000000000463e+01,1.900000000000000000e+01,4.020000000000000000e+02
1.743295600000000150e+02,4.501531999999999556e+01,1.194607000000000028e+02,8.000000000000000000e+00,4.770000000000000000e+02
2.297019599999999855e+02,1.072427999999999848e+01,1.168233199999999954e+02,1.300000000000000000e+01,9.480000000000000000e+02
2.945851799999999798e+02,4.491433999999999571e+01,2.126536800000000085e+02,1.000000000000000000e+01,5.080000000000000000e+02
9.490453999999999724e+01,4.569565999999999661e+01,2.629423999999999850e+01,1.800000000000000000e+01,6.280000000000000000e+02
3.160194599999999809e+02,3.837308000000000163e+01,1.766809999999999832e+02,1.000000000000000000e+01,8.590000000000000000e+02
2.626734599999999773e+02,2.777664000000000044e+01,1.552164599999999837e+02,1.000000000000000000e+00,4.600000000000000000e+02
2.361915399999999750e+02,5.709517999999999915e+01,5.033563999999999794e+01,7.000000000000000000e+00,8.630000000000000000e+02
2.212359600000000057e+02,6.566896000000001266e+01,1.391259600000000205e+02,0.000000000000000000e+00,2.000000000000000000e+02
2.805836400000000026e+02,3.416557999999999851e+01,1.741928800000000024e+02,6.000000000000000000e+00,5.090000000000000000e+02
2.294418599999999913e+02,5.662393999999999750e+01,7.084341999999999473e+01,7.000000000000000000e+00,8.010000000000000000e+02
2.240970599999999990e+02,6.065191999999999695e+01,1.497631999999999941e+01,1.600000000000000000e+01,1.760000000000000000e+02
2.322434599999999989e+02,3.057959999999999923e+01,4.366313999999999851e+01,1.100000000000000000e+01,8.390000000000000000e+02
2.450991999999999678e+02,6.582026000000000465e+01,1.313056200000000047e+02,0.000000000000000000e+00,6.450000000000000000e+02
1.849943399999999656e+02,3.800825999999999993e+01,4.068847999999999843e+01,1.500000000000000000e+01,2.420000000000000000e+02
2.450070599999999956e+02,2.172293999999999770e+01,1.284282000000000039e+02,9.000000000000000000e+00,1.090000000000000000e+02
2.311976199999999722e+02,1.980567999999999884e+01,1.687963999999999842e+01,1.400000000000000000e+01,5.340000000000000000e+02
2.631974000000000160e+02,2.436303999999999803e+01,9.746780000000001110e+00,1.400000000000000000e+01,9.430000000000000000e+02
2.416169199999999933e+02,5.973834000000000088e+01,7.109501999999999100e+01,7.000000000000000000e+00,7.130000000000000000e+02
2.887249400000000037e+02,3.438963999999999999e+01,1.837638800000000003e+02,6.000000000000000000e+00,5.280000000000000000e+02
4.747691999999999979e+01,4.653613999999999606e+01,1.412326000000000015e+01,1.900000000000000000e+01,3.110000000000000000e+02
2.270438400000000172e+02,7.690493999999999630e+01,1.186137599999999992e+02,0.000000000000000000e+00,2.620000000000000000e+02
1.714395599999999718e+02,5.241236000000000672e+01,5.643524000000000029e+01,1.500000000000000000e+01,7.670000000000000000e+02
2.896150600000000281e+02,2.902274000000000242e+01,1.632792199999999809e+02,6.000000000000000000e+00,3.810000000000000000e+02
2.354431999999999903e+01,4.171289999999999765e+01,1.250860000000000127e+01,1.900000000000000000e+01,9.500000000000000000e+02
2.475509399999999971e+02,4.470116000000000156e+01,1.671270000000000095e+02,1.000000000000000000e+00,1.030000000000000000e+02
2.061930000000000121e+02,7.650986000000000331e+01,1.062656399999999906e+02,3.000000000000000000e+00,5.910000000000000000e+02
1.839522399999999607e+02,6.456430000000000291e+01,8.240137999999998897e+01,1.200000000000000000e+01,4.590000000000000000e+02
2.329846599999999910e+02,5.499907999999999220e+01,9.855579999999999785e+00,1.600000000000000000e+01,1.020000000000000000e+02
2.524703999999999837e+02,5.840282000000000551e+01,1.077789799999999900e+02,9.000000000000000000e+00,8.850000000000000000e+02
2.871521000000000186e+02,3.738537999999999784e+01,1.949831999999999823e+02,1.000000000000000000e+01,9.500000000000000000e+01
2.976778199999999970e+02,5.053182000000000329e+01,1.569334599999999966e+02,6.000000000000000000e+00,1.240000000000000000e+02
6.509741999999999962e+01,4.371481999999999601e+01,1.205129999999999946e+01,1.900000000000000000e+01,2.290000000000000000e+02
1.686056600000000003e+02,3.832038000000000011e+01,7.290178000000000225e+01,1.200000000000000000e+01,8.480000000000000000e+02
2.201010400000000118e+02,6.662912000000000035e+01,1.330919800000000066e+02,0.000000000000000000e+00,1.050000000000000000e+02
2.593860000000000241e+02,3.587543999999999755e+01,1.684842800000000125e+02,1.000000000000000000e+00,4.570000000000000000e+02
2.106531200000000013e+02,2.167772000000000077e+01,1.316306600000000060e+02,1.300000000000000000e+01,2.280000000000000000e+02
1.595810400000000016e+02,4.860810000000000741e+01,2.051559999999999917e+01,1.700000000000000000e+01,4.370000000000000000e+02
1.905108400000000017e+02,4.995007999999999271e+01,4.715051999999999310e+01,1.500000000000000000e+01,6.710000000000000000e+02
1.821808399999999892e+02,5.338271999999999906e+01,1.268482200000000120e+02,8.000000000000000000e+00,6.530000000000000000e+02
2.329217599999999777e+02,1.314847999999999928e+01,7.678695999999999344e+01,1.100000000000000000e+01,7.390000000000000000e+02
2.404350799999999992e+02,6.214383999999999730e+01,1.528231999999999857e+02,0.000000000000000000e+00,7.890000000000000000e+02
1.273762399999999957e+02,4.956383999999999190e+01,1.851061999999999941e+01,1.800000000000000000e+01,1.600000000000000000e+01
2.916639000000000124e+02,3.515634000000000725e+01,2.027368999999999915e+02,1.000000000000000000e+01,7.120000000000000000e+02
2.007373600000000238e+02,5.658178000000000196e+01,1.424695199999999886e+02,4.000000000000000000e+00,3.950000000000000000e+02
2.438459599999999625e+02,2.148391999999999769e+01,1.855618000000000123e+01,1.400000000000000000e+01,3.690000000000000000e+02
2.721149199999999837e+02,2.737373999999999796e+01,1.467813999999999908e+02,5.000000000000000000e+00,9.440000000000000000e+02
1.845513200000000040e+02,5.703975999999999402e+01,5.434729999999999706e+01,1.500000000000000000e+01,7.480000000000000000e+02
2.074676600000000235e+02,6.690009999999999479e+01,1.274143200000000036e+02,4.000000000000000000e+00,8.180000000000000000e+02
1.925236400000000003e+02,2.828528000000000020e+01,1.315252600000000029e+02,4.000000000000000000e+00,8.130000000000000000e+02
2.800025800000000231e+02,5.476549999999998875e+01,1.316462999999999965e+02,2.000000000000000000e+00,2.750000000000000000e+02
2.312340000000000089e+02,3.201236000000000104e+01,1.937048000000000059e+01,1.400000000000000000e+01,9.420000000000000000e+02
1.771525799999999720e+02,5.012925999999999505e+01,1.222014400000000052e+02,8.000000000000000000e+00,5.440000000000000000e+02
2.515238399999999785e+02,3.944442000000000093e+01,1.678600399999999695e+02,1.000000000000000000e+00,1.970000000000000000e+02
2.236720599999999877e+02,6.070835999999999899e+01,7.327544000000000324e+01,7.000000000000000000e+00,1.620000000000000000e+02
2.249416200000000003e+02,1.106835999999999842e+01,1.221310600000000051e+02,1.300000000000000000e+01,8.580000000000000000e+02
2.703578000000000543e+02,5.903249999999999886e+01,1.383357999999999954e+01,1.600000000000000000e+01,9.150000000000000000e+02
2.269166799999999853e+02,6.249506000000000228e+01,4.219229999999999592e+01,7.000000000000000000e+00,8.340000000000000000e+02
2.347849599999999839e+02,7.511144000000000176e+01,1.150876200000000011e+02,0.000000000000000000e+00,3.440000000000000000e+02
2.719959200000000124e+02,7.068770000000000664e+01,1.487397999999999954e+01,1.600000000000000000e+01,8.670000000000000000e+02
3.061428000000000225e+02,4.866046000000000049e+01,1.931767799999999795e+02,1.000000000000000000e+01,2.090000000000000000e+02
2.813924999999999841e+02,2.687155999999999878e+01,1.172085399999999993e+02,5.000000000000000000e+00,3.650000000000000000e+02
2.759106800000000135e+02,7.752067999999999870e+01,1.111902000000000079e+01,1.600000000000000000e+01,9.180000000000000000e+02
2.275252800000000093e+02,4.200835999999999615e+01,1.613660399999999981e+02,1.000000000000000000e+00,2.080000000000000000e+02
2.885409999999999897e+01,4.163640000000000185e+01,1.826106000000000051e+01,1.900000000000000000e+01,8.760000000000000000e+02
1.677495399999999961e+02,3.791543999999999670e+01,8.645792000000000144e+01,1.200000000000000000e+01,2.070000000000000000e+02
3.024898400000000152e+02,5.490455999999999648e+01,1.951181799999999669e+02,1.000000000000000000e+01,4.340000000000000000e+02
2.373859600000000114e+02,1.847628000000000270e+01,1.583448000000000100e+01,1.400000000000000000e+01,5.270000000000000000e+02
2.944291200000000117e+02,3.366781999999999897e+01,1.779689199999999687e+02,6.000000000000000000e+00,4.980000000000000000e+02
2.907329799999999977e+02,5.951734000000000435e+01,1.493178000000000054e+02,6.000000000000000000e+00,2.400000000000000000e+01
2.083322799999999972e+02,5.372340000000000515e+01,6.525007999999999697e+01,7.000000000000000000e+00,1.350000000000000000e+02
2.920253200000000220e+02,3.774339999999999407e+01,2.082703999999999951e+02,1.000000000000000000e+01,6.060000000000000000e+02
2.429402000000000044e+02,2.479585999999999757e+01,7.171143999999999608e+01,1.100000000000000000e+01,3.870000000000000000e+02
3.013589999999999804e+02,4.078503999999999508e+01,1.646035199999999747e+02,6.000000000000000000e+00,1.630000000000000000e+02
2.212458199999999806e+02,7.569419999999999504e+01,1.014553200000000004e+02,3.000000000000000000e+00,1.270000000000000000e+02
2.393967199999999877e+02,2.983091999999999899e+01,7.314691999999999439e+01,1.100000000000000000e+01,3.370000000000000000e+02
2.658738799999999856e+02,2.660942000000000007e+01,1.485062199999999848e+02,5.000000000000000000e+00,9.450000000000000000e+02
2.423316000000000088e+02,6.416140000000000043e+01,1.148421399999999863e+02,0.000000000000000000e+00,5.920000000000000000e+02
2.419582799999999736e+02,2.391253999999999991e+01,6.509232000000000085e+01,1.100000000000000000e+01,5.330000000000000000e+02
2.268408599999999922e+02,2.692085999999999757e+01,4.633791999999999689e+01,1.100000000000000000e+01,7.570000000000000000e+02
2.439149799999999857e+02,1.775412000000000035e+01,1.368125999999999820e+01,1.400000000000000000e+01,3.780000000000000000e+02
2.871741999999999848e+02,6.175759999999998939e+01,1.155170399999999944e+02,2.000000000000000000e+00,8.200000000000000000e+02
2.830414999999999850e+02,6.524226000000000170e+01,1.499308199999999829e+02,2.000000000000000000e+00,1.990000000000000000e+02
3.028335800000000404e+02,3.864372000000000185e+01,2.021473400000000140e+02,1.000000000000000000e+01,2.030000000000000000e+02
1.893521199999999851e+02,3.774136000000000024e+01,4.564602000000000714e+01,1.500000000000000000e+01,1.320000000000000000e+02
1.009099599999999981e+02,4.471305999999999159e+01,2.725100000000000122e+01,1.800000000000000000e+01,6.750000000000000000e+02
2.256001999999999725e+02,2.954158000000000328e+01,2.270247999999999777e+01,1.400000000000000000e+01,5.980000000000000000e+02
2.395425799999999867e+02,2.829207999999999501e+01,2.929848000000000141e+01,1.400000000000000000e+01,1.840000000000000000e+02
2.761445999999999685e+02,2.802586000000000155e+01,1.368340200000000095e+02,5.000000000000000000e+00,7.170000000000000000e+02
2.683531600000000026e+02,2.894011999999999674e+01,1.227488400000000013e+02,5.000000000000000000e+00,1.190000000000000000e+02
2.275113400000000183e+02,6.207380000000000564e+01,9.279279999999999973e+00,1.600000000000000000e+01,2.060000000000000000e+02
1.736842399999999884e+02,3.444879999999999853e+01,3.473031999999999897e+01,1.700000000000000000e+01,7.200000000000000000e+02
2.171409999999999911e+02,2.008855999999999753e+01,1.296685200000000009e+02,1.300000000000000000e+01,2.300000000000000000e+02
4.406365999999999872e+01,4.108355999999999852e+01,1.361427999999999905e+01,1.900000000000000000e+01,4.190000000000000000e+02
5.887610000000000099e+01,4.579766000000000048e+01,1.317771999999999899e+01,1.900000000000000000e+01,2.640000000000000000e+02
2.291436799999999891e+02,6.194256000000000739e+01,1.517460800000000063e+02,0.000000000000000000e+00,4.860000000000000000e+02
2.333083399999999585e+02,3.951106000000000051e+01,1.627131200000000035e+02,1.000000000000000000e+00,2.330000000000000000e+02
3.161952399999999557e+02,5.112750000000000483e+01,1.821692800000000148e+02,1.000000000000000000e+01,5.580000000000000000e+02
2.418729399999999998e+02,6.350043999999999755e+01,6.463671999999999684e+01,7.000000000000000000e+00,5.810000000000000000e+02
2.528022399999999834e+02,3.272840000000000060e+01,1.006794399999999996e+02,9.000000000000000000e+00,2.410000000000000000e+02
1.251244199999999864e+02,4.324425999999999704e+01,2.912915999999999528e+01,1.800000000000000000e+01,4.720000000000000000e+02
3.772742000000000218e+01,4.067793999999999954e+01,1.582835999999999999e+01,1.900000000000000000e+01,5.860000000000000000e+02
1.687749799999999993e+02,4.722599999999999199e+01,6.137951999999999231e+01,1.500000000000000000e+01,8.000000000000000000e+02
2.735201400000000262e+02,1.740698000000000079e+01,8.578199999999998937e+00,1.400000000000000000e+01,8.310000000000000000e+02
2.326419399999999769e+02,2.228870000000000218e+01,1.456770800000000179e+02,1.000000000000000000e+00,6.220000000000000000e+02
2.755781600000000253e+02,6.604431999999999903e+01,1.282592199999999991e+02,2.000000000000000000e+00,5.250000000000000000e+02
2.180460799999999608e+02,2.429878000000000071e+01,7.983030000000000825e+01,1.100000000000000000e+01,3.060000000000000000e+02
1.803910799999999881e+02,2.500835999999999615e+01,1.054731000000000023e+02,8.000000000000000000e+00,2.540000000000000000e+02
2.125339999999999918e+02,1.027717999999999954e+01,1.097567599999999857e+02,1.300000000000000000e+01,6.330000000000000000e+02
2.081683999999999912e+02,1.122781999999999947e+01,1.148020199999999846e+02,1.300000000000000000e+01,2.430000000000000000e+02
5.519695999999999003e+01,4.015739999999999554e+01,1.930927999999999756e+01,1.900000000000000000e+01,5.620000000000000000e+02
2.408532800000000123e+02,6.929914000000000840e+01,1.489573999999999998e+01,1.600000000000000000e+01,5.770000000000000000e+02
2.442672199999999805e+02,2.133465999999999951e+01,8.520127999999998281e+01,9.000000000000000000e+00,2.400000000000000000e+02
1.593736399999999946e+02,4.270807999999999538e+01,1.834164000000000172e+01,1.700000000000000000e+01,4.510000000000000000e+02
3.159449999999999292e+01,4.173499999999999943e+01,1.237804000000000038e+01,1.900000000000000000e+01,8.880000000000000000e+02
2.997198599999999828e+02,5.084496000000000038e+01,1.728916999999999859e+02,6.000000000000000000e+00,1.910000000000000000e+02
1.934365399999999795e+02,7.568921209677246509e+01,1.145736078841106149e+02,3.000000000000000000e+00,9.720000000000000000e+02
2.300099999999999909e+02,1.622485710745633014e+01,1.124725542233432805e+02,1.300000000000000000e+01,9.730000000000000000e+02
2.877076600000000326e+02,4.666011745841765901e+01,1.306352063632931788e+02,5.000000000000000000e+00,9.740000000000000000e+02
2.806013199999999870e+02,3.734328562345476143e+01,1.195603108106537462e+02,5.000000000000000000e+00,9.750000000000000000e+02
2.645145599999999604e+02,2.747012032437543638e+01,1.170580886441890982e+02,5.000000000000000000e+00,9.760000000000000000e+02
2.802188199999999938e+02,2.643873314884479697e+01,1.452080502618888715e+02,5.000000000000000000e+00,9.770000000000000000e+02
2.119820100000000025e+02,1.871921860615198341e+01,1.376877288007541438e+02,4.000000000000000000e+00,9.780000000000000000e+02
1.969268099999999890e+02,2.475780851730323207e+01,1.273480074472015673e+02,4.000000000000000000e+00,9.790000000000000000e+02
1.772826299999999833e+02,6.274164548049577661e+01,1.059806631399205230e+02,8.000000000000000000e+00,9.800000000000000000e+02
1.877318500000000085e+02,2.511372485255527920e+01,1.317565470830301706e+02,8.000000000000000000e+00,9.810000000000000000e+02
1.801717799999999841e+02,1.918614710874115659e+01,1.015572163757257300e+02,8.000000000000000000e+00,9.820000000000000000e+02
1.872585700000000202e+02,2.077478912725507598e+01,1.230434246382549333e+02,8.000000000000000000e+00,9.830000000000000000e+02
1.722117000000000075e+02,5.165620901733498016e+01,8.763790752837395814e+01,1.200000000000000000e+01,9.840000000000000000e+02
1.673400100000000066e+02,4.208071822244676952e+01,7.998929131559363270e+01,1.200000000000000000e+01,9.850000000000000000e+02
2.371481299999999806e+02,9.690046707611552179e+00,1.176510621614505538e+02,9.000000000000000000e+00,9.860000000000000000e+02
2.432424599999999941e+02,2.432836667884328108e+01,9.675303653105571300e+01,9.000000000000000000e+00,9.870000000000000000e+02
2.533955399999999827e+02,6.003438704381801472e+01,1.010141810405388156e+02,9.000000000000000000e+00,9.880000000000000000e+02
2.458206800000000101e+02,5.788024090235968799e+01,1.048828586865039654e+02,9.000000000000000000e+00,9.890000000000000000e+02
2.536916799999999625e+02,5.803987356325115599e+01,1.425274677957233678e+02,0.000000000000000000e+00,9.900000000000000000e+02
2.410061099999999783e+02,7.053129279203017177e+01,1.174780349292303043e+02,0.000000000000000000e+00,9.910000000000000000e+02
2.435911300000000210e+02,6.805771069229473369e+01,7.919845500371498304e+01,7.000000000000000000e+00,9.920000000000000000e+02
2.725193499999999744e+02,3.257673884724226809e+01,1.613910091259561170e+02,6.000000000000000000e+00,9.930000000000000000e+02
2.630240000000000009e+02,6.203757739428961315e+01,1.642982506937543121e+02,6.000000000000000000e+00,9.940000000000000000e+02
2.378592399999999998e+02,6.050749956597962864e+01,3.003492145827508963e+01,1.600000000000000000e+01,9.950000000000000000e+02
2.756337499999999636e+02,6.397785641321390671e+01,4.370563076782560508e+00,1.600000000000000000e+01,9.960000000000000000e+02
2.654400400000000104e+02,6.849764358082784099e+01,1.061885774016876383e+01,1.600000000000000000e+01,9.970000000000000000e+02
2.815981999999999630e+02,5.628277407113053243e+01,1.163866185999303582e+02,2.000000000000000000e+00,9.980000000000000000e+02
2.786639999999999873e+02,6.138820021884345124e+01,1.325111066492326302e+02,2.000000000000000000e+00,9.990000000000000000e+02
2.903293999999999642e+02,4.908214128452035396e+01,1.348345558066082219e+02,2.000000000000000000e+00,1.000000000000000000e+03
2.858628199999999993e+02,5.264818981733353098e+01,1.286950824763985963e+02,2.000000000000000000e+00,1.001000000000000000e+03
1.771010699999999929e+02,2.755911016352418841e+01,6.338566664052645194e+01,1.500000000000000000e+01,1.002000000000000000e+03
1.777276899999999955e+02,3.685032563225507829e+01,4.619490590145999676e+01,1.500000000000000000e+01,1.003000000000000000e+03
1.792869299999999839e+02,5.643140722109250618e+01,3.543881207538048983e+01,1.500000000000000000e+01,1.004000000000000000e+03
2.170503899999999931e+02,3.389312208575483965e+01,6.429522428399187106e+01,1.100000000000000000e+01,1.005000000000000000e+03
2.255165599999999699e+02,4.111571541923355255e+01,7.877282540984865022e+01,1.100000000000000000e+01,1.006000000000000000e+03
7.164173999999999864e+01,5.244552280904976271e+01,2.076863612936982406e+01,1.900000000000000000e+01,1.007000000000000000e+03
2.297250799999999913e+02,4.378401000000000209e+01,1.443878000000000128e+01,1.400000000000000000e+01,1.008000000000000000e+03
2.257144399999999678e+02,4.555707569976040361e+01,6.729103224705966113e+01,7.000000000000000000e+00,1.009000000000000000e+03
