1.897162445117282061e+02,8.527039040271478854e+00,7.390581159099023978e+01,1.000000000000000000e+01,4.610000000000000000e+02
1.240275406331319914e+02,4.168053761481150588e+01,1.124100050468339518e+01,1.500000000000000000e+01,4.740000000000000000e+02
3.066554098446520129e+02,4.262973481226606509e+01,1.784957183670467771e+02,2.000000000000000000e+00,4.860000000000000000e+02
1.747752386879548681e+02,3.294166963580475027e+01,1.240805573839787144e+02,7.000000000000000000e+00,4.530000000000000000e+02
2.167099693305976587e+02,1.531607653185698936e+01,5.454483621153048745e+01,1.100000000000000000e+01,4.020000000000000000e+02
2.785832839618927323e+02,1.580692578973398810e+01,1.087183322403080297e+02,1.000000000000000000e+00,5.880000000000000000e+02
2.548174544574766571e+02,1.637256835585304415e+01,1.248078165473388736e+02,1.000000000000000000e+00,4.080000000000000000e+02
1.727921000695479563e+02,5.384189454587694712e+01,7.245003728648113395e+01,9.000000000000000000e+00,7.700000000000000000e+02
2.808279004735570084e+02,5.267881856328997259e+01,1.392933373214418680e+02,0.000000000000000000e+00,8.000000000000000000e+00
1.685581906729003094e+02,2.611665293444953662e+01,1.108691054117180386e+02,7.000000000000000000e+00,8.210000000000000000e+02
2.738472402993292576e+02,5.152378804742924245e+01,1.102772469823897268e+02,1.000000000000000000e+00,5.230000000000000000e+02
2.839530047413947855e+01,3.742454294411781746e+01,4.293282351155781384e+00,1.900000000000000000e+01,8.290000000000000000e+02
1.019280774961248284e+02,3.384798610820373455e+01,1.929964631652674711e+01,1.800000000000000000e+01,4.230000000000000000e+02
1.809512837278421387e+02,5.965045503098601642e+01,7.449976318321431279e+01,9.000000000000000000e+00,8.490000000000000000e+02
2.425511522266238842e+02,1.435725647885427492e+01,1.162392534677288296e+02,6.000000000000000000e+00,3.650000000000000000e+02
2.551519643682516971e+02,7.479798401873212654e+00,1.083671323569961764e+00,1.600000000000000000e+01,4.290000000000000000e+02
2.135307814948486680e+02,2.267510914068997963e+01,6.782722051546660680e+01,1.100000000000000000e+01,4.890000000000000000e+02
2.313543485066684298e+02,1.268863087141546586e+01,1.248475676583944818e+02,6.000000000000000000e+00,2.480000000000000000e+02
2.201125456686023085e+02,1.224792194962714653e+01,6.331857813685946468e+00,1.400000000000000000e+01,8.500000000000000000e+02
1.859512667889288764e+02,1.594741392863107698e+01,1.177004328595934624e+02,7.000000000000000000e+00,3.310000000000000000e+02
2.241014525222313409e+02,6.813477488160279449e+01,8.569579341756438851e+01,1.300000000000000000e+01,9.210000000000000000e+02
1.719866198424089134e+02,5.514678728528627261e+01,8.718725633017734822e+01,9.000000000000000000e+00,7.590000000000000000e+02
1.081269772443631041e+02,4.060864990886680914e+01,1.493674094490926230e+01,1.500000000000000000e+01,8.840000000000000000e+02
2.831915943186492086e+02,5.400790932663177557e+01,9.152004768461945616e+01,4.000000000000000000e+00,1.260000000000000000e+02
1.634691204014958714e+02,4.621524319315677332e+01,6.758613698349128640e+01,9.000000000000000000e+00,7.630000000000000000e+02
1.604523333070152376e+02,2.643355880642167577e+01,2.209240677246286921e+01,1.200000000000000000e+01,2.300000000000000000e+02
2.340689107734919503e+02,2.475694340816878025e+01,1.536718396809043554e+02,3.000000000000000000e+00,1.530000000000000000e+02
2.405433356015730624e+02,6.229288155921635450e+01,5.685473320426699395e+00,1.700000000000000000e+01,9.290000000000000000e+02
1.640288586107344884e+02,2.269448514179611820e+01,7.588523852575279705e+01,1.000000000000000000e+01,3.040000000000000000e+02
1.929048983715607903e+02,6.322307554261635687e+01,7.653600622928952646e+01,1.300000000000000000e+01,8.920000000000000000e+02
1.871978216363325487e+02,1.842989797195690471e+01,1.235469483872936536e+02,7.000000000000000000e+00,4.200000000000000000e+02
2.235887350557664206e+02,2.860242482216552418e+01,7.049989105510694287e+01,1.100000000000000000e+01,6.800000000000000000e+02
2.581778917072353465e+02,1.725084440928604934e+01,1.313441055058133600e+02,1.000000000000000000e+00,3.710000000000000000e+02
2.233905412187062609e+02,2.260670307522396172e+01,5.495299995212907618e+01,1.100000000000000000e+01,6.480000000000000000e+02
1.862882961068177110e+02,1.221515943132730264e+01,6.767907097908491210e+01,1.000000000000000000e+01,3.780000000000000000e+02
2.239349263861775228e+02,2.428581519952000178e+01,8.685670435238643350e+00,1.400000000000000000e+01,7.230000000000000000e+02
2.239326664493247279e+02,1.184693059188636255e+01,3.377403327976814751e+01,1.400000000000000000e+01,4.000000000000000000e+01
2.655941007276917958e+02,3.506957569229985694e+01,1.705018024605248570e+02,0.000000000000000000e+00,9.030000000000000000e+02
2.669291616063376296e+02,1.629419952345460132e+01,1.192032170901890140e+02,1.000000000000000000e+00,2.170000000000000000e+02
2.498603250447318089e+02,1.562336587074982575e+01,1.327652997930075003e+02,6.000000000000000000e+00,5.720000000000000000e+02
2.310339176757116491e+02,1.955517629205997920e+01,3.641274855022134460e+01,1.400000000000000000e+01,2.370000000000000000e+02
1.871865242285458066e+02,2.404449379353159344e+01,4.884687171551963303e+01,1.200000000000000000e+01,7.760000000000000000e+02
2.290917919927904052e+02,2.197939988002589473e+01,1.285208648523229158e+01,1.400000000000000000e+01,7.100000000000000000e+02
2.719177303008113995e+02,3.079306989606015321e+01,1.731140947314205221e+02,0.000000000000000000e+00,7.530000000000000000e+02
2.771168098650408638e+02,3.583096444869002539e+01,1.206942128367205100e+02,1.000000000000000000e+00,7.000000000000000000e+01
2.259007699038620274e+02,6.159057436925590423e+01,4.893350150805814991e+01,1.300000000000000000e+01,2.590000000000000000e+02
1.856629800151960410e+02,6.184341172721254765e+01,1.063841236409213593e+02,8.000000000000000000e+00,3.110000000000000000e+02
2.710486614589560190e+02,5.967228770840256402e+01,1.223979703943418542e+02,1.000000000000000000e+00,7.450000000000000000e+02
2.714577473284577422e+02,2.544324066048381283e+01,1.203273012323822400e+02,1.000000000000000000e+00,4.800000000000000000e+01
2.293978954499505392e+02,4.833333841881177761e+01,6.255072774527650381e+01,1.300000000000000000e+01,3.630000000000000000e+02
3.172432370263938992e+02,2.997424365251718115e+01,1.769422647632515293e+02,2.000000000000000000e+00,2.730000000000000000e+02
2.300409058016636550e+02,3.153524021739244176e+01,7.368467859056704583e+01,1.100000000000000000e+01,7.950000000000000000e+02
2.644583951652523410e+02,2.774598019613582878e+01,1.652430262246503787e+02,0.000000000000000000e+00,8.720000000000000000e+02
1.578355391475845693e+02,4.452054664141680007e+01,2.424881819285837281e+01,1.200000000000000000e+01,4.160000000000000000e+02
1.786719342453934871e+02,4.004308485098867010e+01,3.369406138521276262e+01,1.200000000000000000e+01,5.130000000000000000e+02
2.019873715140885224e+02,6.305123019689423813e+01,7.839054610951296809e+01,1.300000000000000000e+01,7.820000000000000000e+02
2.053661712172134628e+02,5.940991002675735189e+01,7.434192452096147008e+01,1.300000000000000000e+01,6.920000000000000000e+02
2.267898941344718367e+02,4.696808877693206341e+01,7.736164145472805842e+01,1.300000000000000000e+01,5.920000000000000000e+02
2.326035581138375221e+02,1.732709356385169741e+01,1.700318881168717411e+01,1.400000000000000000e+01,9.620000000000000000e+02
1.232589038900579368e+02,3.983984094000356180e+01,1.867226980204678810e+01,1.500000000000000000e+01,6.280000000000000000e+02
2.705765197056545617e+02,5.950230490304178943e+01,1.289635873574534060e+02,1.000000000000000000e+00,6.200000000000000000e+02
7.762272362332356579e+01,3.161937776420785795e+01,1.493901213950140594e+01,1.800000000000000000e+01,4.490000000000000000e+02
1.489708705181550386e+02,3.385516058825004393e+01,2.981109231951798577e+01,1.500000000000000000e+01,1.000000000000000000e+00
1.835304988155375554e+02,3.704774671205724701e+01,3.696376932088920597e+01,1.200000000000000000e+01,5.630000000000000000e+02
1.795845847916881155e+02,1.138159935222880215e+01,1.017485709499862594e+02,1.000000000000000000e+01,1.740000000000000000e+02
2.191789319862382683e+02,6.879424545207990604e+01,9.020340204075851887e+01,8.000000000000000000e+00,9.390000000000000000e+02
3.116211377370041760e+02,3.864575263350392476e+01,1.650946603565679141e+02,2.000000000000000000e+00,1.850000000000000000e+02
2.823101947756543950e+02,2.982730862124206439e+01,1.981969662366422540e+02,5.000000000000000000e+00,9.140000000000000000e+02
1.740416409471812074e+02,1.656750973500983548e+01,1.031729053488869283e+02,1.000000000000000000e+01,7.400000000000000000e+01
3.033487447269632753e+02,2.898650625327696062e+01,1.721455036339355331e+02,2.000000000000000000e+00,7.300000000000000000e+01
2.761029982780742102e+02,5.732748669423145316e+01,1.264278592505877725e+02,1.000000000000000000e+00,5.780000000000000000e+02
2.218233025688847988e+02,5.677312506420187077e+01,1.714800011015914549e+01,1.700000000000000000e+01,7.500000000000000000e+02
2.815487417938195449e+02,2.680558240720408136e+01,1.900159824074731603e+02,5.000000000000000000e+00,8.100000000000000000e+01
2.945934293300221043e+02,3.653645187636366387e+01,1.611314329495390893e+02,2.000000000000000000e+00,8.350000000000000000e+02
1.916698362393882178e+02,4.308898484621008329e+00,1.024556380729234775e+02,1.000000000000000000e+01,8.320000000000000000e+02
2.543682449225101152e+02,2.599569043274051339e+01,9.904504205024213093e+01,4.000000000000000000e+00,4.410000000000000000e+02
1.773393812885161935e+02,3.953589350631466459e+01,1.264961872958628533e+02,7.000000000000000000e+00,3.500000000000000000e+02
2.814265671404206728e+02,1.538281854460642784e+01,9.272641445317003672e+01,1.000000000000000000e+00,8.680000000000000000e+02
2.396759348880080154e+02,5.738453637125186191e+01,9.478719239258490248e+00,1.700000000000000000e+01,9.440000000000000000e+02
2.681609898391367892e+02,4.198480434518551618e+01,1.679414379751245860e+02,0.000000000000000000e+00,4.650000000000000000e+02
2.352429644403486577e+02,5.669021807336416430e+01,9.223387225854663996e+01,4.000000000000000000e+00,5.580000000000000000e+02
3.016648108200690217e+02,3.646142307731862076e+01,2.009132645458520869e+02,5.000000000000000000e+00,3.380000000000000000e+02
2.781950742142986428e+02,4.085197319769143576e+01,1.248955251924880372e+02,1.000000000000000000e+00,9.200000000000000000e+01
2.293029832279386824e+02,5.861979624861377403e+01,1.137725755446861342e+02,8.000000000000000000e+00,6.730000000000000000e+02
2.194358905854005286e+02,6.858063978295125196e+01,1.080402831409708426e+02,8.000000000000000000e+00,8.130000000000000000e+02
2.600330267642862054e+02,1.287897998230720376e+01,7.331489093099359255e-01,1.600000000000000000e+01,5.220000000000000000e+02
1.020858761159114181e+02,4.066385576039250083e+01,1.272673069036031634e+01,1.800000000000000000e+01,1.200000000000000000e+01
2.702598024283875020e+02,1.265196024104570149e+01,1.413647184792390021e+02,0.000000000000000000e+00,7.020000000000000000e+02
1.929357377128384599e+02,1.194323845615667068e+01,6.817746907607627804e+01,1.000000000000000000e+01,4.180000000000000000e+02
2.575007538832237515e+02,5.286835704526534840e+01,1.363351498601431047e+02,1.000000000000000000e+00,9.280000000000000000e+02
2.218679604811760555e+02,1.213077993388325737e+01,4.022768233516207204e+01,1.400000000000000000e+01,3.600000000000000000e+01
2.504107346467416448e+02,5.516799568285060218e+01,1.256976130715253390e+02,1.000000000000000000e+00,9.590000000000000000e+02
2.658904110666799170e+02,3.982447851727245336e+01,1.075996640210962880e+02,1.000000000000000000e+00,3.210000000000000000e+02
1.879459179736209364e+02,2.902509918037689118e+01,4.413753412703644585e+01,1.200000000000000000e+01,6.880000000000000000e+02
2.812724290659911617e+02,3.611851314245281941e+01,1.993222613603068112e+02,5.000000000000000000e+00,8.160000000000000000e+02
2.154397516325293509e+02,6.056525209043155655e+01,6.045759221431745800e+01,1.300000000000000000e+01,3.910000000000000000e+02
1.963194032623505905e+02,2.688384860046770797e+01,1.404435452306551326e+02,7.000000000000000000e+00,9.600000000000000000e+01
1.435647133636899753e+02,3.939577240400559077e+01,2.459562693974640624e+01,1.500000000000000000e+01,9.800000000000000000e+01
1.066983284985923035e+02,3.057648567868451295e+01,1.642788725158355234e+01,1.500000000000000000e+01,9.550000000000000000e+02
1.415490109459340715e+02,2.761647928930030105e+01,1.721336174256929041e+01,1.500000000000000000e+01,9.900000000000000000e+01
2.285555926184405280e+02,1.142061031256127990e+01,3.835274567531848078e+01,1.400000000000000000e+01,5.800000000000000000e+01
2.744491020728602280e+02,5.752972555049517922e+01,1.070791995767525151e+02,1.000000000000000000e+00,5.760000000000000000e+02
1.646119858794212689e+02,4.838297226777073234e+01,7.629743867435530547e+01,9.000000000000000000e+00,6.410000000000000000e+02
1.550704052692453843e+02,2.664299540710739933e+01,2.616363065510622832e+01,1.200000000000000000e+01,2.050000000000000000e+02
1.581199380572039104e+02,2.662638140335178605e+01,3.155123714548292568e+01,1.200000000000000000e+01,1.880000000000000000e+02
2.940588127899898723e+02,4.016207093765346769e+01,1.690585069585200699e+02,2.000000000000000000e+00,6.610000000000000000e+02
1.643676296736352072e+02,2.233585946198362748e+01,8.796447812933067212e+01,1.000000000000000000e+01,0.000000000000000000e+00
3.054554504857315322e+01,3.511207830830654331e+01,1.262621783884621252e+01,1.900000000000000000e+01,7.770000000000000000e+02
2.225311739325734948e+02,3.731465787278370527e+01,1.538753761784705034e+02,3.000000000000000000e+00,3.940000000000000000e+02
2.647847378499604361e+02,5.766663090892748755e+01,1.310448330726391362e+02,1.000000000000000000e+00,7.380000000000000000e+02
1.867015662983581592e+02,5.984314468891578542e+01,7.041473077669941460e+01,9.000000000000000000e+00,9.420000000000000000e+02
1.722436119134138437e+02,5.488145683932766872e+01,8.017809505480943244e+01,9.000000000000000000e+00,7.870000000000000000e+02
1.662242848723862778e+02,2.498254357807848791e+01,3.010632488767382853e+01,1.200000000000000000e+01,2.720000000000000000e+02
1.770216860705244528e+02,5.433428321690677620e+01,6.615540526650430309e+01,9.000000000000000000e+00,8.010000000000000000e+02
3.077233191262307628e+02,2.797030851185651912e+01,1.768736468921697735e+02,2.000000000000000000e+00,1.310000000000000000e+02
1.958897924736538414e+02,8.655671021738095661e+00,7.393017339035206703e+01,1.000000000000000000e+01,4.600000000000000000e+02
2.254059692153751939e+02,1.235213397230781851e+01,1.219927109654709056e+02,6.000000000000000000e+00,2.090000000000000000e+02
2.209498173180900835e+02,4.597142266709447256e+01,6.462673589536136021e+00,1.700000000000000000e+01,2.700000000000000000e+01
2.256265287740588974e+02,6.736978865873888367e+01,7.928237878592744892e+01,1.300000000000000000e+01,8.910000000000000000e+02
1.599739348607514842e+02,3.785930590310580612e+01,5.483020663381824278e+01,1.200000000000000000e+01,6.810000000000000000e+02
1.798787745269798393e+02,3.254535609783542327e+01,3.326783456652449189e+01,1.200000000000000000e+01,6.640000000000000000e+02
1.819071137130713680e+02,1.419407910839347586e+01,1.104895076566286178e+02,7.000000000000000000e+00,6.100000000000000000e+02
2.106288643909777250e+02,6.287797581386737278e+01,7.865622109324230848e+01,1.300000000000000000e+01,7.200000000000000000e+02
2.235278257499665244e+02,2.312922818189732510e+01,8.650567563626431200e-01,1.400000000000000000e+01,8.520000000000000000e+02
1.947364407882306523e+02,5.586243997308655196e+01,6.523224186945711267e+01,1.300000000000000000e+01,7.570000000000000000e+02
2.330431178176558831e+02,5.068884612343015306e+01,6.693030399157184718e+01,1.300000000000000000e+01,2.910000000000000000e+02
2.414529516169775434e+02,4.994347810256540754e+01,9.760735221720517529e+01,4.000000000000000000e+00,3.490000000000000000e+02
2.346042416873216609e+02,5.541593652340157661e+01,6.298476216681812190e+01,1.300000000000000000e+01,2.670000000000000000e+02
2.682430021305855234e+02,5.285271315476375520e+01,1.185173825838882351e+02,1.000000000000000000e+00,2.540000000000000000e+02
2.399481335064267569e+02,1.338903716521989118e+01,1.994417475883280666e+00,1.600000000000000000e+01,1.290000000000000000e+02
2.967581927925477316e+02,3.076449660443596557e+01,2.024553380683326793e+02,5.000000000000000000e+00,2.800000000000000000e+02
2.876399174609023248e+02,4.574192316220570831e+01,1.765239643470386000e+02,2.000000000000000000e+00,6.380000000000000000e+02
2.502151306597252471e+02,4.897323811814597860e+00,6.072643617656442672e+00,1.600000000000000000e+01,3.880000000000000000e+02
2.714486746240784782e+02,1.699686101760676138e+01,1.092108694682701611e+02,1.000000000000000000e+00,5.590000000000000000e+02
2.474885126052317901e+02,5.416847704773013561e+01,1.122190419095384186e+02,4.000000000000000000e+00,3.300000000000000000e+02
1.784518062253263508e+02,5.058373218850893238e+01,5.404792903596475639e+01,1.200000000000000000e+01,5.270000000000000000e+02
2.180962651105387522e+02,6.798958008828105903e+01,7.963275612312902751e+01,1.300000000000000000e+01,8.460000000000000000e+02
2.125742944356615851e+02,5.408769746928751232e+01,1.390573678153177468e+02,3.000000000000000000e+00,7.610000000000000000e+02
1.541076266707582647e+02,2.691290360105186252e+01,1.806128515405212198e+01,1.500000000000000000e+01,2.970000000000000000e+02
6.498095225851183443e+01,3.441180371828327367e+01,3.960473569013648998e+00,1.800000000000000000e+01,8.090000000000000000e+02
2.006856331556487589e+02,1.148344750193536967e+01,7.112415455001850262e+01,1.000000000000000000e+01,4.690000000000000000e+02
2.628607641411925329e+02,7.001875730004316267e+01,2.525524795862939431e+00,1.700000000000000000e+01,8.740000000000000000e+02
2.190559613228538183e+02,5.421086867528324404e+01,1.414905965972283468e+02,3.000000000000000000e+00,7.470000000000000000e+02
2.540623525480070271e+02,4.702066855835790449e+01,1.557214480107799091e+02,0.000000000000000000e+00,3.930000000000000000e+02
2.394731633121641892e+02,4.786422447144042991e+01,9.175726841872150885e+01,4.000000000000000000e+00,4.000000000000000000e+02
2.062344474100938498e+02,6.856761847663625531e+01,9.916702146429022946e+01,8.000000000000000000e+00,4.470000000000000000e+02
2.341959262619575668e+02,8.531974861381499409e+00,7.479894417104114268e+01,1.100000000000000000e+01,8.270000000000000000e+02
2.759398627105135802e+02,1.592547606915867497e+01,1.481654373932733790e+02,0.000000000000000000e+00,4.480000000000000000e+02
2.012101766242267331e+02,1.625913928998269142e+01,1.308687918200462832e+02,7.000000000000000000e+00,9.000000000000000000e+00
2.052550144491715116e+02,4.377730775775234662e+01,5.898964872304972573e+01,1.300000000000000000e+01,9.090000000000000000e+02
2.139658677177818902e+02,4.726073549446866195e+01,1.472165093919049639e+02,3.000000000000000000e+00,6.010000000000000000e+02
2.115253256182426469e+02,7.816281492401980557e+00,7.216810855684603609e+01,1.100000000000000000e+01,1.460000000000000000e+02
2.859421760799722847e+02,2.569630914554302237e+01,1.601937117885567261e+02,0.000000000000000000e+00,4.170000000000000000e+02
2.108408550455050374e+02,4.098879527662827371e+01,1.490352514824085404e+02,3.000000000000000000e+00,5.470000000000000000e+02
2.535455665340266194e+02,5.111895413905222796e+01,1.094079606046016551e+02,4.000000000000000000e+00,2.710000000000000000e+02
2.495448279623234384e+02,2.190496977363857312e+01,1.004440906117897327e+02,4.000000000000000000e+00,3.580000000000000000e+02
2.317014132900787047e+02,2.052973808032862379e+01,6.046908629644715205e+01,1.100000000000000000e+01,4.840000000000000000e+02
1.712770748253144575e+02,1.594477997166229777e+01,8.768526324513371151e+01,1.000000000000000000e+01,6.800000000000000000e+01
3.174874220264464384e+02,3.360543457440061133e+01,1.656124513358039110e+02,2.000000000000000000e+00,5.150000000000000000e+02
2.758823403472136420e+02,1.903656357300369706e+01,1.238222454401645507e+02,1.000000000000000000e+00,8.900000000000000000e+01
1.797530919103110989e+02,2.932298249205506124e+01,1.283434833377106088e+02,7.000000000000000000e+00,1.710000000000000000e+02
1.501555452519866094e+02,4.334995507566409856e+01,2.183727674243561978e+01,1.500000000000000000e+01,9.700000000000000000e+01
1.431086487720797322e+02,2.936816704249874022e+01,1.084786776468570579e+01,1.500000000000000000e+01,2.310000000000000000e+02
2.125218597494671826e+02,5.692032107930704399e+01,1.317897524423041204e+02,8.000000000000000000e+00,3.480000000000000000e+02
2.088829787008592973e+02,1.753678857662161583e+00,1.009331128507584054e+02,6.000000000000000000e+00,8.610000000000000000e+02
2.078504331315155866e+02,5.046474831111934733e+00,1.169039014229584978e+02,6.000000000000000000e+00,8.000000000000000000e+02
2.347085235442121984e+02,5.529428281568918635e+01,1.405455464210942012e+02,3.000000000000000000e+00,6.980000000000000000e+02
2.212457490890226381e+02,3.077418005975305348e+01,1.531241911201231858e+02,3.000000000000000000e+00,3.270000000000000000e+02
2.638726687323927536e+02,5.151611146646102668e+01,1.365400292388202672e+02,1.000000000000000000e+00,8.780000000000000000e+02
1.830810908641469723e+02,2.302488328033959775e+01,1.266160101380966410e+02,7.000000000000000000e+00,1.210000000000000000e+02
1.666802054790439058e+02,3.194231173491142783e+01,1.120338716045508960e+02,7.000000000000000000e+00,7.240000000000000000e+02
2.066040381721547021e+02,1.788282143399140978e+01,1.380516750938677433e+02,7.000000000000000000e+00,2.580000000000000000e+02
2.189828873229518820e+02,1.886780085581539268e+01,1.451976336374257812e+02,3.000000000000000000e+00,3.950000000000000000e+02
7.330312636665210846e+01,3.087097194047687765e+01,1.056056178426503855e+01,1.800000000000000000e+01,5.200000000000000000e+02
1.765777952576205507e+02,1.672742133812932508e+01,6.507281367038825692e+01,1.000000000000000000e+01,3.560000000000000000e+02
2.804618408268506187e+02,1.914355948664771390e+01,1.518707199335958649e+02,0.000000000000000000e+00,4.010000000000000000e+02
2.949101208938404284e+02,1.772911546850339803e+01,2.173221933065325402e+02,5.000000000000000000e+00,4.640000000000000000e+02
2.319864343809142895e+02,1.554988678378884082e+01,4.181295885758987652e+01,1.400000000000000000e+01,1.230000000000000000e+02
2.305406373485103302e+02,7.710322050277650163e+00,6.373564574108539205e+01,1.100000000000000000e+01,3.280000000000000000e+02
2.829633349068237180e+02,2.082276737118984400e+01,8.787457438926736586e+01,4.000000000000000000e+00,3.240000000000000000e+02
1.586574146919347470e+02,3.199001001813738299e+01,8.264848169631424923e+01,9.000000000000000000e+00,3.390000000000000000e+02
2.158101830170689368e+02,4.144285445427623671e+01,6.457044637238307416e+01,1.300000000000000000e+01,5.700000000000000000e+01
2.212036202947047911e+02,6.591478802727922925e+01,1.151876957538439967e+02,8.000000000000000000e+00,7.930000000000000000e+02
2.588457563820499558e+02,1.342273592339903132e+01,7.838277550585756259e+00,1.600000000000000000e+01,7.800000000000000000e+02
2.926675920607441981e+02,3.173208439021358984e+01,1.564167164964141534e+02,0.000000000000000000e+00,3.530000000000000000e+02
3.157306096730301306e+02,4.122842323548420040e+01,1.688941788073617829e+02,2.000000000000000000e+00,1.910000000000000000e+02
2.299758481645517065e+02,2.125402919573019034e+01,5.306905306877369810e+01,1.100000000000000000e+01,5.520000000000000000e+02
2.335402270223915480e+02,3.035693256707741483e+01,1.562573328800924628e+02,3.000000000000000000e+00,1.720000000000000000e+02
1.702900205390396309e+02,4.729707900790960196e+01,3.913956932572890679e+01,1.200000000000000000e+01,4.150000000000000000e+02
2.343474659762463830e+02,4.791305416176248855e+01,8.787811042930793803e+01,4.000000000000000000e+00,5.190000000000000000e+02
2.810558593257284770e+02,4.830641766075870436e+01,8.625045791825102981e+01,4.000000000000000000e+00,1.440000000000000000e+02
3.203964119475792245e+02,4.039702451797917604e+01,1.731314729934522916e+02,2.000000000000000000e+00,1.920000000000000000e+02
2.958202367899270371e+02,3.354309703321894176e+01,1.688116518341353469e+02,2.000000000000000000e+00,6.420000000000000000e+02
2.069854730216268592e+02,6.878280263416573348e+01,1.055684136675429556e+02,8.000000000000000000e+00,6.460000000000000000e+02
2.811204225955463016e+02,4.201714070469025586e+01,1.310955105033937400e+02,1.000000000000000000e+00,3.800000000000000000e+01
2.733215765362937759e+02,4.498073262407555717e+01,1.658238348612015614e+02,0.000000000000000000e+00,5.960000000000000000e+02
2.737451077631733938e+02,3.769963914709314423e+01,1.766302376548084396e+02,0.000000000000000000e+00,7.070000000000000000e+02
2.212410085449328676e+02,4.808839713144665495e+01,6.013737213346937693e+01,1.300000000000000000e+01,1.240000000000000000e+02
2.740885434054887355e+02,1.162787221118689551e+01,1.231285039090117266e+02,1.000000000000000000e+00,4.590000000000000000e+02
1.400051920313238156e+02,3.109691653607865192e+01,2.302252182617895571e+01,1.500000000000000000e+01,6.200000000000000000e+01
2.654825191383756078e+02,2.246247468829965399e+01,1.172952185544488373e+02,1.000000000000000000e+00,1.590000000000000000e+02
2.404971005792916969e+02,2.046131350478953692e+01,2.749305631294467922e+00,1.600000000000000000e+01,3.470000000000000000e+02
2.125915257345433815e+02,5.695357123543264066e+01,6.483199534873168091e+01,1.300000000000000000e+01,4.760000000000000000e+02
2.767344189819564235e+02,5.456172176843563193e+01,1.469762597508745046e+02,0.000000000000000000e+00,8.700000000000000000e+01
2.727359108760786057e+02,4.694632209382317711e+01,1.599504665032875153e+02,0.000000000000000000e+00,6.450000000000000000e+02
1.940348727091547119e+02,3.470423902032089813e+01,4.723360360739813046e+01,1.200000000000000000e+01,7.250000000000000000e+02
2.932570815014912569e+02,2.200927693939595997e+01,2.130723882266598252e+02,5.000000000000000000e+00,4.300000000000000000e+02
1.003709348952234848e+02,3.136093618647297632e+01,7.338652673935990300e+00,1.800000000000000000e+01,1.390000000000000000e+02
2.479950411005706314e+02,4.670928503688711686e+01,9.608515303592015755e+01,4.000000000000000000e+00,2.320000000000000000e+02
2.368500033004870318e+02,1.316248918536192747e+01,1.283208029189607657e+02,6.000000000000000000e+00,2.570000000000000000e+02
2.004168257430704330e+02,3.203602569684569090e+01,1.447421687906524141e+02,7.000000000000000000e+00,1.690000000000000000e+02
9.813604685715118237e+00,3.513874825101117949e+01,9.852431546249091454e+00,1.900000000000000000e+01,9.000000000000000000e+02
2.809474155187350561e+02,4.670726435042313796e+01,1.601219241286742090e+02,0.000000000000000000e+00,1.960000000000000000e+02
2.670917536809508874e+02,1.939853080725421819e+01,1.355320554226902345e+02,1.000000000000000000e+00,5.610000000000000000e+02
1.978842557008453298e+02,6.763037339204859677e+01,1.041979747342673903e+02,8.000000000000000000e+00,2.920000000000000000e+02
2.716765218082445585e+02,5.172898141711640108e+01,1.548732034305057539e+02,0.000000000000000000e+00,1.950000000000000000e+02
2.783641227560966627e+02,4.736172394809498343e+01,8.053855327368900419e+01,4.000000000000000000e+00,1.550000000000000000e+02
2.854041498955044744e+02,3.732489259551714156e+01,1.345000683026379704e+02,1.000000000000000000e+00,5.000000000000000000e+00
2.220893695097644525e+02,4.912731037568948977e+01,5.105828423021030460e+01,1.300000000000000000e+01,1.360000000000000000e+02
1.931142989083424482e+02,4.912770945131788380e+01,5.710499611866395497e+01,1.300000000000000000e+01,9.080000000000000000e+02
2.535364702549335618e+02,2.152914566576253819e+01,1.522022822837149647e+02,0.000000000000000000e+00,8.650000000000000000e+02
2.607285280578295783e+02,3.234629732167157812e+01,1.670743964928833520e+02,0.000000000000000000e+00,8.790000000000000000e+02
2.392872852218009996e+02,3.389243200226115249e+01,8.037794040817260566e+01,4.000000000000000000e+00,9.560000000000000000e+02
2.240017334993453346e+02,5.873680505191269674e+01,1.081901981288389081e+01,1.700000000000000000e+01,6.830000000000000000e+02
2.776926462137893168e+02,2.456487254695702660e+01,1.329875469049682124e+02,1.000000000000000000e+00,1.090000000000000000e+02
2.869807885301297574e+02,2.216232716181724527e+01,2.085847987800166266e+02,5.000000000000000000e+00,3.190000000000000000e+02
1.992131633276413822e+02,4.684233884255054647e+01,5.798019087705002050e+01,1.300000000000000000e+01,8.760000000000000000e+02
2.208722884341697181e+02,5.672052316696352392e+01,3.332579912241880038e+01,1.700000000000000000e+01,6.080000000000000000e+02
1.789713301968056953e+02,5.797979254613427713e+01,1.029939367518827282e+02,9.000000000000000000e+00,6.780000000000000000e+02
2.313974513543586227e+02,4.545962639733729560e+01,8.120023645892584341e+01,1.300000000000000000e+01,7.520000000000000000e+02
1.622991860180779042e+02,4.321103468616281873e+01,5.696193439880213560e+01,1.200000000000000000e+01,6.320000000000000000e+02
1.437995498314993483e+02,4.082892941709472723e+01,1.070808829216224112e+01,1.500000000000000000e+01,3.420000000000000000e+02
2.777175437712462553e+02,5.351640876648164635e+01,8.205150922278455994e+01,4.000000000000000000e+00,2.080000000000000000e+02
2.279098897170342184e+02,3.895487811604314743e+01,7.211075212499824261e+01,1.300000000000000000e+01,4.900000000000000000e+01
2.156899912108095805e+02,1.277985525109256892e+00,1.032100820184957541e+02,6.000000000000000000e+00,8.560000000000000000e+02
6.191300326035230484e+01,3.123189148927301062e+01,9.063527466564242019e+00,1.800000000000000000e+01,6.900000000000000000e+02
2.381887287317180721e+02,1.535926482013095473e+01,1.400789842985844018e+02,3.000000000000000000e+00,2.640000000000000000e+02
2.181499655067316894e+02,1.654886433142910818e+01,3.730119257210944284e+01,1.400000000000000000e+01,3.500000000000000000e+01
2.487704371880695078e+02,5.514548600013778668e+01,1.190188075669726118e+02,4.000000000000000000e+00,3.850000000000000000e+02
2.248346645058347235e+02,6.490946043029328649e+00,6.040664258321941560e+01,1.100000000000000000e+01,2.830000000000000000e+02
2.667736242766639521e+02,1.553306930427218013e+00,3.121907627383266881e+00,1.600000000000000000e+01,9.370000000000000000e+02
2.333795765235772706e+02,7.273975947088969995e+00,8.079027405212949020e+01,1.100000000000000000e+01,8.120000000000000000e+02
1.805775007733739130e+02,8.633189901097432895e+00,8.544959288163514088e+01,1.000000000000000000e+01,4.440000000000000000e+02
2.230984073422185929e+02,8.479743664005750858e+00,5.240587941534339222e+01,1.100000000000000000e+01,6.550000000000000000e+02
2.753619076804148449e+02,2.472270796452924202e+01,8.046775207465024948e+01,4.000000000000000000e+00,2.160000000000000000e+02
1.669374826406998977e+02,2.358278262811640857e+01,3.942471198855896120e+01,1.200000000000000000e+01,1.190000000000000000e+02
1.131932061674571770e+02,3.020482512625234861e+01,1.664768758753984557e+01,1.500000000000000000e+01,9.410000000000000000e+02
2.176976782155252295e+02,5.069694488003142396e+01,2.686265611427606359e+01,1.700000000000000000e+01,6.050000000000000000e+02
2.297994707944229162e+02,5.923571075944954245e+00,1.056298265437088304e+02,6.000000000000000000e+00,7.640000000000000000e+02
2.101731075097641792e+02,1.725889060945005493e+00,1.095262948958624065e+02,6.000000000000000000e+00,8.850000000000000000e+02
2.187496274678134398e+02,5.519186017056554050e+01,1.041675564837784229e+01,1.700000000000000000e+01,7.360000000000000000e+02
1.652128714107030021e+02,4.613178520282980344e+01,4.560205667270348329e+01,1.200000000000000000e+01,5.060000000000000000e+02
1.680702440125534451e+02,5.145778495300138644e+01,9.044101560469037793e+01,9.000000000000000000e+00,7.130000000000000000e+02
1.851809405739026317e+02,4.660315773574441778e+01,4.763576000190384008e+01,1.200000000000000000e+01,5.440000000000000000e+02
2.746450426817697235e+02,1.492143446705361320e+01,1.023567699114974943e+02,1.000000000000000000e+00,7.830000000000000000e+02
9.219411177547731029e+01,3.953324542110512141e+01,1.513732128323158932e+01,1.800000000000000000e+01,3.460000000000000000e+02
2.573346202676280541e+02,5.346894133518549097e+01,1.295756669597624295e+02,1.000000000000000000e+00,8.820000000000000000e+02
2.202716057578898585e+02,7.480964305513149171e+00,1.184619585768933945e+02,6.000000000000000000e+00,7.920000000000000000e+02
1.814302093036807264e+02,4.695607865354332944e+01,1.253691415785556558e+02,7.000000000000000000e+00,6.940000000000000000e+02
2.213923112895243719e+02,4.786664091885528904e+01,7.333033697271943652e+01,1.300000000000000000e+01,9.500000000000000000e+01
1.948728132820158692e+02,1.328127792199100199e+01,1.189355450887329368e+02,7.000000000000000000e+00,6.990000000000000000e+02
1.554152576863463082e+02,3.393529177297465793e+01,3.795289210569586658e+01,1.200000000000000000e+01,9.120000000000000000e+02
1.891837741733678797e+02,4.475442802390595887e+01,1.346861995069877480e+02,7.000000000000000000e+00,3.600000000000000000e+02
2.015922082210257997e+02,5.434202797424002540e+01,1.308156760565269963e+02,8.000000000000000000e+00,3.170000000000000000e+02
2.136017246060307571e+02,2.753222217583308051e+01,1.495010273184242635e+02,3.000000000000000000e+00,5.390000000000000000e+02
3.202886339118566070e+02,3.567953544852224468e+01,1.773594592310836049e+02,2.000000000000000000e+00,2.650000000000000000e+02
1.918083217656168529e+02,2.367478429985019517e+01,1.349978455221127831e+02,7.000000000000000000e+00,3.000000000000000000e+01
2.312095611153095547e+02,5.793837213725934987e+01,4.715340580159774220e+01,1.300000000000000000e+01,2.330000000000000000e+02
2.227499852179705329e+02,4.143761069609284675e+01,6.958193069526143404e+01,1.300000000000000000e+01,4.500000000000000000e+01
2.355127766487116503e+02,5.582417532273805705e+01,8.535419674435817683e+01,4.000000000000000000e+00,7.980000000000000000e+02
1.767298389281479842e+02,4.631013844939803903e+01,1.207175151870614229e+02,7.000000000000000000e+00,8.040000000000000000e+02
2.566664320352548430e+02,3.306356120100530660e+01,9.680388008992161986e+01,4.000000000000000000e+00,1.900000000000000000e+02
1.935006881817580506e+02,4.473369917744565072e+01,5.166033816029258219e+01,1.200000000000000000e+01,8.770000000000000000e+02
3.081001292471875672e+02,2.936990342541476195e+01,1.681441182362538029e+02,2.000000000000000000e+00,1.140000000000000000e+02
2.641870815197208344e+02,4.521191196147205460e+01,1.107113999953918295e+02,1.000000000000000000e+00,2.560000000000000000e+02
2.212270233354255993e+02,3.602664133791996903e+01,6.661281293935387282e+01,1.300000000000000000e+01,2.900000000000000000e+01
2.121676752183909684e+02,6.860580586907829570e+01,1.109592626039124212e+02,8.000000000000000000e+00,6.930000000000000000e+02
2.157827193382761948e+02,1.195427975528770581e+01,1.233247510514841707e+02,6.000000000000000000e+00,2.340000000000000000e+02
2.412321086170581736e+02,5.587038687562865391e+01,1.353062359458656090e+02,3.000000000000000000e+00,8.660000000000000000e+02
2.923088044770069587e+02,1.253611330424968529e+01,2.200172642117973396e+02,5.000000000000000000e+00,4.820000000000000000e+02
2.947347964810279564e+02,5.119916332139509052e+01,2.159958985599537584e+02,5.000000000000000000e+00,8.470000000000000000e+02
2.797669089339719335e+02,3.950570485297505741e+01,1.940622643586276013e+02,5.000000000000000000e+00,8.830000000000000000e+02
2.785584799617892600e+02,1.868007275966313685e+01,8.076308144914803222e+01,4.000000000000000000e+00,2.690000000000000000e+02
2.182334693212921763e+02,1.633588536821975978e+01,4.844572408254148854e+01,1.100000000000000000e+01,4.500000000000000000e+02
2.064285243119775259e+02,2.386454123678481665e+01,6.222299931479008706e+01,1.100000000000000000e+01,1.780000000000000000e+02
8.695352665499831346e+01,3.121502263817675882e+01,1.512730000444870448e+01,1.800000000000000000e+01,3.100000000000000000e+02
2.760971579577408761e+02,2.940753558487787700e+01,1.219040524719837464e+02,1.000000000000000000e+00,4.400000000000000000e+01
2.938806904425246671e+02,5.895091565077223095e+01,2.204505612742824212e+02,5.000000000000000000e+00,9.180000000000000000e+02
2.485140557425402221e+02,3.319237626136698793e+01,1.620108754068241410e+02,3.000000000000000000e+00,2.950000000000000000e+02
1.752330575176987963e+02,1.253770188822360687e+01,8.358161875282790731e+01,1.000000000000000000e+01,8.800000000000000000e+01
2.780509137059079308e+02,5.205375173090322960e+01,1.290920303723123936e+02,1.000000000000000000e+00,6.180000000000000000e+02
2.221868546570077001e+02,5.852447044240599894e+01,3.986137817581244036e+01,1.300000000000000000e+01,3.330000000000000000e+02
2.338171171549559517e+02,6.078139511612285162e+01,9.882931099336495606e+01,8.000000000000000000e+00,8.800000000000000000e+02
2.642417785220338828e+02,2.546704417999615089e+01,1.104472231362830996e+02,1.000000000000000000e+00,1.330000000000000000e+02
1.637227698005514185e+02,4.640839597885894108e+01,9.335561091546966850e+01,9.000000000000000000e+00,2.940000000000000000e+02
2.509313787736496977e+02,5.442581546716327523e+01,1.343718098091246134e+02,3.000000000000000000e+00,8.080000000000000000e+02
2.585856951202739538e+02,4.657045021311056843e+01,1.061986996249038526e+02,4.000000000000000000e+00,8.000000000000000000e+01
1.550000132890428404e+02,3.101428009204225589e+01,1.291918667467834858e+01,1.500000000000000000e+01,3.290000000000000000e+02
2.425477782730935417e+02,1.606441436947233115e+01,1.091995711562962867e+02,6.000000000000000000e+00,5.410000000000000000e+02
1.715940703850302498e+02,3.187451411688904201e+01,2.456832368994527016e+01,1.200000000000000000e+01,2.510000000000000000e+02
2.802136970799768392e+02,3.062457588525714414e+01,1.270624005015490070e+02,1.000000000000000000e+00,3.200000000000000000e+01
2.456603483041787399e+02,3.048859322126230609e+01,8.709734769463989323e+01,4.000000000000000000e+00,3.010000000000000000e+02
2.211617139277482238e+02,5.907368863983205642e+01,4.850052386217057254e+00,1.700000000000000000e+01,6.160000000000000000e+02
2.691843957858006888e+02,5.007333382119579568e+01,1.327063566983337637e+02,1.000000000000000000e+00,8.730000000000000000e+02
1.703462440825700810e+02,1.971899519811121593e+01,6.297305239161211432e+01,1.000000000000000000e+01,3.820000000000000000e+02
1.621893861069822265e+02,3.174242490647941750e+01,1.644092254473050119e+01,1.200000000000000000e+01,3.540000000000000000e+02
2.242117277924145355e+02,2.206185605153756413e+01,3.731839186845873968e+01,1.400000000000000000e+01,5.700000000000000000e+02
2.602555142294346524e+02,3.072370808242003193e+01,1.014044645823892523e+02,4.000000000000000000e+00,2.440000000000000000e+02
2.472913070169939260e+02,2.144908945215034279e+01,1.516885437922735491e+02,3.000000000000000000e+00,2.600000000000000000e+01
2.243840936806177240e+02,4.752413516475822064e+01,6.643634198750638120e+01,1.300000000000000000e+01,4.570000000000000000e+02
7.051260490723517194e+01,3.257284915994343777e+01,1.581182137912257346e+01,1.800000000000000000e+01,5.340000000000000000e+02
2.283736349326684376e+02,6.616454604792103567e+01,1.022743297457434153e+02,8.000000000000000000e+00,8.440000000000000000e+02
2.869110788407071482e+02,2.366715751793692846e+01,1.995224723738942032e+02,5.000000000000000000e+00,9.400000000000000000e+01
1.492943834381955810e+02,4.050491153773958075e+01,2.736261214419094401e+01,1.500000000000000000e+01,5.900000000000000000e+01
2.274816953307214362e+02,6.341579495525540011e+01,6.062167708086639095e+01,1.300000000000000000e+01,2.680000000000000000e+02
2.242382249932597347e+02,9.682650974119647813e+00,4.597894239206337375e+01,1.100000000000000000e+01,6.680000000000000000e+02
2.708433401121052952e+02,8.660161046007871732e+00,2.561706711984359508e+00,1.600000000000000000e+01,8.630000000000000000e+02
2.069969734595593707e+02,5.688733780264929862e+01,1.277350018862068737e+02,8.000000000000000000e+00,2.760000000000000000e+02
1.508397306068834212e+02,3.969315154608582219e+01,1.155861494027810643e+01,1.500000000000000000e+01,3.220000000000000000e+02
2.926173656804590451e+02,2.459485207208401292e+01,2.050010241092776369e+02,5.000000000000000000e+00,2.810000000000000000e+02
1.599702338047666217e+02,4.232013814018664988e+01,7.477662330871677909e+01,9.000000000000000000e+00,5.550000000000000000e+02
2.659467091530920584e+02,3.141242019361048676e+01,1.073383792121820051e+02,1.000000000000000000e+00,5.400000000000000000e+02
1.297195483459564116e+02,3.389544271251148899e+01,6.289885247588619777e+00,1.500000000000000000e+01,3.440000000000000000e+02
1.938654339640382034e+02,4.158418077217963571e+01,1.398692465187130551e+02,7.000000000000000000e+00,3.260000000000000000e+02
2.373002010591757198e+02,4.027753345903457927e+01,8.009549679419134804e+01,4.000000000000000000e+00,9.260000000000000000e+02
1.999377346511542441e+02,6.826581885789269677e+01,9.732555763120231518e+01,8.000000000000000000e+00,3.520000000000000000e+02
1.835440739848123712e+02,4.374676374726574579e+01,1.304749891787246554e+02,7.000000000000000000e+00,4.940000000000000000e+02
2.075641423420089211e+02,3.300649948764430519e+01,1.483778027117187150e+02,3.000000000000000000e+00,5.680000000000000000e+02
2.327055152840138419e+02,6.740756216040787230e+00,8.798521955589441745e+01,1.100000000000000000e+01,8.510000000000000000e+02
1.477124806953425207e+02,2.702873042448714003e+01,1.744777791006080037e+01,1.500000000000000000e+01,1.990000000000000000e+02
2.809407883823456018e+02,5.096322869865248606e+01,9.750804993258310560e+01,4.000000000000000000e+00,7.500000000000000000e+01
1.785630919072155223e+02,2.343252049256222946e+01,1.220995703721129644e+02,7.000000000000000000e+00,1.700000000000000000e+02
9.761719345132871695e+01,3.061185615411315908e+01,1.521060111732194997e+01,1.800000000000000000e+01,3.860000000000000000e+02
2.259188516314785034e+02,4.750616157571775489e+01,5.605833026796216245e+01,1.300000000000000000e+01,1.270000000000000000e+02
2.942775796475994525e+02,4.702313761415879867e+01,1.782915961919135555e+02,2.000000000000000000e+00,6.220000000000000000e+02
1.796339216486266253e+02,5.276013817281399554e+01,6.036030330940565136e+01,1.200000000000000000e+01,5.770000000000000000e+02
1.735810687322484682e+02,5.405538223053522273e+01,1.016906694699293041e+02,9.000000000000000000e+00,4.660000000000000000e+02
2.154499253802226804e+02,5.057341578491829637e+01,6.666102278319447016e+00,1.700000000000000000e+01,8.580000000000000000e+02
2.832127537535789656e+02,4.506123615392125714e+01,1.883564680075302533e+02,5.000000000000000000e+00,6.580000000000000000e+02
1.863402044469976033e+02,6.393619978987384656e+01,8.223295136816311413e+01,9.000000000000000000e+00,9.200000000000000000e+02
1.488313298911008928e+02,3.254108828818736754e+01,9.863343655585465442e+00,1.500000000000000000e+01,3.130000000000000000e+02
2.147421236109098857e+02,1.196914242150699792e+01,5.933494949053535095e+01,1.100000000000000000e+01,3.670000000000000000e+02
1.416074850276610846e+02,3.506429994852261700e+01,7.463012316248327060e+00,1.500000000000000000e+01,3.180000000000000000e+02
2.308819100107299960e+02,5.064650520359581520e+01,2.992662536282428221e+01,1.700000000000000000e+01,8.390000000000000000e+02
1.305074334692220646e+02,3.985273610037227598e+01,1.988021061676519707e+01,1.500000000000000000e+01,5.160000000000000000e+02
1.724198133101288875e+02,5.459460843446969136e+01,9.562269839983818542e+01,9.000000000000000000e+00,3.640000000000000000e+02
5.777964559110942133e+01,3.267771056142906616e+01,1.462422046637595052e+01,1.800000000000000000e+01,6.440000000000000000e+02
2.519506105852892119e+02,1.604257803558164852e+01,7.705604273873577270e+00,1.600000000000000000e+01,6.240000000000000000e+02
2.015354511666630799e+02,5.717656740223531386e+01,1.228535634225056583e+02,8.000000000000000000e+00,1.820000000000000000e+02
2.540604806682781600e+02,4.512701402798273875e+01,9.947130032186449000e+01,4.000000000000000000e+00,1.790000000000000000e+02
1.940988217642167228e+02,1.613346392895399362e+01,1.247499265742174686e+02,7.000000000000000000e+00,5.650000000000000000e+02
2.284238946861850934e+02,2.145133942798318927e+01,3.054406058830121395e+01,1.400000000000000000e+01,4.790000000000000000e+02
1.926132949887403356e+02,6.713223015361525370e+01,9.515347630468853879e+01,8.000000000000000000e+00,5.070000000000000000e+02
2.707687456658593987e+02,5.524662738912401494e+01,1.489582233567502954e+02,0.000000000000000000e+00,1.520000000000000000e+02
1.688270775715782293e+02,2.131493506024072104e+01,5.675829593377257254e+01,1.200000000000000000e+01,1.120000000000000000e+02
2.279542648782004335e+02,2.835300102010151946e+01,1.542202186873176686e+02,3.000000000000000000e+00,2.880000000000000000e+02
1.638234865762136963e+02,2.384316183621456986e+01,6.776472960370193732e+01,1.000000000000000000e+01,3.800000000000000000e+02
1.993702735010933225e+02,4.680277177840635261e+01,1.401578650847332597e+02,7.000000000000000000e+00,3.570000000000000000e+02
2.459348291148904764e+02,5.092784113292721315e+01,1.024764302355080474e+02,4.000000000000000000e+00,2.820000000000000000e+02
2.637384290180970652e+02,5.163805962864420707e+01,1.300905210123912354e+02,1.000000000000000000e+00,8.300000000000000000e+02
1.723634483465806682e+02,2.647381269417832073e+01,1.173558220689294274e+02,7.000000000000000000e+00,7.150000000000000000e+02
2.585100938348469981e+02,1.710157998285972925e+00,1.622559651222761579e+00,1.600000000000000000e+01,9.640000000000000000e+02
2.007456958152603761e+02,2.200379626098170949e+00,1.031243291084538214e+02,6.000000000000000000e+00,9.380000000000000000e+02
2.163690110707983081e+02,3.424025390635694066e+01,6.324663720562465841e+01,1.300000000000000000e+01,2.000000000000000000e+01
1.640434758510553479e+02,2.465439948914374213e+01,9.686855764085422038e+01,9.000000000000000000e+00,3.830000000000000000e+02
2.284491736051872977e+02,8.313795715358860861e+00,1.133199110533213059e+02,6.000000000000000000e+00,7.390000000000000000e+02
2.807199526625622639e+02,2.613515269384403439e+01,1.833449811075619209e+02,5.000000000000000000e+00,1.760000000000000000e+02
2.173422305479635668e+02,2.844846903982746866e+01,6.600014471235179769e+01,1.100000000000000000e+01,5.870000000000000000e+02
2.610622437559562741e+02,4.771402785461575036e+01,1.555795606664084687e+02,0.000000000000000000e+00,2.210000000000000000e+02
2.217427366467688898e+02,5.679803251551525278e+01,2.485214010550048869e+01,1.700000000000000000e+01,5.540000000000000000e+02
1.818620777731622695e+02,7.729728813891423300e+00,9.426767811305053613e+01,1.000000000000000000e+01,7.650000000000000000e+02
2.794620676634793881e+02,5.340677061807986092e+01,1.053067596361788389e+02,1.000000000000000000e+00,6.120000000000000000e+02
2.152375301446257936e+02,2.335007339139942406e+00,8.623714200873058644e+01,1.100000000000000000e+01,9.230000000000000000e+02
1.556209102699364450e+02,4.313882433394630311e+01,1.752699512387311387e+01,1.500000000000000000e+01,1.610000000000000000e+02
2.813313832184717285e+02,5.060591072242104360e+01,1.524315808499073057e+02,0.000000000000000000e+00,5.200000000000000000e+01
1.686217848933988250e+02,4.585300487417656967e+01,3.263256413585899196e+01,1.200000000000000000e+01,3.350000000000000000e+02
2.329574093804068582e+02,4.615274710905263333e+01,1.531570854177965657e+02,3.000000000000000000e+00,5.710000000000000000e+02
2.121364059876209467e+02,6.881832356638037140e+01,1.017103770338468394e+02,8.000000000000000000e+00,6.070000000000000000e+02
2.018704612302649650e+02,2.090495652057968279e+00,9.702631761995587567e+01,1.000000000000000000e+01,8.150000000000000000e+02
2.572630856160433837e+02,2.359586538833179148e+01,1.051982098895394557e+02,4.000000000000000000e+00,7.120000000000000000e+02
1.757037185899155531e+02,1.333913926216303203e+01,9.724522843278093376e+01,1.000000000000000000e+01,1.400000000000000000e+02
1.676467516825250357e+02,1.958062076900808535e+01,9.243009078948783497e+01,1.000000000000000000e+01,2.800000000000000000e+01
1.733335230224530790e+02,1.651292101091381070e+01,7.155731206135843081e+01,1.000000000000000000e+01,1.570000000000000000e+02
1.618293815113304390e+02,3.896738831925087254e+01,1.000310222385267735e+02,9.000000000000000000e+00,1.110000000000000000e+02
2.355495617293996702e+02,5.367039536415128254e+01,1.036557444502422811e+02,4.000000000000000000e+00,6.370000000000000000e+02
2.506352394585875345e+02,3.068789337327333300e+01,9.167752531940833194e+01,4.000000000000000000e+00,2.380000000000000000e+02
8.247027436835595893e+01,3.133877635975084175e+01,8.084960744326659565e+00,1.800000000000000000e+01,2.070000000000000000e+02
2.736249090223376470e+02,1.832779900928429129e+01,1.545982878924911574e+02,0.000000000000000000e+00,6.840000000000000000e+02
2.579404359029031752e+02,1.938413001744555686e+01,5.920011318975889836e+00,1.600000000000000000e+01,5.420000000000000000e+02
1.799248716825603083e+02,1.800743382855034014e+01,5.956126912952026942e+01,1.000000000000000000e+01,3.810000000000000000e+02
2.864961887724195435e+02,4.455373868032680207e+01,1.626305147881851099e+02,0.000000000000000000e+00,1.750000000000000000e+02
2.104510911092587548e+02,4.863550835750780266e+01,6.631345274037698800e+01,1.300000000000000000e+01,1.250000000000000000e+02
3.094882584216566102e+02,4.065829790273403432e+01,1.843693547846871752e+02,2.000000000000000000e+00,6.350000000000000000e+02
2.869723743770971964e+02,2.484718750541908960e+01,1.533957908477847525e+02,0.000000000000000000e+00,3.990000000000000000e+02
2.132734129507438752e+02,3.543584193638585589e+01,1.509834745389510715e+02,3.000000000000000000e+00,4.950000000000000000e+02
2.341892729691545014e+02,5.075055292230814530e+01,1.488279839423420299e+02,3.000000000000000000e+00,6.230000000000000000e+02
1.276231766883830403e+02,2.896038036687215111e+01,1.040423479894149672e+01,1.500000000000000000e+01,4.070000000000000000e+02
2.465452174624775523e+02,2.057963719360509458e+01,5.072224324208665536e+00,1.600000000000000000e+01,3.970000000000000000e+02
1.723574427016914399e+02,4.862952810709484197e+01,4.568884670855835850e+01,1.200000000000000000e+01,4.320000000000000000e+02
2.793413755181554166e+02,1.623052914635497146e+01,1.400958521103052874e+02,0.000000000000000000e+00,4.050000000000000000e+02
2.401038229471899115e+02,4.395651186778840724e+01,8.567237685382566781e+01,4.000000000000000000e+00,7.660000000000000000e+02
2.640464919294181527e+02,5.652536368806509159e+01,1.407659409259679819e+02,0.000000000000000000e+00,4.930000000000000000e+02
2.346138499912383679e+02,1.104118824986878522e+01,6.772571562212975493e+01,1.100000000000000000e+01,3.720000000000000000e+02
2.922330625900392533e+02,4.646158347955051937e+01,2.100367247183450843e+02,5.000000000000000000e+00,7.680000000000000000e+02
8.266607537534432026e+01,3.900113470126237303e+01,7.813996338574365375e+00,1.800000000000000000e+01,5.330000000000000000e+02
2.715462071269948865e+02,2.691568281758552317e+01,1.677170549024248203e+02,0.000000000000000000e+00,7.970000000000000000e+02
2.649271913467944728e+02,4.556986534759796115e+01,1.609686030258724259e+02,0.000000000000000000e+00,3.870000000000000000e+02
1.234267649384089651e+02,2.888939933450274111e+01,1.529075271554762061e+01,1.500000000000000000e+01,4.780000000000000000e+02
2.709515771654708374e+02,5.848807584979815744e+01,1.373341593253041424e+02,1.000000000000000000e+00,7.780000000000000000e+02
3.042292178297503824e+02,2.790873118139916542e+01,1.852904585214926954e+02,2.000000000000000000e+00,8.750000000000000000e+02
2.715425099519117111e+02,2.300975703302436415e+01,1.588917012873964438e+02,0.000000000000000000e+00,7.670000000000000000e+02
1.949420909020891486e+02,2.894635058940377537e+00,9.402303659123447233e+01,1.000000000000000000e+01,7.170000000000000000e+02
2.776615900853567496e+02,3.126780177060580712e+01,1.877565035712384827e+02,5.000000000000000000e+00,1.300000000000000000e+02
2.573224514548348338e+02,1.961426830518406206e+01,1.467037652006832786e+02,0.000000000000000000e+00,7.880000000000000000e+02
2.254781380881584880e+02,4.350739941902110530e+01,1.529940574995649740e+02,3.000000000000000000e+00,4.630000000000000000e+02
1.669527032033431055e+02,3.509380044293995127e+01,1.862446502484809230e+01,1.200000000000000000e+01,3.050000000000000000e+02
1.600516703581447473e+02,3.899941205911724040e+01,4.867636778959472110e+01,1.200000000000000000e+01,7.690000000000000000e+02
2.548215946787508699e+02,2.774538066996460728e+01,1.615670082568861119e+02,0.000000000000000000e+00,8.420000000000000000e+02
2.005457424308532950e+02,6.504549417484540186e+00,7.951401057334706479e+01,1.000000000000000000e+01,4.990000000000000000e+02
2.119496566001812710e+02,5.652361766847870683e+01,7.458713635678580545e+01,1.300000000000000000e+01,6.970000000000000000e+02
1.888246777551186710e+02,1.135286386522021473e+01,1.125954586578719727e+02,7.000000000000000000e+00,4.330000000000000000e+02
2.884343767240301872e+02,5.208279448265169265e+01,2.128940828084130317e+02,5.000000000000000000e+00,7.430000000000000000e+02
2.142137471708612964e+02,3.630483797535489554e+00,7.776064401018950889e+01,1.100000000000000000e+01,2.840000000000000000e+02
8.531913505452035906e+01,3.928201205058922341e+01,1.480989522882302012e+01,1.800000000000000000e+01,4.040000000000000000e+02
2.745140919440181051e+02,1.388161861608780434e+01,8.030626229764814639e+01,4.000000000000000000e+00,3.070000000000000000e+02
1.796783215065075865e+02,6.141237203148531876e+01,9.283439208370691631e+01,9.000000000000000000e+00,9.010000000000000000e+02
3.093087692526314072e+02,3.674731940174377343e+01,1.914189112061598053e+02,2.000000000000000000e+00,8.180000000000000000e+02
2.134520160102833302e+02,6.422363523237532945e+01,1.186772298403842285e+02,8.000000000000000000e+00,6.750000000000000000e+02
2.240622553704543236e+02,4.802780855501750779e+01,2.572367313799735555e+01,1.700000000000000000e+01,5.480000000000000000e+02
2.422302862242212029e+02,7.808806126218573063e+00,4.545501280944545641e+00,1.600000000000000000e+01,1.320000000000000000e+02
2.899316721495608817e+02,5.916567677666984082e+01,2.150102297584903397e+02,5.000000000000000000e+00,8.600000000000000000e+02
2.351276002934645817e+02,1.224454189959052641e+01,8.999561480608636543e+01,1.100000000000000000e+01,8.140000000000000000e+02
1.524209248491462745e+02,3.784562633502346074e+01,3.310632839192884802e+01,1.200000000000000000e+01,9.500000000000000000e+02
1.936418386533082980e+02,4.996858537178184889e+01,1.326066851538905098e+02,7.000000000000000000e+00,5.360000000000000000e+02
2.608816469407299792e+02,4.098625481134721582e+01,1.027983560486270989e+02,4.000000000000000000e+00,1.340000000000000000e+02
1.720492478302019776e+02,4.703947154177844681e+01,1.133196364888686247e+02,9.000000000000000000e+00,1.300000000000000000e+01
2.802082991030343351e+02,1.776859940049678599e+01,1.024943533701240455e+02,1.000000000000000000e+00,6.630000000000000000e+02
1.939178440143972466e+02,5.345604974034417012e+01,1.264878122736350150e+02,8.000000000000000000e+00,4.600000000000000000e+01
1.301645134428380004e+02,4.225240173804540689e+01,1.386727446913528539e+01,1.500000000000000000e+01,5.010000000000000000e+02
5.804515003187211875e+01,3.500680535395505188e+01,3.596502351918225759e+00,1.800000000000000000e+01,9.220000000000000000e+02
2.404026622568906646e+02,1.425447731989616429e+01,1.341916529003951268e+02,6.000000000000000000e+00,3.620000000000000000e+02
2.454977040921254741e+02,3.667494554193127243e+01,8.584908925302534044e+01,4.000000000000000000e+00,3.790000000000000000e+02
3.831534145804694447e+01,3.324090159162219749e+01,1.262805759201345346e+01,1.900000000000000000e+01,6.600000000000000000e+02
2.127955664376536049e+02,6.717578585692302795e+01,9.111919215571971620e+01,8.000000000000000000e+00,9.600000000000000000e+02
1.988372921994974831e+02,3.463815669304375788e+00,8.779221872584865594e+01,1.000000000000000000e+01,6.860000000000000000e+02
2.893500873359147363e+02,1.701868133430866692e+01,2.059094740836103483e+02,5.000000000000000000e+00,3.660000000000000000e+02
2.688902427572629108e+02,2.715221420217041626e+01,1.142095618289324932e+02,1.000000000000000000e+00,1.010000000000000000e+02
1.903858074131662192e+02,6.521387049283063675e+01,1.042478054009547463e+02,8.000000000000000000e+00,3.770000000000000000e+02
2.773363017959187005e+02,2.694000427630784955e+01,1.731753185709554259e+02,0.000000000000000000e+00,6.770000000000000000e+02
1.010286639378898030e+02,3.875752042923033969e+01,6.886653450514501174e+00,1.800000000000000000e+01,6.100000000000000000e+01
2.355254414282492803e+02,1.248273913940594859e+01,8.342061408058918914e+01,1.100000000000000000e+01,7.300000000000000000e+02
2.063976802335686216e+02,5.073443309407262802e+01,1.404414785816278766e+02,3.000000000000000000e+00,7.910000000000000000e+02
2.399188488437186777e+02,5.466019079784879864e+01,1.089200590400450324e+02,4.000000000000000000e+00,9.130000000000000000e+02
1.860761411512523011e+02,5.135992065956245511e+01,1.237948847131086865e+02,7.000000000000000000e+00,7.330000000000000000e+02
1.790127119481334717e+02,1.342597910072488254e+01,7.009151652377998687e+01,1.000000000000000000e+01,2.890000000000000000e+02
1.599940526706863011e+02,2.780197890630518032e+01,7.812280520815798468e+01,9.000000000000000000e+00,4.250000000000000000e+02
2.187230347758030007e+02,7.353544874540686394e+00,6.047300024731760004e+01,1.100000000000000000e+01,3.150000000000000000e+02
2.088716794737327405e+02,3.768684939218294261e+01,5.841515136517108431e+01,1.300000000000000000e+01,9.330000000000000000e+02
2.343779607452532332e+02,1.444204481924638017e+01,6.169464500519358552e+01,1.100000000000000000e+01,4.310000000000000000e+02
2.735374790921417230e+02,3.915120042366597630e+01,1.167488291640968328e+02,1.000000000000000000e+00,9.100000000000000000e+01
1.888722491818304263e+02,1.560958217067940978e+01,6.282686543940737778e+01,1.000000000000000000e+01,4.110000000000000000e+02
1.838235733977752773e+02,7.984278200259773861e+00,7.992615707252420520e+01,1.000000000000000000e+01,3.890000000000000000e+02
2.291415115134646499e+02,2.131980443108439260e+01,4.497898958530903712e+01,1.400000000000000000e+01,3.060000000000000000e+02
2.127814667449806336e+02,2.062133026470178621e+01,1.446507733247659928e+02,3.000000000000000000e+00,4.830000000000000000e+02
2.893613696910694557e+02,4.637288597114705624e+01,1.945160484347184138e+02,5.000000000000000000e+00,6.340000000000000000e+02
2.872047550800874660e+02,4.009941648981889273e+01,1.398289690999816060e+02,0.000000000000000000e+00,1.470000000000000000e+02
1.684664413064744224e+02,4.641480582540333444e+01,1.077862058564842869e+02,9.000000000000000000e+00,2.100000000000000000e+01
1.850536504150741450e+02,6.443022323959888809e+01,9.500486319262586221e+01,9.000000000000000000e+00,9.450000000000000000e+02
1.664062666132028028e+02,2.847673752360943666e+01,2.291651393117067315e+01,1.200000000000000000e+01,2.450000000000000000e+02
1.864039056310357410e+02,7.875120315957728323e+00,1.059107039184005998e+02,1.000000000000000000e+01,8.970000000000000000e+02
2.059351018172905015e+02,4.601504044588270403e+01,1.444746815345135644e+02,3.000000000000000000e+00,8.980000000000000000e+02
2.754028648230361114e+02,5.383461866406835838e+01,1.001145806224608634e+02,4.000000000000000000e+00,2.300000000000000000e+01
2.293987514483217467e+02,4.223795665298291979e+00,9.263865982026318591e+01,1.100000000000000000e+01,9.070000000000000000e+02
2.655342212668369939e+02,4.757830868417684655e+01,1.165445743933302651e+02,1.000000000000000000e+00,1.940000000000000000e+02
1.325947867252118044e+02,3.322664011614137536e+01,2.213790617714505160e+01,1.500000000000000000e+01,5.560000000000000000e+02
2.088769764737524497e+02,1.227758144502459814e+01,1.232342959062043377e+02,6.000000000000000000e+00,2.490000000000000000e+02
2.176978744453256525e+02,4.530393513119323501e+01,6.904423040891217056e+01,1.300000000000000000e+01,5.500000000000000000e+01
2.798179066908086838e+02,2.008063304117067105e+01,9.661754184893204922e+01,1.000000000000000000e+00,8.200000000000000000e+02
1.261325361895490431e+02,3.410811890061676621e+01,2.139518154021093466e+01,1.500000000000000000e+01,6.140000000000000000e+02
2.198137496055117026e+02,1.519166863700112380e+01,2.901430196806310491e+01,1.400000000000000000e+01,1.000000000000000000e+02
2.877125291062757242e+02,3.152763445150367616e+01,2.040546472890865459e+02,5.000000000000000000e+00,9.430000000000000000e+02
5.632233834853791166e+01,3.918211121989286738e+01,9.498712767363864273e+00,1.800000000000000000e+01,8.330000000000000000e+02
2.864615260342969805e+02,4.701867428504161950e+01,2.012856218651020299e+02,5.000000000000000000e+00,6.660000000000000000e+02
2.436995655011510280e+02,5.646102995612471176e+01,1.262213121619801086e+02,3.000000000000000000e+00,9.610000000000000000e+02
2.345955247200426470e+02,1.964523357651926361e+01,8.980950984245616553e+01,1.100000000000000000e+01,7.840000000000000000e+02
2.280914688292798758e+02,4.852328731542193907e+01,4.900524751097023568e+01,1.300000000000000000e+01,1.810000000000000000e+02
3.001512912865663907e+02,3.811924724606522119e+01,1.713496558290779888e+02,2.000000000000000000e+00,6.260000000000000000e+02
1.576074158360563615e+02,3.999621493530127481e+01,3.935138055138443747e+01,1.200000000000000000e+01,9.360000000000000000e+02
2.149186057980986391e+02,5.426347374325951733e+01,5.879356302025120584e+01,1.300000000000000000e+01,4.850000000000000000e+02
2.202673483871512587e+02,1.669885009548468080e+00,9.073630459322930619e+01,1.100000000000000000e+01,9.190000000000000000e+02
2.976476483124146739e+02,4.266194345605651250e+01,1.976821306375174743e+02,5.000000000000000000e+00,5.800000000000000000e+02
2.707647617302452545e+02,1.145212879439097264e+01,1.340683446024441992e+02,1.000000000000000000e+00,4.460000000000000000e+02
2.524822202524527199e+02,3.808832134373486156e+01,9.279175087949745659e+01,4.000000000000000000e+00,1.890000000000000000e+02
2.864374919933821388e+02,4.573734409464363182e+01,1.427601702553741063e+02,0.000000000000000000e+00,7.900000000000000000e+01
2.058708640105440963e+02,2.324662635116093767e+01,1.435062764444782886e+02,7.000000000000000000e+00,2.100000000000000000e+02
2.492877901915016423e+02,2.479855190596276060e+01,1.566962130009981990e+02,3.000000000000000000e+00,1.080000000000000000e+02
2.882441175084503584e+02,2.351323999261738962e+01,1.847780130491193233e+02,5.000000000000000000e+00,6.700000000000000000e+01
2.339509228654284527e+02,1.369731252581796177e+01,1.350739812467856780e+02,6.000000000000000000e+00,4.750000000000000000e+02
2.743321100658451996e+02,2.494251910552505080e+01,1.261479283023728470e+02,1.000000000000000000e+00,6.000000000000000000e+01
1.687942436694831656e+02,1.879842530016410507e+01,7.527511677621046715e+01,1.000000000000000000e+01,2.420000000000000000e+02
1.930170968084576657e+02,2.476113187196356691e+01,5.238104536926736188e+01,1.200000000000000000e+01,8.310000000000000000e+02
1.330442421794323877e+02,2.889177512874578468e+01,1.776962609393870451e+01,1.500000000000000000e+01,5.670000000000000000e+02
2.580560992731341798e+02,6.517558705511490302e+01,7.567422742293254956e+00,1.700000000000000000e+01,7.040000000000000000e+02
1.688255714308285462e+02,2.201593210775011400e+01,5.049103610960897015e+01,1.200000000000000000e+01,1.030000000000000000e+02
2.886859828019541396e+02,4.704437050086788474e+01,1.844383501443893181e+02,5.000000000000000000e+00,6.090000000000000000e+02
2.562227490769340648e+02,6.723192737474336411e+01,1.586405573367629218e+00,1.700000000000000000e+01,7.510000000000000000e+02
1.812506084677054616e+02,2.173036961097715647e+01,4.915241601285950424e+01,1.200000000000000000e+01,8.260000000000000000e+02
1.921675903253820366e+02,5.538744588758418530e+01,1.208607413037510128e+02,8.000000000000000000e+00,6.500000000000000000e+01
1.856241121568010612e+02,4.978201507528731895e+01,5.428563252524008220e+01,1.200000000000000000e+01,6.000000000000000000e+02
3.062143043003256935e+02,3.472928343081784419e+01,1.968676454340330793e+02,5.000000000000000000e+00,4.120000000000000000e+02
3.137593147950128696e+02,2.819866900333061821e+01,1.715189381017507060e+02,2.000000000000000000e+00,3.920000000000000000e+02
2.609184147215968892e+02,1.816872176777613745e+01,1.256963998825679312e+02,1.000000000000000000e+00,2.900000000000000000e+02
2.464975958438394343e+02,1.655299236026147014e+01,1.406021331671453254e+02,3.000000000000000000e+00,2.360000000000000000e+02
1.637734092167457334e+02,2.546868482211086970e+01,4.537849752142602000e+01,1.200000000000000000e+01,1.040000000000000000e+02
2.308159650739139011e+02,6.509535538152752565e+01,9.545830073059664755e+01,8.000000000000000000e+00,8.620000000000000000e+02
2.869130323491091872e+02,4.504573905404827627e+01,1.694248290669130199e+02,2.000000000000000000e+00,6.760000000000000000e+02
1.187382587081625047e+02,3.129309447340032335e+01,7.332161709733767019e+00,1.500000000000000000e+01,8.590000000000000000e+02
2.661517883652010141e+02,1.203612040687273499e+01,1.269782313000576295e+02,1.000000000000000000e+00,4.910000000000000000e+02
2.532536868365170335e+02,1.335617045280227089e+01,1.327337113322633710e+00,1.600000000000000000e+01,3.610000000000000000e+02
2.349304828297334211e+02,5.210515157891055793e+01,9.652441872276537538e+01,4.000000000000000000e+00,4.240000000000000000e+02
7.770988530474895128e+01,3.469719482271069921e+01,4.161358475772722443e+00,1.800000000000000000e+01,2.850000000000000000e+02
2.349470923550159682e+02,5.204395345353245261e+01,1.070446873884885974e+01,1.700000000000000000e+01,2.230000000000000000e+02
2.470004298717409768e+02,1.052566246843062103e+01,8.683073238247605019e+00,1.600000000000000000e+01,3.160000000000000000e+02
2.770492154538446812e+02,5.610802086995852989e+01,1.135717521933065370e+02,1.000000000000000000e+00,4.730000000000000000e+02
2.931587496838120614e+02,3.869230213445204924e+01,1.910596147126798598e+02,5.000000000000000000e+00,5.240000000000000000e+02
2.009297316954119594e+02,5.115480980760770535e+01,6.295038926965305137e+01,1.300000000000000000e+01,7.580000000000000000e+02
2.519390518992160253e+02,5.225990330107943294e+01,6.969826702039832789e+00,1.700000000000000000e+01,5.260000000000000000e+02
1.569584625447315034e+02,4.275152102170276436e+01,3.278661881933044953e+01,1.200000000000000000e+01,9.530000000000000000e+02
1.868244895943884956e+02,5.358531946803806534e+01,6.095326234255986719e+01,1.200000000000000000e+01,6.690000000000000000e+02
2.439292835867167355e+02,2.528240208053634674e+01,9.039593201021789071e+01,4.000000000000000000e+00,3.840000000000000000e+02
2.764325436698321710e+02,1.382899889475402411e+01,1.157037244866610877e+02,1.000000000000000000e+00,4.360000000000000000e+02
2.002152090902245050e+02,6.676825562478997256e+01,1.105639656340438250e+02,8.000000000000000000e+00,2.140000000000000000e+02
2.869885036416364414e+02,2.499568102727975472e+01,1.439232783021729745e+02,0.000000000000000000e+00,2.200000000000000000e+02
9.242293888291892756e+01,3.403998857300641845e+01,1.868017421942105472e+01,1.800000000000000000e+01,3.320000000000000000e+02
9.002820515302305182e+01,3.934345087964162246e+01,8.248079311306073080e+00,1.800000000000000000e+01,2.550000000000000000e+02
2.072915791904730440e+02,5.473102188055063522e+01,6.968766330175455437e+01,1.300000000000000000e+01,5.350000000000000000e+02
1.946989089845573915e+02,6.506116899186162428e+00,1.121386721325104787e+02,7.000000000000000000e+00,5.930000000000000000e+02
1.647657909197072001e+02,2.379177907732870167e+01,6.082943502357802856e+01,1.200000000000000000e+01,1.200000000000000000e+02
6.516134937376152436e+01,3.917221338436200995e+01,8.725663421978179457e+00,1.800000000000000000e+01,8.690000000000000000e+02
2.418437640580730772e+02,3.478296646161484773e+01,1.596169970886361966e+02,3.000000000000000000e+00,1.870000000000000000e+02
2.730666065491502081e+02,3.134179043471973003e+01,1.161107262580054709e+02,1.000000000000000000e+00,7.700000000000000000e+01
2.149441056585081924e+02,4.607966894640362021e+00,1.171522495959476942e+02,6.000000000000000000e+00,7.710000000000000000e+02
2.362045035121698220e+02,9.956672590057674910e+00,7.981097972043674105e+00,1.600000000000000000e+01,1.500000000000000000e+01
2.707178661212195721e+02,4.466465451411890086e+01,1.187325190420023659e+02,1.000000000000000000e+00,1.280000000000000000e+02
1.771011045021242012e+02,4.495464364518049649e+01,3.786620925055464681e+01,1.200000000000000000e+01,4.680000000000000000e+02
2.316866160636037364e+02,5.043514834693102245e+01,5.674215251553989958e+01,1.300000000000000000e+01,1.490000000000000000e+02
2.078329809815323017e+02,2.954468092109169675e+01,5.885557027674767028e+01,1.100000000000000000e+01,2.410000000000000000e+02
2.418545499514805783e+02,1.773003965110254398e+01,1.452814270302578450e+02,3.000000000000000000e+00,1.670000000000000000e+02
2.294092879512480181e+02,4.948970839389856735e+01,2.207936051639885378e+01,1.700000000000000000e+01,5.020000000000000000e+02
5.411882293234419050e-01,3.556290983631273406e+01,6.928088001981835831e+00,1.900000000000000000e+01,9.340000000000000000e+02
3.066483643142985898e+02,4.176346403804376450e+01,1.702776968356733107e+02,2.000000000000000000e+00,5.100000000000000000e+02
4.441486726152336217e+01,3.177756036838797016e+01,1.063202198518169972e+01,1.900000000000000000e+01,4.420000000000000000e+02
2.104389939593503698e+02,8.932484091100095114e+00,8.114756985765426123e+01,1.100000000000000000e+01,1.600000000000000000e+01
1.864947131161150651e+02,5.863098280815797203e+00,9.918475345255028230e+01,1.000000000000000000e+01,7.750000000000000000e+02
2.617372485212487732e+02,5.997336394369594359e+01,6.989714498447782809e+00,1.700000000000000000e+01,6.310000000000000000e+02
1.644472780710921143e+02,4.520112542524155685e+01,9.959654404896586755e+01,9.000000000000000000e+00,1.800000000000000000e+02
1.099513382262740606e+02,3.150826787648768246e+01,7.052640734066212502e+00,1.500000000000000000e+01,7.850000000000000000e+02
2.463168146228189528e+02,5.562237931088625942e+01,8.726301608004611410e+00,1.700000000000000000e+01,5.790000000000000000e+02
2.427149869454371185e+02,5.636917708754647549e+01,1.188599846583044553e+02,4.000000000000000000e+00,4.920000000000000000e+02
2.794144240716469199e+02,1.786862764921301050e+01,1.332906601218685410e+02,1.000000000000000000e+00,2.240000000000000000e+02
2.697162961547116424e+02,1.484069733236108313e+01,1.481170840404510614e+02,0.000000000000000000e+00,5.940000000000000000e+02
2.665320718496892027e+02,2.005736527122272506e+01,1.278351488130652598e+02,1.000000000000000000e+00,3.590000000000000000e+02
2.063679557902198383e+02,1.022850075681172832e+01,7.641910535749325106e+01,1.100000000000000000e+01,3.100000000000000000e+01
1.747808482705353867e+02,2.221116764229048357e+01,4.403406589841535634e+01,1.200000000000000000e+01,8.700000000000000000e+02
2.873680673766080531e+02,2.456385006553225026e+01,1.921539949676171659e+02,5.000000000000000000e+00,7.200000000000000000e+01
1.867545817893088156e+02,3.611525831553071697e+01,1.360660907479985440e+02,7.000000000000000000e+00,3.230000000000000000e+02
2.563011583653752723e+02,6.046688227342374944e+01,9.521558238008124286e-01,1.700000000000000000e+01,9.160000000000000000e+02
1.365756078724500355e+02,3.978055581716571254e+01,8.760925194914696235e+00,1.500000000000000000e+01,4.380000000000000000e+02
2.280886119938372190e+02,4.889898123201166413e+01,1.500673542030879730e+02,3.000000000000000000e+00,5.120000000000000000e+02
2.065731970675049638e+02,5.199548378758985123e+00,8.608426712408171966e+01,1.100000000000000000e+01,4.000000000000000000e+00
2.351938949642246257e+02,1.960653737222541437e+01,9.788896444237851213e+00,1.400000000000000000e+01,7.260000000000000000e+02
2.432176174971608873e+02,2.862622952959830158e+01,1.583532145670400269e+02,3.000000000000000000e+00,1.660000000000000000e+02
2.440648339951376897e+02,1.411668102989296969e+01,1.273864614840983052e+02,6.000000000000000000e+00,4.400000000000000000e+02
2.355703706716541888e+02,5.494934531654484289e+01,7.270108869160000609e+01,1.300000000000000000e+01,9.110000000000000000e+02
1.653984219463639533e+02,2.543492621424111633e+01,1.028878430730984377e+02,9.000000000000000000e+00,4.670000000000000000e+02
2.659455085332728004e+02,5.074601572990840026e+01,1.527505454145524197e+02,0.000000000000000000e+00,2.120000000000000000e+02
2.551236192572030745e+02,5.365963643781503833e+01,1.211222803013091180e+02,1.000000000000000000e+00,9.510000000000000000e+02
1.641761191124049617e+02,4.519725122256921424e+01,2.818282395982343402e+01,1.200000000000000000e+01,3.750000000000000000e+02
2.762610955498943213e+02,5.427039005321101683e+01,1.200265004132723163e+02,1.000000000000000000e+00,5.300000000000000000e+02
2.373501888088752025e+02,5.782331941868768155e+01,1.927643585873381582e+00,1.700000000000000000e+01,9.480000000000000000e+02
2.960113544256947762e+02,3.681818218986138902e+01,2.039695648938070462e+02,5.000000000000000000e+00,3.120000000000000000e+02
2.009777007411117324e+02,3.840994431173194812e+01,5.314147499787596018e+01,1.300000000000000000e+01,9.460000000000000000e+02
2.847471241446511954e+02,4.099975960504318095e+01,2.013825904646375022e+02,5.000000000000000000e+00,7.050000000000000000e+02
2.271898624696183049e+02,5.588909954213608700e+01,1.393524847854023392e+02,3.000000000000000000e+00,6.300000000000000000e+02
7.072084052826717482e+01,3.894328361456334875e+01,1.390219068089224841e+01,1.800000000000000000e+01,5.840000000000000000e+02
2.868014234520725267e+02,4.926461772009316320e+01,2.070788996079140247e+02,5.000000000000000000e+00,6.910000000000000000e+02
2.953008750882997901e+02,2.324596596041043739e+01,1.802569632059104663e+02,2.000000000000000000e+00,1.050000000000000000e+02
2.322575256116115554e+02,1.703835831501562836e+01,4.913242466051930535e+01,1.100000000000000000e+01,6.040000000000000000e+02
2.720269892152889497e+02,1.893792938249187330e+01,1.164514831976995595e+02,1.000000000000000000e+00,2.930000000000000000e+02
8.055737870076768559e+00,3.695766140515963372e+01,3.799022045194787367e+00,1.900000000000000000e+01,9.170000000000000000e+02
2.281890942617012570e+02,5.755881625033863003e+01,1.314217247261588852e+02,3.000000000000000000e+00,7.540000000000000000e+02
3.018055263292474706e+02,3.324954998805358741e+01,1.879078865569444474e+02,2.000000000000000000e+00,8.880000000000000000e+02
2.211729785923159852e+02,5.823993486326820346e+01,4.677691517518838538e+01,1.300000000000000000e+01,2.260000000000000000e+02
1.801820397312555713e+02,1.898219160837290076e+01,1.173926860491523598e+02,7.000000000000000000e+00,2.660000000000000000e+02
2.641922047093648871e+02,5.410620418940751364e+01,1.466513009357236967e+02,0.000000000000000000e+00,4.100000000000000000e+02
2.270334539474419842e+02,4.664775942877732717e+01,9.167318442643516363e+00,1.700000000000000000e+01,7.100000000000000000e+01
2.921643187515604154e+02,3.585900649549153485e+01,1.510887009660990543e+02,0.000000000000000000e+00,2.150000000000000000e+02
2.179855798873969661e+02,2.308599892308891555e+01,5.553842458877351618e+00,1.400000000000000000e+01,7.370000000000000000e+02
2.065685921155697145e+02,6.562144263645434705e+01,8.706473160452075888e+01,8.000000000000000000e+00,5.310000000000000000e+02
2.866310955841771602e+02,4.665166632093728083e+01,1.501916707188712508e+02,0.000000000000000000e+00,4.300000000000000000e+01
1.612069061031162676e+02,2.634462199328518750e+01,3.810147883689497661e+01,1.200000000000000000e+01,1.350000000000000000e+02
2.374247013578967369e+02,4.041375914684864767e+01,1.572489964486767633e+02,3.000000000000000000e+00,7.420000000000000000e+02
2.531430488490778714e+02,5.271002864988710002e+01,1.411991769636361198e+02,3.000000000000000000e+00,7.620000000000000000e+02
2.786875993691021449e+02,2.413294239072174108e+01,1.618194386656488462e+02,0.000000000000000000e+00,5.750000000000000000e+02
2.147537258624051333e+02,7.575916643689198260e+00,6.521382436799191851e+01,1.100000000000000000e+01,3.410000000000000000e+02
2.276769889954258872e+02,4.726206772505052811e+01,1.400810077835891398e+00,1.700000000000000000e+01,2.270000000000000000e+02
1.988501985829072964e+02,1.565314175399288565e+01,6.544709948497622065e+01,1.000000000000000000e+01,5.530000000000000000e+02
2.264116433946375366e+02,6.514449871344220355e+01,1.113613116495258026e+02,8.000000000000000000e+00,7.030000000000000000e+02
2.324516232039898114e+02,5.210635216564598693e+01,1.638084664781161592e+01,1.700000000000000000e+01,3.020000000000000000e+02
2.794234010901434431e+02,4.345801932972441506e+01,1.810203703724318416e+02,5.000000000000000000e+00,2.870000000000000000e+02
1.802760871741800770e+02,3.559126605466230586e+01,1.304277008550093626e+02,7.000000000000000000e+00,2.700000000000000000e+02
1.937546360485771686e+02,6.550612270055282238e+01,8.282786306062077131e+01,9.000000000000000000e+00,9.520000000000000000e+02
2.845128589595378799e+02,3.111521866465015052e+01,1.338985455636249355e+02,1.000000000000000000e+00,6.000000000000000000e+00
2.193099001724280868e+02,2.364695021668932284e+01,1.494761882053288957e+02,3.000000000000000000e+00,4.700000000000000000e+02
1.243261833871993218e+02,3.765555067421153979e+01,6.446465537869233486e+00,1.500000000000000000e+01,3.960000000000000000e+02
1.567769683406676506e+02,3.822506910651890166e+01,1.299685407032063189e+01,1.500000000000000000e+01,2.460000000000000000e+02
2.403500893440970856e+02,5.015613192566578959e+01,7.114352531007319236e+00,1.700000000000000000e+01,2.470000000000000000e+02
2.015761142849291048e+02,8.282352080005056294e+00,1.176261045274350323e+02,6.000000000000000000e+00,8.340000000000000000e+02
2.724161682042093275e+02,4.655531261489085182e+01,1.252925451304223117e+02,1.000000000000000000e+00,1.980000000000000000e+02
2.894851947553059972e+02,4.079889600400030503e+01,1.473774269503746552e+02,0.000000000000000000e+00,2.030000000000000000e+02
2.642164161448551454e+02,1.314433647594579746e+01,1.351053761051228435e+02,1.000000000000000000e+00,5.170000000000000000e+02
1.848207174953738559e+02,2.044660211897910784e+01,5.440630219412040702e+01,1.200000000000000000e+01,9.150000000000000000e+02
2.963847961213962776e+02,3.799234300130305542e+01,1.854623704910795539e+02,2.000000000000000000e+00,8.890000000000000000e+02
2.270571384135860455e+02,5.301980189268478227e+01,1.452141418964351089e+02,3.000000000000000000e+00,5.830000000000000000e+02
2.336163828249477774e+02,1.066385674136693851e+01,2.352836301696915378e+00,1.600000000000000000e+01,8.500000000000000000e+01
2.214490349521210817e+02,1.394276987265281598e+01,2.122687696065845842e+01,1.400000000000000000e+01,1.770000000000000000e+02
2.970402391382327210e+02,2.763983108687254742e+01,1.739974289189024148e+02,2.000000000000000000e+00,6.600000000000000000e+01
2.249517406622699980e+02,5.835592798452960750e+01,1.185221579283489035e+02,8.000000000000000000e+00,6.270000000000000000e+02
1.086523323411180399e+02,4.022284110988682215e+01,8.803246885961598878e+00,1.500000000000000000e+01,7.010000000000000000e+02
2.064133582439683039e+02,5.425691694277308130e+01,1.348410992739086964e+02,8.000000000000000000e+00,4.270000000000000000e+02
2.495738867359015387e+02,5.165229464880055588e+01,1.463724260346315873e+02,3.000000000000000000e+00,7.600000000000000000e+02
2.584346003763059798e+02,5.312505524351276165e+01,8.792283541353193010e-01,1.700000000000000000e+01,8.070000000000000000e+02
1.581400032423717334e+02,3.455852288592857491e+01,4.374663386058013259e+01,1.200000000000000000e+01,8.170000000000000000e+02
2.255680139086399549e+02,6.787098179064143721e+01,9.289434088091998376e+01,8.000000000000000000e+00,9.350000000000000000e+02
2.763800745227816833e+02,3.066144210956604965e+01,1.799547013244722962e+02,5.000000000000000000e+00,2.790000000000000000e+02
3.103374142426299045e+02,3.013274437526330018e+01,1.843503947770172147e+02,2.000000000000000000e+00,7.290000000000000000e+02
1.373643719195342214e+02,3.931168397076071130e+01,2.210924021617929824e+01,1.500000000000000000e+01,1.620000000000000000e+02
2.429001712122916103e+02,2.145855725408172532e+01,9.651123162629542662e+01,4.000000000000000000e+00,4.710000000000000000e+02
2.983514645955223159e+02,4.374977296128113124e+01,1.745654844018332312e+02,2.000000000000000000e+00,5.860000000000000000e+02
1.946701904866906716e+02,2.140364044228518736e+01,5.795205497768562708e+01,1.000000000000000000e+01,4.540000000000000000e+02
2.411529466533415302e+02,1.604006739016597294e+01,9.349259335921180636e+00,1.600000000000000000e+01,2.010000000000000000e+02
1.584383545684544572e+02,3.322505975984558546e+01,7.309077301534520643e+01,9.000000000000000000e+00,5.740000000000000000e+02
3.137744677216502396e+02,3.511244174037641841e+01,1.855984871842833854e+02,2.000000000000000000e+00,6.670000000000000000e+02
2.197944338850723227e+02,1.505318049102860556e+01,1.402941355182503180e+01,1.400000000000000000e+01,9.100000000000000000e+02
7.209547370691167600e+01,3.880877634156819056e+01,7.553286326068674228e+00,1.800000000000000000e+01,7.310000000000000000e+02
2.605604444915065869e+02,2.406654886032475460e+01,1.582066760375298031e+02,0.000000000000000000e+00,7.860000000000000000e+02
2.312161573280528444e+02,6.254200005372057802e+01,1.070167852939079296e+02,8.000000000000000000e+00,8.020000000000000000e+02
1.731685174940506613e+02,5.144048458169989857e+01,1.074493190726134770e+02,9.000000000000000000e+00,6.470000000000000000e+02
2.172618730425452895e+02,4.417674577590558371e+00,7.040155016309800828e+01,1.100000000000000000e+01,1.560000000000000000e+02
2.627065394514947911e+02,6.189622896043507438e+01,1.641121303462107217e-01,1.700000000000000000e+01,7.940000000000000000e+02
1.155286362359291559e+02,4.080696710130747107e+01,9.580610331694336068e+00,1.500000000000000000e+01,6.500000000000000000e+02
2.311297600137199595e+02,6.295475215698470350e+01,6.626094481883465903e+01,1.300000000000000000e+01,3.140000000000000000e+02
2.675170708592610254e+02,1.863266133247683953e+01,1.528632670956184256e+02,0.000000000000000000e+00,6.030000000000000000e+02
2.652558506601884005e+02,5.702614535094032533e+01,1.247181197289254300e+02,1.000000000000000000e+00,8.380000000000000000e+02
1.358012328869976102e+02,3.157749626142199872e+01,8.011257731077586541e+00,1.500000000000000000e+01,3.400000000000000000e+02
2.205226535635096070e+02,2.784282508484012819e+00,7.660064060580393175e+01,1.100000000000000000e+01,2.390000000000000000e+02
1.991159567736454505e+02,5.999067637936070696e+01,1.173965065223671473e+02,8.000000000000000000e+00,8.400000000000000000e+01
1.796233692057602980e+02,5.196904336078562636e+01,1.159609377046610206e+02,7.000000000000000000e+00,8.570000000000000000e+02
2.896861919633222442e+02,1.143875392381509215e+01,2.127362602142841581e+02,5.000000000000000000e+00,4.210000000000000000e+02
2.345700638399213460e+02,1.863232673056396749e+01,8.263413708270604729e+01,1.100000000000000000e+01,7.110000000000000000e+02
1.511027168106678964e+01,3.634375105036024678e+01,2.775356981027370828e+00,1.900000000000000000e+01,9.320000000000000000e+02
3.204938234104209869e+02,3.056268637502410002e+01,1.700806241505551668e+02,2.000000000000000000e+00,4.260000000000000000e+02
1.913855663378353427e+02,4.102403367941368373e+01,4.684514260278332642e+01,1.200000000000000000e+01,8.050000000000000000e+02
2.753177456446018141e+02,4.709542570040685661e+01,1.325448962589336759e+02,1.000000000000000000e+00,7.060000000000000000e+02
1.639868797607063300e+02,2.538135329635616699e+01,5.260803115780805683e+01,1.200000000000000000e+01,9.300000000000000000e+01
2.318776837563375750e+02,5.525505479057860470e+01,2.234435243451429898e+01,1.700000000000000000e+01,3.430000000000000000e+02
2.937561683461390771e+02,3.173890825646005354e+01,1.872793552328073758e+02,5.000000000000000000e+00,5.090000000000000000e+02
2.884706142528814325e+02,2.432516064299803560e+01,1.783369088019593960e+02,2.000000000000000000e+00,5.000000000000000000e+01
2.278700296723586405e+02,3.769607059542369409e+00,7.884957977496340220e+01,1.100000000000000000e+01,8.410000000000000000e+02
1.629851015325785966e+02,4.547969881984757023e+01,3.585238555905101521e+01,1.200000000000000000e+01,3.980000000000000000e+02
2.298513322404025985e+02,9.756792149212115461e+00,5.310728971090383510e+01,1.100000000000000000e+01,5.620000000000000000e+02
2.045551706722203562e+02,3.876702541208769759e+01,1.468313876210806370e+02,3.000000000000000000e+00,6.020000000000000000e+02
2.191656714100903400e+02,2.276294555647002937e+01,7.214654628733305231e+01,1.100000000000000000e+01,5.460000000000000000e+02
1.934222221123851284e+02,6.382116187438373345e+01,1.112774351944990485e+02,8.000000000000000000e+00,1.450000000000000000e+02
2.356518766748491771e+02,1.946395169487574606e+01,9.600188456279491334e+01,6.000000000000000000e+00,7.190000000000000000e+02
2.301342043099106149e+02,5.781479612292195469e+01,1.237817689877803531e+02,8.000000000000000000e+00,6.330000000000000000e+02
3.067587491246084141e+02,3.530085255923213339e+01,1.668800807940410778e+02,2.000000000000000000e+00,1.580000000000000000e+02
2.840053297892896467e+02,2.485971420045409630e+01,1.728815173569826413e+02,0.000000000000000000e+00,5.990000000000000000e+02
1.764817843778456847e+02,5.876753035603742603e+01,8.259795555389182198e+01,9.000000000000000000e+00,8.250000000000000000e+02
2.388697399979858744e+02,4.787890858711122632e+01,1.525774088761365590e+02,3.000000000000000000e+00,6.130000000000000000e+02
2.343537883281820484e+02,1.796505632483675896e+01,6.726057444920058970e+01,1.100000000000000000e+01,4.580000000000000000e+02
1.991096790165526897e+02,3.095436902518540734e+01,5.214824100772502646e+01,1.200000000000000000e+01,8.060000000000000000e+02
2.368763176824733421e+02,5.656284772557577867e+01,1.153149653663742669e+02,8.000000000000000000e+00,7.720000000000000000e+02
2.568038175280167934e+02,5.598744529815350290e+01,7.742340972743691374e+00,1.700000000000000000e+01,5.660000000000000000e+02
2.590966909005805974e+02,5.002479603049233248e+01,1.492352230952000980e+02,0.000000000000000000e+00,3.900000000000000000e+02
4.814845170630056259e+01,3.239616982242250742e+01,5.673308428822970484e+00,1.900000000000000000e+01,1.070000000000000000e+02
1.936257859405662884e+02,5.205616298507444561e+00,8.196784204647994443e+01,1.000000000000000000e+01,6.060000000000000000e+02
2.532674871698840207e+02,4.315923956347231893e+01,1.605853135209899563e+02,0.000000000000000000e+00,4.130000000000000000e+02
1.768017738771090137e+02,3.534455571525953133e+01,2.868121782350313964e+01,1.200000000000000000e+01,7.270000000000000000e+02
1.734144153476713370e+02,1.501531580102333230e+01,7.765799398590277747e+01,1.000000000000000000e+01,1.150000000000000000e+02
7.783250962057178413e+01,3.949285611866269363e+01,1.314478486572891214e+01,1.800000000000000000e+01,4.810000000000000000e+02
2.952510195679961384e+02,3.114049065894609214e+01,1.942367103508368871e+02,5.000000000000000000e+00,4.900000000000000000e+02
2.315573058068910655e+02,5.170764532076864839e+01,4.490057851837039493e+01,1.300000000000000000e+01,2.180000000000000000e+02
2.097056213857579507e+02,5.864250968905250261e+01,1.217977557520339928e+02,8.000000000000000000e+00,3.250000000000000000e+02
2.004405465521363396e+02,2.198944063901673829e+01,1.393630785887606010e+02,7.000000000000000000e+00,1.480000000000000000e+02
2.477315796308666620e+02,4.012006761764686757e+01,1.607308105838602614e+02,3.000000000000000000e+00,3.550000000000000000e+02
2.903718538678789969e+02,2.646964285734405564e+01,1.725813020140888057e+02,2.000000000000000000e+00,2.000000000000000000e+00
2.312472999513482250e+02,6.479662209861129440e+01,7.683782726421978282e+01,1.300000000000000000e+01,8.030000000000000000e+02
2.178672320138900034e+02,4.101010631270574436e+01,1.516958786608064145e+02,3.000000000000000000e+00,4.510000000000000000e+02
1.948489667067748599e+02,1.931841145041768826e+01,1.318132813783417703e+02,7.000000000000000000e+00,1.900000000000000000e+01
2.289682638166071911e+02,9.988279831083614724e+00,7.253732525040603285e+00,1.400000000000000000e+01,9.580000000000000000e+02
1.199571660629853227e+02,3.422807279482785958e+01,2.079589636836148969e+01,1.500000000000000000e+01,6.150000000000000000e+02
2.612169261920363965e+02,2.148099417917188703e+01,1.525001013639373753e+02,0.000000000000000000e+00,6.870000000000000000e+02
1.926858468053393665e+02,5.857178886433995757e+01,1.155896042426630714e+02,8.000000000000000000e+00,8.300000000000000000e+01
2.441914211032533331e+02,5.130690959631145631e+01,2.177360052101464660e+00,1.700000000000000000e+01,3.370000000000000000e+02
2.763235661844022957e+02,3.757925023877029247e+01,1.842116193042793668e+02,5.000000000000000000e+00,2.250000000000000000e+02
2.604421425356661075e+02,1.901811674312532574e+01,1.195820214986559051e+02,1.000000000000000000e+00,2.130000000000000000e+02
2.875890904753410382e+02,4.405623957932293422e+01,1.560395381246277680e+02,0.000000000000000000e+00,1.430000000000000000e+02
2.091284325090919936e+02,1.421948190568664572e+01,1.317836380228052064e+02,6.000000000000000000e+00,2.770000000000000000e+02
2.252620299021853896e+02,2.435600235624697163e+01,7.632821810122540285e+01,1.100000000000000000e+01,6.700000000000000000e+02
2.260603665385919783e+02,1.213831718318048658e+01,1.426060408763011900e+01,1.400000000000000000e+01,9.270000000000000000e+02
2.356071066685874484e+02,1.610848806304147729e+01,7.660052130828805161e+01,1.100000000000000000e+01,7.560000000000000000e+02
2.395692515035320014e+02,2.585468493775267973e+01,8.602970828588493646e+01,4.000000000000000000e+00,4.520000000000000000e+02
1.647034219970702509e+02,4.180890739038559900e+01,1.054795807173993580e+02,9.000000000000000000e+00,2.400000000000000000e+01
2.326342359839139249e+02,3.975039045102004565e+01,7.604774009481778307e+01,1.300000000000000000e+01,5.600000000000000000e+01
1.700851198551028176e+02,2.162185515403810143e+01,1.067781984894125173e+02,7.000000000000000000e+00,8.900000000000000000e+02
2.625120460177240034e+02,4.182154688184763813e+01,1.653555494895690003e+02,0.000000000000000000e+00,4.060000000000000000e+02
1.695525738851212623e+02,1.904425595132004645e+01,9.884133021647944872e+01,1.000000000000000000e+01,6.400000000000000000e+01
2.694487268371343589e+02,6.207062635356000158e+01,2.223694435867931585e+00,1.700000000000000000e+01,8.860000000000000000e+02
2.211721842332720769e+02,1.232913078685059993e+01,1.266173226549875466e+02,6.000000000000000000e+00,1.650000000000000000e+02
2.290635360358450043e+02,5.906459507122511354e+01,4.067708409562699501e+01,1.300000000000000000e+01,2.750000000000000000e+02
2.189655280346037216e+02,6.698168386440063671e+01,7.320676333055074281e+01,1.300000000000000000e+01,7.210000000000000000e+02
2.211275292480346764e+02,1.538437413340237825e+01,1.405036232393814828e+02,6.000000000000000000e+00,1.400000000000000000e+01
2.306910480692515364e+02,2.005961720748844712e+01,2.491385733944038705e+01,1.400000000000000000e+01,5.970000000000000000e+02
1.868309236719541673e+02,3.000471767226552799e+01,1.351477856895870389e+02,7.000000000000000000e+00,2.600000000000000000e+02
1.661587860594288770e+02,4.805821358007762711e+01,6.219215430705412473e+01,1.200000000000000000e+01,6.210000000000000000e+02
2.162517882384826464e+02,1.771527063393113366e+01,9.631594622290609919e+00,1.400000000000000000e+01,8.110000000000000000e+02
1.824904841720589559e+02,4.294173459734306419e+01,4.053556395736747930e+01,1.200000000000000000e+01,5.080000000000000000e+02
2.061996573940224380e+02,1.706493869663388097e+01,6.760464915581918888e+01,1.100000000000000000e+01,1.510000000000000000e+02
3.007000503556684521e+02,4.533112408294262252e+01,1.802199952141700692e+02,2.000000000000000000e+00,5.500000000000000000e+02
2.280836486709762028e+02,2.250365325245147119e+01,7.108632182658435283e+01,1.100000000000000000e+01,6.590000000000000000e+02
8.115400309767922238e+01,3.602229830082831796e+01,1.798059249957330508e+01,1.800000000000000000e+01,4.390000000000000000e+02
2.319117163643430217e+02,5.264484524500775109e+01,3.702682273326959006e+01,1.700000000000000000e+01,7.320000000000000000e+02
1.921313208817664702e+02,3.195590511289602276e+01,1.397379528980681016e+02,7.000000000000000000e+00,1.600000000000000000e+02
2.408396395327472703e+02,2.385087307973577708e+01,1.540668681131716653e+02,3.000000000000000000e+00,1.420000000000000000e+02
1.676720831704864167e+02,5.020034698054281108e+01,7.031601193855341592e+01,9.000000000000000000e+00,7.350000000000000000e+02
2.306364111925201996e+02,5.763121529682560151e+01,1.252775515144130480e+01,1.700000000000000000e+01,3.690000000000000000e+02
2.217263910938758045e+02,2.215333127092485199e+01,2.809557125224684171e+01,1.400000000000000000e+01,6.250000000000000000e+02
2.756088044614990622e+02,1.280288605558577153e+01,1.304286880913785183e+02,1.000000000000000000e+00,3.000000000000000000e+02
2.234433834595920416e+02,2.084372359883517767e+00,9.727765210350574421e+01,6.000000000000000000e+00,8.220000000000000000e+02
1.605729496857559013e+01,3.465946640045098093e+01,1.063749585236977424e+01,1.900000000000000000e+01,8.960000000000000000e+02
2.235540043323215400e+02,2.397891033286184026e+00,1.034944845365305355e+02,6.000000000000000000e+00,7.900000000000000000e+02
2.219642493565499990e+02,5.677473100188154120e+01,1.361098968420415360e+02,3.000000000000000000e+00,6.950000000000000000e+02
2.958641662094694880e+02,2.472543282501339945e+01,1.880256296588129885e+02,5.000000000000000000e+00,4.960000000000000000e+02
2.322355030783076870e+02,1.322820631780397527e+01,1.171390417744826493e+02,6.000000000000000000e+00,7.220000000000000000e+02
2.611614470004977306e+02,5.195011399375388805e+01,1.237224245301213870e+02,1.000000000000000000e+00,8.930000000000000000e+02
2.631887753636722778e+02,2.060040649792020773e+01,2.466779252746213569e+00,1.600000000000000000e+01,8.190000000000000000e+02
2.216669702471882033e+02,4.961997873636551049e+01,1.479853476358429134e+02,3.000000000000000000e+00,5.900000000000000000e+02
1.640403511926275257e+02,3.555127987399391287e+01,1.074030456450675359e+02,9.000000000000000000e+00,1.020000000000000000e+02
2.316341813043842137e+02,1.481121541032028510e+01,3.250322453324473315e+01,1.400000000000000000e+01,4.620000000000000000e+02
2.505625340475376106e+02,6.274458208952180627e+01,8.182842471745962243e+00,1.700000000000000000e+01,9.020000000000000000e+02
2.164453614936737438e+02,5.220622944620227912e+01,1.557554916127748612e+01,1.700000000000000000e+01,8.450000000000000000e+02
2.125606770225855087e+02,6.672437463779475308e+01,8.462995540789486881e+01,1.300000000000000000e+01,8.280000000000000000e+02
2.832361280650700905e+02,5.042420411168146188e+01,1.463572006537715424e+02,0.000000000000000000e+00,3.700000000000000000e+01
2.272897064469293014e+02,2.278905018355446188e+01,1.510196955381703390e+02,3.000000000000000000e+00,3.080000000000000000e+02
2.165714306286874091e+02,1.892867485238714309e+01,2.059359847781178132e+01,1.400000000000000000e+01,3.510000000000000000e+02
2.151670142024553627e+02,1.764037783725312991e+01,6.179993948982370711e+01,1.100000000000000000e+01,4.220000000000000000e+02
2.252434465587811587e+02,4.846967856630620730e+01,4.334682042500286769e+01,1.300000000000000000e+01,2.190000000000000000e+02
2.324990621249627054e+02,5.953850760838284373e+01,5.870640125097419570e+01,1.300000000000000000e+01,2.290000000000000000e+02
1.685456850358480665e+02,5.036387281192741483e+01,9.900437564624562015e+01,9.000000000000000000e+00,3.200000000000000000e+02
2.251867341973838847e+02,1.854017192349536103e+01,1.463343234700552955e+02,3.000000000000000000e+00,3.760000000000000000e+02
2.465505064899456897e+02,4.873308829102452222e+01,1.520714582048045713e+02,3.000000000000000000e+00,7.340000000000000000e+02
2.377124512802908498e+02,2.033993106052827926e+01,1.498590060391672694e+02,3.000000000000000000e+00,1.500000000000000000e+02
1.652180503751883691e+02,4.912732751916940543e+01,8.500642332421051606e+01,9.000000000000000000e+00,6.110000000000000000e+02
2.173338841457054968e+02,1.511759108335837931e+00,9.638734209622799654e+01,6.000000000000000000e+00,8.430000000000000000e+02
1.757548989733452913e+02,1.208762130312123695e+01,9.098285732874771270e+01,1.000000000000000000e+01,1.060000000000000000e+02
2.446368005320466921e+02,4.441572899463614021e+01,8.995098911428516431e+01,4.000000000000000000e+00,5.290000000000000000e+02
2.898822393334792196e+02,2.953308970011999790e+01,1.500376999384897090e+02,0.000000000000000000e+00,3.680000000000000000e+02
2.988159036821002701e+02,3.679842468872347894e+01,1.937497273410439789e+02,5.000000000000000000e+00,5.040000000000000000e+02
1.722883391386697554e+02,2.792493758681469629e+01,2.941797065918466103e+01,1.200000000000000000e+01,2.530000000000000000e+02
1.611917584635899345e+02,2.733011560890211200e+01,9.098941232688221703e+01,9.000000000000000000e+00,3.360000000000000000e+02
2.328998291210290006e+02,1.433657068598625450e+01,1.095672472644818356e+02,6.000000000000000000e+00,7.080000000000000000e+02
1.860762286427836045e+02,5.535099326901747929e+01,1.162820188024833925e+02,8.000000000000000000e+00,1.630000000000000000e+02
2.365358099689818800e+02,5.710265762311546212e+01,1.309115208419789553e+02,3.000000000000000000e+00,8.990000000000000000e+02
5.222203105570499559e+01,3.764710781813464990e+01,5.116679169844089436e+00,1.900000000000000000e+01,1.100000000000000000e+01
1.870890902026863785e+02,5.011604843939778675e+00,9.229050057898706427e+01,1.000000000000000000e+01,6.890000000000000000e+02
1.749884311463565041e+02,2.484324544857211592e+01,3.696465017836558076e+01,1.200000000000000000e+01,9.310000000000000000e+02
5.224333314639662973e+01,3.674302709424559765e+01,1.504358309587353659e+01,1.900000000000000000e+01,5.510000000000000000e+02
2.526146939743479152e+02,1.725232520314970230e+01,1.395461796621816859e+02,1.000000000000000000e+00,5.430000000000000000e+02
3.313361766642327666e+01,3.206876912211717467e+01,7.494259186911225612e+00,1.900000000000000000e+01,7.740000000000000000e+02
2.466734421649461808e+02,1.198430951144417200e+01,1.852086771276520327e+00,1.600000000000000000e+01,2.400000000000000000e+02
2.247089141281927027e+02,4.089609803855784875e+00,1.107646030072487520e+02,6.000000000000000000e+00,7.410000000000000000e+02
2.352811232752948456e+02,5.991255509827699655e+01,7.700645013847915266e+01,1.300000000000000000e+01,8.810000000000000000e+02
2.707046166315635105e+02,1.254324863607886620e+01,1.135033228848299132e+02,1.000000000000000000e+00,5.110000000000000000e+02
2.245166194372482380e+02,2.399046374617001653e+00,8.544152210000939363e+01,1.100000000000000000e+01,9.040000000000000000e+02
1.174418219797118894e+02,4.085716429094004809e+01,1.601912259787130566e+01,1.500000000000000000e+01,6.360000000000000000e+02
2.643290944254382566e+02,1.496657926299900865e+01,1.443835529750236901e+02,0.000000000000000000e+00,6.190000000000000000e+02
1.680231380026382340e+02,4.071260464476639385e+01,1.131924125366676321e+02,9.000000000000000000e+00,7.000000000000000000e+00
2.832139028849054512e+02,2.000483316726223393e+01,1.463573575505079702e+02,0.000000000000000000e+00,3.740000000000000000e+02
2.278869552489139210e+02,1.263368112712904612e+01,2.160289919822767502e+01,1.400000000000000000e+01,9.000000000000000000e+01
2.491955333418912915e+02,1.561124473077148167e+01,1.175411746502027341e+02,6.000000000000000000e+00,4.970000000000000000e+02
2.399074463480556290e+02,5.222568929893878220e+01,1.466422666525334648e+02,3.000000000000000000e+00,6.790000000000000000e+02
2.245097381749892520e+02,1.290845189712214669e+01,1.323856523119237352e+02,6.000000000000000000e+00,1.640000000000000000e+02
2.054634180141736692e+02,6.351643440460649259e+01,1.180440127172552138e+02,8.000000000000000000e+00,1.930000000000000000e+02
2.224762081055363296e+02,4.834946736801079226e+01,3.181821360550989297e+01,1.700000000000000000e+01,5.950000000000000000e+02
2.117315727620681116e+02,1.339101063802818281e+01,7.580533802695745749e+01,1.100000000000000000e+01,3.300000000000000000e+01
1.634715470481143598e+02,4.246306130835501591e+01,2.109691454719037296e+01,1.200000000000000000e+01,4.870000000000000000e+02
2.899156658712518606e+02,3.546495989367700474e+01,1.441133210672040832e+02,0.000000000000000000e+00,1.840000000000000000e+02
2.499654772883035037e+02,1.919254974637627953e+01,1.063052265966536254e+02,4.000000000000000000e+00,4.340000000000000000e+02
6.422419490379762408e+01,3.269228809829759541e+01,1.534914514600374602e+01,1.800000000000000000e+01,5.380000000000000000e+02
2.274352912931390733e+02,1.497590965621153103e+01,1.404428428050124751e+02,6.000000000000000000e+00,1.700000000000000000e+01
1.582490866477678537e+02,3.723482357077428873e+01,7.846074218018283375e+01,9.000000000000000000e+00,4.350000000000000000e+02
2.164807829712376588e+02,5.810525478123280863e+01,1.266290534307246816e+02,8.000000000000000000e+00,4.370000000000000000e+02
2.353147632741743394e+02,5.357317382586745680e+01,7.900940719880092900e+01,1.300000000000000000e+01,9.470000000000000000e+02
1.887450790856743197e+02,2.146796042590422715e+01,1.300071175908186092e+02,7.000000000000000000e+00,7.600000000000000000e+01
1.760933794898071767e+02,1.976420673290066077e+01,5.458093874163616732e+01,1.200000000000000000e+01,9.300000000000000000e+02
1.607276602718406480e+02,4.184966973797079959e+01,6.406730575391334526e+01,1.200000000000000000e+01,6.300000000000000000e+01
2.327084299116936563e+02,4.767778984183688351e+01,6.253075452038238780e+00,1.700000000000000000e+01,7.800000000000000000e+01
2.289778955659039070e+02,3.456803603123865543e+01,1.557429856269426978e+02,3.000000000000000000e+00,2.780000000000000000e+02
9.489151700225933439e+01,3.527877208543037568e+01,4.572158370418496709e+00,1.800000000000000000e+01,8.600000000000000000e+01
2.275907601376634943e+02,6.059141646257334202e+01,4.025965938879431327e+00,1.700000000000000000e+01,5.570000000000000000e+02
2.300431711694697583e+02,2.382661194725449860e+01,5.042142550035977777e+00,1.400000000000000000e+01,7.490000000000000000e+02
2.191430403330639933e+02,2.148620108323202160e+01,6.551502673574749736e+01,1.100000000000000000e+01,4.560000000000000000e+02
2.187582794761817979e+02,6.899326953427372189e+01,9.916940592136512578e+01,8.000000000000000000e+00,6.560000000000000000e+02
2.270163763184118295e+02,2.284436577775930388e+01,6.472413631178790183e+01,1.100000000000000000e+01,5.690000000000000000e+02
1.678739712803264013e+02,1.891500395711249638e+01,8.314718825993074347e+01,1.000000000000000000e+01,3.400000000000000000e+01
2.894696316163151550e+02,5.536489261396659600e+01,2.077669503274268550e+02,5.000000000000000000e+00,8.230000000000000000e+02
1.660899222148164824e+02,4.709323395151834291e+01,5.385734000413053479e+01,1.200000000000000000e+01,5.370000000000000000e+02
3.034073600377143975e+02,4.281572429711236794e+01,1.855740985282934616e+02,2.000000000000000000e+00,5.910000000000000000e+02
2.700369595299396224e+02,1.644014012747752673e+01,1.557703521685249948e+00,1.600000000000000000e+01,8.400000000000000000e+02
2.536094681331735785e+02,1.815828268928593658e+01,1.127014708800350604e+02,1.000000000000000000e+00,2.860000000000000000e+02
1.749057490738452714e+02,1.917944244476326077e+01,1.107126702007789447e+02,7.000000000000000000e+00,9.250000000000000000e+02
2.188083283849182124e+02,2.619190815652979065e+00,1.126115824749817733e+02,6.000000000000000000e+00,7.440000000000000000e+02
2.926368414963929467e+02,4.349658144898781131e+01,2.043533958444108123e+02,5.000000000000000000e+00,8.710000000000000000e+02
2.700647699019074821e+02,5.434514038361704280e+01,2.047753282825838017e+00,1.700000000000000000e+01,8.240000000000000000e+02
1.613510463940891384e+02,4.482747979575104580e+01,8.164615298493899331e+01,9.000000000000000000e+00,4.550000000000000000e+02
1.724719997315689284e+02,4.206424359688498527e+01,2.907199975939687064e+01,1.200000000000000000e+01,2.990000000000000000e+02
2.124922970404568048e+02,1.496965030156584575e+01,6.977273981099271793e+01,1.100000000000000000e+01,5.100000000000000000e+01
2.175920599378667646e+02,5.594577954990334234e+01,5.344049496509142472e+01,1.300000000000000000e+01,5.450000000000000000e+02
2.623578907273331851e+01,3.246214031100499398e+01,9.022990594912419837e+00,1.900000000000000000e+01,7.790000000000000000e+02
2.694885332934253483e+02,3.543173179417180307e+01,1.106297151189988170e+02,1.000000000000000000e+00,4.770000000000000000e+02
1.881268845533706440e+02,3.499315220204883303e+01,4.156381294163130491e+01,1.200000000000000000e+01,6.620000000000000000e+02
2.066708393865005178e+02,3.077446358722323527e+00,9.248393179643714745e+01,1.000000000000000000e+01,9.050000000000000000e+02
9.069853569095359092e+01,3.048110185384944160e+01,1.018097321043907399e+01,1.800000000000000000e+01,2.350000000000000000e+02
2.348576987299841505e+02,1.640353773994817743e+01,1.037673939764592461e+02,6.000000000000000000e+00,6.740000000000000000e+02
3.117316252320564445e+02,4.220609792595907805e+01,1.745554827574320598e+02,2.000000000000000000e+00,4.090000000000000000e+02
2.299990358864534414e+02,5.757495390467075680e+01,3.356960627679567466e+01,1.700000000000000000e+01,8.360000000000000000e+02
2.013870298534992003e+02,1.367377030040885444e+01,1.239305919735382417e+02,7.000000000000000000e+00,3.000000000000000000e+00
2.824009589059999144e+02,4.523530360487077218e+01,1.363086547569545246e+02,1.000000000000000000e+00,4.700000000000000000e+01
2.508928246352317615e+02,6.410011103430244361e+01,1.808671736542560859e+00,1.700000000000000000e+01,8.670000000000000000e+02
2.348751180259832552e+02,1.805871757874066930e+01,1.756818304844277145e+00,1.600000000000000000e+01,1.830000000000000000e+02
2.350882316280640225e+02,2.964238150673763172e+01,7.863296061877571219e+01,1.100000000000000000e+01,7.280000000000000000e+02
2.861390677228404797e+02,2.543096655911618598e+01,1.670535407119843399e+02,0.000000000000000000e+00,5.600000000000000000e+02
2.321871645182944519e+02,7.095410439285750215e+00,9.958697445417516292e+01,6.000000000000000000e+00,7.810000000000000000e+02
1.975165196548921074e+02,6.718062396303572825e+01,8.872613893785032246e+01,8.000000000000000000e+00,5.980000000000000000e+02
2.223189260097414319e+02,4.764718703810778067e+01,1.485017683012327971e+01,1.700000000000000000e+01,1.170000000000000000e+02
2.213092432246339740e+02,6.354346006573086925e+01,5.940866646204019474e+01,1.300000000000000000e+01,3.090000000000000000e+02
3.044986230950222534e+02,4.095271722755548893e+01,1.929266607146286958e+02,5.000000000000000000e+00,5.820000000000000000e+02
1.602670641407237326e+02,3.225078538667966654e+01,9.480330881197485837e+01,9.000000000000000000e+00,2.280000000000000000e+02
1.805080098424017194e+02,6.183575907960101858e+01,8.614746186444226339e+01,9.000000000000000000e+00,8.480000000000000000e+02
2.255985352829354156e+02,1.218632861273816737e+01,2.779766891172789656e+01,1.400000000000000000e+01,4.200000000000000000e+01
2.336501913957825991e+02,2.474592926046500097e+01,8.331453634551411369e+01,1.100000000000000000e+01,7.090000000000000000e+02
2.269322747826758189e+02,2.201930072400541860e+01,1.998120601185894429e+01,1.400000000000000000e+01,6.430000000000000000e+02
5.338929822998633767e+01,3.138778046019726631e+01,8.874854461945689721e+00,1.900000000000000000e+01,2.110000000000000000e+02
4.029328318232767003e+01,3.289798711564833411e+01,4.685496250071040869e+00,1.900000000000000000e+01,6.850000000000000000e+02
2.282162221472504484e+02,4.724536102140354465e+00,7.268481578083789429e+01,1.100000000000000000e+01,8.550000000000000000e+02
2.396907783343577591e+02,1.342210272272822102e+01,1.220734464748911847e+02,6.000000000000000000e+00,2.980000000000000000e+02
1.702898851816837009e+02,3.269222715912963650e+01,1.181457418347373363e+02,7.000000000000000000e+00,6.570000000000000000e+02
2.277291693946648934e+02,5.805608198408798160e+01,2.675411676821307694e+01,1.700000000000000000e+01,5.050000000000000000e+02
1.458876661139658779e+02,2.999078857371624451e+01,2.478901526063331673e+01,1.500000000000000000e+01,2.200000000000000000e+01
2.990600307586257713e+02,4.255102230243973338e+01,1.904989189389359581e+02,5.000000000000000000e+00,5.640000000000000000e+02
2.040192948095442773e+02,2.402059172043009116e+00,1.091730620717475517e+02,6.000000000000000000e+00,8.870000000000000000e+02
2.180619127751943722e+02,5.956693188902661973e+01,1.197578693298555947e+02,8.000000000000000000e+00,6.290000000000000000e+02
2.568628771121307182e+02,7.105198679817922525e+00,7.989083758466374974e+00,1.600000000000000000e+01,8.950000000000000000e+02
1.946660825513722557e+02,6.030998395803410972e+01,7.116443894706128503e+01,1.300000000000000000e+01,8.640000000000000000e+02
2.737346284051669159e+02,4.197075121513103824e+01,1.719831351833747703e+02,0.000000000000000000e+00,6.520000000000000000e+02
2.315749294313339419e+02,1.707684339667430251e+01,1.448071608391849452e+02,3.000000000000000000e+00,4.140000000000000000e+02
2.453544498098013946e+02,6.083179207866218263e+01,1.953370844609172208e+00,1.700000000000000000e+01,8.940000000000000000e+02
2.590305562832173791e+02,1.830193127671985565e+01,1.393218190375878578e+02,1.000000000000000000e+00,4.980000000000000000e+02
8.783759899026154017e+01,3.339564947913588355e+01,5.108131573586622842e+00,1.800000000000000000e+01,1.730000000000000000e+02
1.821342179881745267e+02,2.531189403006628424e+01,4.287285041914095984e+01,1.200000000000000000e+01,7.960000000000000000e+02
3.050845584963789179e+02,2.984840995886378678e+01,1.926035340307754495e+02,5.000000000000000000e+00,4.450000000000000000e+02
2.536430531059092459e+02,3.631376286423680710e+01,1.642678895883802852e+02,0.000000000000000000e+00,5.320000000000000000e+02
2.817846893270988744e+02,2.215498365804338476e+01,1.371987352775688294e+02,1.000000000000000000e+00,1.680000000000000000e+02
2.329239592326269133e+02,6.052413078781832922e+01,7.438711308315244963e+00,1.700000000000000000e+01,5.210000000000000000e+02
3.013961346874251035e+02,2.563021543212634512e+01,1.779234814496845445e+02,2.000000000000000000e+00,6.900000000000000000e+01
2.123537742889712092e+02,6.394311545070379310e+01,7.238979070237108715e+01,1.300000000000000000e+01,5.810000000000000000e+02
1.588871711808275791e+02,3.567848318393957641e+01,6.551710291322025626e+01,1.200000000000000000e+01,5.300000000000000000e+01
2.698068286667141251e+02,5.759977835376438549e+01,1.142889962721784087e+02,1.000000000000000000e+00,3.030000000000000000e+02
2.873709853445583349e+02,3.069649315707841808e+01,1.399929271867950717e+02,0.000000000000000000e+00,2.040000000000000000e+02
2.034710453967611556e+02,6.768950509003447280e+01,9.215670347001203311e+01,8.000000000000000000e+00,4.430000000000000000e+02
2.268525136442962946e+02,6.601968707402663483e+01,7.212958366689726120e+01,1.300000000000000000e+01,7.140000000000000000e+02
2.762325313222503382e+02,5.705522728238104690e+01,1.328977787830372961e+02,1.000000000000000000e+00,6.530000000000000000e+02
2.935680991208640762e+02,4.627110729828293501e+01,1.886207292445473058e+02,5.000000000000000000e+00,5.850000000000000000e+02
1.104609864401917605e+02,3.637910358511413023e+01,1.999952930671519269e+01,1.500000000000000000e+01,9.400000000000000000e+02
2.178839593164898929e+02,1.334784629217553054e+01,1.336599586480590744e+02,6.000000000000000000e+00,1.160000000000000000e+02
2.273085589553232921e+02,4.855799445655020463e+01,3.639852302658462690e+01,1.700000000000000000e+01,6.490000000000000000e+02
2.146818856115927190e+02,1.583870136657750649e+01,1.391626502770798766e+02,6.000000000000000000e+00,3.900000000000000000e+01
3.155646649894201801e+02,4.006468044636021375e+01,1.794731101117398566e+02,2.000000000000000000e+00,3.340000000000000000e+02
2.923384601530810869e+02,2.911867702222785681e+01,1.637857133831346630e+02,2.000000000000000000e+00,6.960000000000000000e+02
1.715344819920701980e+02,4.150529638727209658e+01,1.182268065628827998e+02,7.000000000000000000e+00,8.370000000000000000e+02
2.192612723510645196e+02,5.099720289377918192e+01,3.743958513590870041e+01,1.300000000000000000e+01,4.190000000000000000e+02
2.339989556804157189e+02,6.239452681913753196e+01,8.319594911408138671e+01,1.300000000000000000e+01,9.630000000000000000e+02
2.824160821816126941e+02,3.617000244945252518e+01,1.288409089302707287e+02,1.000000000000000000e+00,1.000000000000000000e+01
2.202976439647935365e+02,5.451434543987138426e+01,5.667523219493801889e-01,1.700000000000000000e+01,6.650000000000000000e+02
2.620203913662451782e+02,3.768990920510405296e+00,6.375217681670959813e+00,1.600000000000000000e+01,9.060000000000000000e+02
2.283548838729644714e+01,3.474042608558850276e+01,2.459600103246826208e+00,1.900000000000000000e+01,8.530000000000000000e+02
1.794122342845753337e+02,1.101736708647978702e+01,7.649824269610743954e+01,1.000000000000000000e+01,3.700000000000000000e+02
2.432763185090387879e+02,4.476915781201961408e+01,1.562584906708483459e+02,3.000000000000000000e+00,6.710000000000000000e+02
2.447732356135479677e+02,5.391336521579756891e+01,1.413889153451908953e+02,3.000000000000000000e+00,7.730000000000000000e+02
2.176251134471436188e+01,3.794984393960412916e+01,7.644262013465194627e+00,1.900000000000000000e+01,8.540000000000000000e+02
1.608879981179630647e+02,4.325563864874401077e+01,8.807986736339694289e+01,9.000000000000000000e+00,3.450000000000000000e+02
2.310092366021648047e+02,5.491119531666657139e+01,1.339088409040455341e+00,1.700000000000000000e+01,2.500000000000000000e+02
2.796550533814111077e+02,4.482092709656620144e+01,1.719629956155641537e+02,0.000000000000000000e+00,7.160000000000000000e+02
2.218211959631658203e+02,5.056876669979855521e+00,6.587409389397257087e+01,1.100000000000000000e+01,1.860000000000000000e+02
1.894459946590542927e+02,4.772168055770962702e+00,8.659464013809335370e+01,1.000000000000000000e+01,6.390000000000000000e+02
2.655215865384005269e+02,1.314780204842805666e+01,4.427550781535409818e+00,1.600000000000000000e+01,7.460000000000000000e+02
2.004349466105003046e+02,2.530290306710232073e+01,5.698742289784672010e+01,1.100000000000000000e+01,2.430000000000000000e+02
2.285017255039516044e+02,4.800842764731621060e+01,7.130063662113978751e+01,1.300000000000000000e+01,5.250000000000000000e+02
2.226322022919873689e+02,6.545386716731796639e+01,6.614342096652656267e+01,1.300000000000000000e+01,5.730000000000000000e+02
2.205512661766227325e+02,1.988320229094898295e+01,4.395062583960898905e+01,1.400000000000000000e+01,1.800000000000000000e+01
2.015142647622781737e+02,5.663375955834511188e+01,6.860012343411162306e+01,1.300000000000000000e+01,6.510000000000000000e+02
1.722791477496371328e+02,4.971141156962952579e+01,5.226071302854944634e+01,1.200000000000000000e+01,5.000000000000000000e+02
2.492021573630958926e+02,2.535479516350325113e+01,9.472224216369585292e+01,4.000000000000000000e+00,2.960000000000000000e+02
2.940164949219894766e+02,2.607511920832012464e+01,1.987023473820963204e+02,5.000000000000000000e+00,2.060000000000000000e+02
1.600408955939851410e+02,3.142567652403421974e+01,5.899021360830714400e+01,1.200000000000000000e+01,4.100000000000000000e+01
2.495388362882520994e+02,5.462476783624824606e+01,1.681260461382715787e+00,1.700000000000000000e+01,4.280000000000000000e+02
4.453291954134734709e+01,3.811639856210267396e+01,5.749280226192325927e+00,1.900000000000000000e+01,5.490000000000000000e+02
2.884416627671081983e+02,1.765756104306663232e+01,2.129039256390637433e+02,5.000000000000000000e+00,4.030000000000000000e+02
2.331273194736558310e+02,1.630706986877887132e+01,5.534064373363061407e+01,1.100000000000000000e+01,4.720000000000000000e+02
1.621003462865325275e+02,3.301719020172102859e+01,1.018587149087126988e+02,9.000000000000000000e+00,1.100000000000000000e+02
2.170275608718795866e+02,5.046892141283296951e+01,6.446434702712170406e+01,1.300000000000000000e+01,1.220000000000000000e+02
6.071975731988551672e+01,3.828029149316331115e+01,1.416775465841593196e+01,1.800000000000000000e+01,7.990000000000000000e+02
2.306737173685974653e+02,2.206643837187131751e+01,7.859252403689565369e+01,1.100000000000000000e+01,6.720000000000000000e+02
2.321116473872445738e+02,1.320329233795848900e+01,1.161258174054616177e+01,1.400000000000000000e+01,9.490000000000000000e+02
1.989257448568927487e+02,3.810541416663981806e+01,1.439371905961791072e+02,7.000000000000000000e+00,2.620000000000000000e+02
2.519257326048956429e+02,4.910890185916577622e+01,1.036941284121258349e+02,4.000000000000000000e+00,2.220000000000000000e+02
2.166822805630817470e+02,1.745483765340174287e+01,2.821547755679131075e+00,1.400000000000000000e+01,7.550000000000000000e+02
2.598219183736898685e+02,5.041462389711873726e+01,1.152463805335403890e+02,1.000000000000000000e+00,2.740000000000000000e+02
2.622675008782607620e+02,5.085702117678078338e+01,5.579679494562285846e+00,1.700000000000000000e+01,8.100000000000000000e+02
1.705545301406536396e+02,3.879028170206163395e+01,2.365739958161224266e+01,1.200000000000000000e+01,2.610000000000000000e+02
1.722693949966663638e+02,5.077188447976177343e+01,5.872327932664536121e+01,1.200000000000000000e+01,5.280000000000000000e+02
4.401056899117302379e+01,3.744827692699981725e+01,1.320550871061284504e+01,1.900000000000000000e+01,5.890000000000000000e+02
2.159135835045244960e+02,5.116405318011827319e+01,7.104470600517001344e+01,1.300000000000000000e+01,1.180000000000000000e+02
3.658164093539206618e+01,3.854068093938339246e+01,8.615135107961112482e+00,1.900000000000000000e+01,7.400000000000000000e+02
2.228565906871719733e+02,5.816987515271753040e+01,1.245523778362123579e+02,8.000000000000000000e+00,5.140000000000000000e+02
1.605725570318402049e+02,2.861137390169283634e+01,6.543410436936605379e+01,1.200000000000000000e+01,2.500000000000000000e+01
2.527979425498414514e+02,1.956598356716005682e+01,2.118201057679235166e+00,1.600000000000000000e+01,5.180000000000000000e+02
2.413192313662609081e+02,1.839314572928579850e+01,1.024170343325071713e+02,6.000000000000000000e+00,6.170000000000000000e+02
1.838785818117297310e+02,5.738356251428008648e+01,1.107116255985174149e+02,8.000000000000000000e+00,2.630000000000000000e+02
1.139994335060234221e+02,3.589891866948380539e+01,5.309398633595819206e+00,1.500000000000000000e+01,6.540000000000000000e+02
1.386645945065330920e+02,4.272592706379894167e+01,1.402150226551253986e+01,1.500000000000000000e+01,3.730000000000000000e+02
1.603302364887175884e+02,3.911916101726876605e+01,9.395406890513780240e+01,9.000000000000000000e+00,1.130000000000000000e+02
2.993045729436174156e+02,2.637498408745957335e+01,1.933420013559468771e+02,5.000000000000000000e+00,4.800000000000000000e+02
2.364258593421359649e+02,5.088851782166137383e+01,1.955014394669504885e+00,1.700000000000000000e+01,1.410000000000000000e+02
1.908163134595453698e+02,6.626662516405423276e+01,8.853202775087936516e+01,9.000000000000000000e+00,9.540000000000000000e+02
2.159358306043490643e+02,6.407344547908519417e+01,6.614739952440200454e+01,1.300000000000000000e+01,4.880000000000000000e+02
2.299700820233942693e+02,6.602937225204415483e+01,8.726857838982539306e+01,1.300000000000000000e+01,9.570000000000000000e+02
2.638432934768229643e+02,5.611014710623186375e+01,2.275677094478055551e+00,1.700000000000000000e+01,7.180000000000000000e+02
2.280750566418637675e+02,1.861590686322499621e+01,8.945393770897807073e-01,1.400000000000000000e+01,7.890000000000000000e+02
1.790303679444704414e+02,4.848187424448154559e+01,4.708753096117899162e+01,1.200000000000000000e+01,5.030000000000000000e+02
2.724623396805657194e+02,2.112586294383404706e+01,1.310748872631275503e+02,1.000000000000000000e+00,8.200000000000000000e+01
1.782650780471609835e+02,5.407518233581463107e+01,1.102259373666414319e+02,9.000000000000000000e+00,7.480000000000000000e+02
1.606017737362485320e+02,3.073507991537102768e+01,5.168012504482434366e+01,1.200000000000000000e+01,5.400000000000000000e+01
1.588345079490135277e+02,3.497676179397397078e+01,8.821009679581011653e+01,9.000000000000000000e+00,2.520000000000000000e+02
1.442057975641392318e+02,4.294703759859994108e+01,1.851234884180933804e+01,1.500000000000000000e+01,1.380000000000000000e+02
2.564622963126789728e+02,3.973076081036862917e+01,9.747794059420981228e+01,4.000000000000000000e+00,1.540000000000000000e+02
2.194447073711544363e+02,5.216134548473141308e+01,4.595980068041501454e+01,1.300000000000000000e+01,1.970000000000000000e+02
2.219117260159192142e+02,2.266671074992548540e+01,1.573873506546734546e+01,1.400000000000000000e+01,7.000000000000000000e+02
2.598975808227971243e+02,2.124010333582604204e+01,1.124237586089098926e+02,1.000000000000000000e+00,2.000000000000000000e+02
2.367579973207779460e+02,5.735112724204676482e+01,1.231209590521660289e+02,8.000000000000000000e+00,6.820000000000000000e+02
2.505798186741914435e+02,1.903385648508221806e+01,1.467377076713689519e+02,3.000000000000000000e+00,1.370000000000000000e+02
2.244288439008539342e+02,1.239584127405901270e+01,9.444842674548024064e-01,1.400000000000000000e+01,9.240000000000000000e+02
2.329078244617330427e+02,5.572972890902509135e+01,5.374384471405080177e+01,1.300000000000000000e+01,2.020000000000000000e+02
2.638873448018398449e+02,7.695755101291018363e+00,2.520480453879073712e-01,1.600000000000000000e+01,6.400000000000000000e+02
