1.975532599999999945e+02,8.573507999999999640e+01,4.386782000000000181e+01,4.800000000000000000e+01,2.301000000000000000e+03
5.960030000000000427e+01,1.479408000000000101e+01,4.849861999999999540e+01,2.000000000000000000e+00,2.405000000000000000e+03
7.960623999999999967e+01,3.850465999999999411e+01,1.562129999999999974e+01,4.000000000000000000e+00,3.649000000000000000e+03
1.923043400000000247e+02,7.523893999999998528e+01,7.018823999999999330e+01,4.800000000000000000e+01,3.008000000000000000e+03
2.479225600000000043e+02,1.032376000000000005e+02,1.030812000000000062e+01,6.600000000000000000e+01,3.264000000000000000e+03
3.900309999999999633e+01,8.854246000000000549e+01,6.693750000000000000e+01,3.900000000000000000e+01,2.140000000000000000e+03
8.558513999999998134e+01,4.666805999999999699e+01,4.232762000000000313e+01,0.000000000000000000e+00,6.000000000000000000e+00
2.250511000000000195e+02,4.078707999999999601e+01,2.070022000000000162e+01,4.400000000000000000e+01,7.200000000000000000e+02
2.621029399999999896e+02,3.290247999999999706e+01,1.302472000000000030e+01,6.000000000000000000e+01,3.305000000000000000e+03
2.854840599999999995e+02,3.145985999999999905e+01,1.333174000000000170e+01,6.900000000000000000e+01,3.013000000000000000e+03
1.466555999999999926e+02,1.292982599999999991e+02,1.189456000000000024e+01,4.000000000000000000e+01,3.174000000000000000e+03
3.236242399999999861e+02,7.645715999999998758e+01,1.542036000000000051e+01,6.300000000000000000e+01,3.272000000000000000e+03
2.343939599999999643e+02,1.085960000000000036e+02,2.779397999999999769e+01,5.500000000000000000e+01,8.720000000000000000e+02
6.423178000000000054e+01,3.208613999999999322e+01,4.012748000000000559e+01,2.000000000000000000e+00,2.600000000000000000e+03
7.793377999999999872e+01,8.500000000000000000e+00,1.465331999999999901e+01,1.000000000000000000e+00,3.245000000000000000e+03
2.476141799999999762e+02,1.072125399999999900e+02,5.034821999999999775e+01,6.200000000000000000e+01,1.085000000000000000e+03
2.644258199999999874e+02,1.762016000000000204e+01,1.161678000000000210e+01,6.000000000000000000e+01,2.436000000000000000e+03
8.452603999999999473e+01,1.650176400000000001e+02,4.002378000000000213e+01,2.000000000000000000e+01,3.148000000000000000e+03
7.863927999999999940e+01,4.370734000000000208e+01,2.777799999999999869e+01,4.000000000000000000e+00,8.010000000000000000e+02
9.887709999999999866e+01,1.041603599999999972e+02,2.058189999999999742e+01,1.700000000000000000e+01,2.361000000000000000e+03
9.399844000000000221e+01,1.625608000000000004e+02,1.800639999999999930e+01,2.600000000000000000e+01,1.235000000000000000e+03
2.098007399999999905e+02,1.542280800000000056e+02,2.094264000000000081e+01,5.200000000000000000e+01,1.162000000000000000e+03
2.725718799999999646e+02,1.451538199999999961e+02,2.035002000000000066e+01,6.800000000000000000e+01,3.469000000000000000e+03
7.971299999999999386e+01,7.553882000000000119e+01,5.155623999999999540e+01,3.000000000000000000e+00,3.426000000000000000e+03
2.816604199999999310e+02,1.292479399999999998e+02,1.324164000000000030e+01,6.800000000000000000e+01,2.025000000000000000e+03
1.499977999999999838e+02,1.050854999999999961e+02,5.712373999999999086e+01,3.000000000000000000e+01,3.637000000000000000e+03
2.448292399999999986e+02,6.909615999999999758e+01,2.898635999999999768e+01,4.700000000000000000e+01,1.197000000000000000e+03
1.332075800000000072e+02,1.532641800000000103e+02,1.193740000000000023e+01,4.000000000000000000e+01,3.850000000000000000e+02
2.747210200000000100e+02,1.292479399999999998e+02,1.034789999999999921e+01,6.800000000000000000e+01,1.683000000000000000e+03
1.173329799999999778e+02,1.361635399999999834e+02,3.097297999999999973e+01,2.900000000000000000e+01,2.093000000000000000e+03
1.975161999999999694e+02,8.601795999999998799e+01,2.649993999999999872e+01,3.100000000000000000e+01,2.406000000000000000e+03
2.666263000000000147e+02,7.098383999999998650e+01,3.382625999999999777e+01,5.300000000000000000e+01,3.656000000000000000e+03
1.561592799999999670e+02,6.689941999999999211e+01,4.547805999999999926e+01,3.200000000000000000e+01,1.619000000000000000e+03
2.775450599999999781e+02,8.237689999999999202e+01,1.071169999999999867e+01,5.900000000000000000e+01,5.770000000000000000e+02
1.618423800000000199e+02,4.578031999999999613e+01,3.862297999999999831e+01,3.200000000000000000e+01,3.346000000000000000e+03
2.391668799999999919e+02,6.663285999999999376e+01,4.592175999999999902e+01,3.800000000000000000e+01,2.121000000000000000e+03
2.922286399999999844e+02,2.319378000000000029e+01,3.124192000000000036e+01,6.900000000000000000e+01,2.709000000000000000e+03
1.169334800000000030e+02,9.524590000000000600e+01,5.592150000000000176e+01,2.300000000000000000e+01,2.917000000000000000e+03
1.576294399999999882e+02,6.648223999999999023e+01,2.641732000000000014e+01,3.200000000000000000e+01,1.340000000000000000e+03
1.232707400000000035e+02,1.501467200000000162e+02,1.192924000000000007e+01,3.600000000000000000e+01,3.449000000000000000e+03
1.676978599999999915e+02,6.810200000000000387e+01,5.087827999999999662e+01,3.200000000000000000e+01,2.876000000000000000e+03
2.521477399999999989e+02,1.042851399999999984e+02,2.120001999999999853e+01,6.600000000000000000e+01,1.011000000000000000e+03
1.884905599999999879e+02,8.676425999999999306e+01,1.072461999999999982e+01,5.600000000000000000e+01,2.773000000000000000e+03
1.159501999999999953e+02,2.142849999999999966e+01,1.193536000000000108e+01,5.000000000000000000e+00,4.060000000000000000e+02
2.209666799999999967e+02,1.219583399999999926e+02,3.330572000000000088e+01,4.900000000000000000e+01,3.295000000000000000e+03
3.934275999999999840e+01,7.766280000000000427e+01,6.189631999999999579e+01,1.800000000000000000e+01,1.470000000000000000e+03
5.660557999999998913e+01,1.484147600000000011e+02,9.394199999999999662e+00,2.800000000000000000e+01,1.915000000000000000e+03
2.870157600000000002e+02,1.293920999999999992e+02,1.484949999999999903e+01,6.800000000000000000e+01,1.559000000000000000e+03
4.765950000000000131e+01,1.195708600000000104e+02,4.893619999999999948e+01,3.300000000000000000e+01,1.680000000000000000e+02
6.055740000000000123e+01,5.010546000000000078e+01,8.523799999999997823e+00,4.000000000000000000e+00,3.021000000000000000e+03
1.294757400000000018e+02,5.255924000000000262e+01,3.355493999999999488e+01,1.400000000000000000e+01,2.181000000000000000e+03
8.097235999999999478e+01,2.211733999999999867e+01,1.703433999999999671e+01,1.000000000000000000e+00,3.514000000000000000e+03
1.985035599999999647e+02,1.764770000000000039e+01,1.326068000000000069e+01,5.000000000000000000e+01,1.944000000000000000e+03
2.826290799999999876e+02,2.726426000000000016e+01,4.455496000000000123e+01,6.700000000000000000e+01,4.120000000000000000e+02
2.631606800000000135e+02,1.356667999999999950e+02,3.745439999999999969e+01,7.100000000000000000e+01,3.635000000000000000e+03
5.006194000000000699e+01,1.659322400000000073e+02,1.946976000000000084e+01,3.500000000000000000e+01,3.443000000000000000e+03
9.147563999999999851e+01,1.625675999999999988e+02,2.895201999999999742e+01,2.600000000000000000e+01,5.520000000000000000e+02
1.534073199999999986e+02,6.143154000000000536e+01,3.869301999999999708e+01,3.200000000000000000e+01,1.583000000000000000e+03
9.670824000000000353e+01,8.045929999999999893e+01,2.114697999999999922e+01,8.000000000000000000e+00,6.000000000000000000e+01
7.839413999999999305e+01,7.340770000000000550e+01,3.282189999999999941e+01,3.000000000000000000e+00,2.279000000000000000e+03
1.095082199999999943e+02,5.741138000000000119e+01,1.196766000000000041e+01,8.000000000000000000e+00,2.690000000000000000e+03
1.491542599999999936e+02,1.233758000000000123e+02,1.189014000000000060e+01,3.700000000000000000e+01,2.391000000000000000e+03
1.056216799999999836e+02,1.510830799999999954e+02,1.197105999999999781e+01,3.600000000000000000e+01,3.094000000000000000e+03
4.234223999999999677e+01,8.991640000000000299e+00,2.110889999999999844e+01,6.000000000000000000e+00,3.330000000000000000e+02
1.980901199999999847e+02,1.270773800000000051e+02,1.253477999999999781e+01,5.200000000000000000e+01,3.165000000000000000e+03
4.534987999999999886e+01,1.479408000000000101e+01,1.653997999999999990e+01,6.000000000000000000e+00,7.610000000000000000e+02
1.160147999999999868e+01,5.189283999999999963e+01,7.221837999999999624e+01,2.400000000000000000e+01,6.600000000000000000e+01
1.798637400000000071e+02,2.144243999999999772e+01,3.839245999999999981e+01,5.700000000000000000e+01,1.425000000000000000e+03
1.022192999999999898e+02,8.362979999999998881e+01,5.242629999999999768e+01,2.300000000000000000e+01,1.071000000000000000e+03
5.929634000000000071e+01,2.536705999999999861e+01,5.447548000000000457e+01,2.000000000000000000e+00,3.120000000000000000e+02
1.475939999999999941e+02,3.682574000000000325e+01,1.190476000000000134e+01,1.500000000000000000e+01,1.470000000000000000e+02
1.404502600000000143e+02,2.574649999999999750e+01,1.192754000000000048e+01,1.500000000000000000e+01,1.360000000000000000e+02
5.006840000000000401e+01,8.769279999999998410e+00,4.303788000000000125e+01,2.000000000000000000e+00,2.475000000000000000e+03
2.576707000000000107e+02,6.647679999999999723e+01,2.490907999999999589e+01,4.700000000000000000e+01,3.249000000000000000e+03
2.679274800000000027e+02,1.595926000000000045e+02,1.501712000000000025e+01,7.000000000000000000e+01,1.375000000000000000e+03
2.668660000000000423e+02,4.403204000000000207e+01,1.037577999999999889e+01,6.000000000000000000e+01,1.886000000000000000e+03
3.988947999999999183e+01,1.232945399999999978e+02,3.054186000000000334e+01,3.300000000000000000e+01,1.116000000000000000e+03
4.436014000000000124e+01,1.233356800000000106e+02,4.544848000000000354e+01,3.300000000000000000e+01,2.100000000000000000e+02
2.140470000000000255e+02,9.426330000000000098e+01,7.258592000000000155e+01,4.300000000000000000e+01,3.359000000000000000e+03
5.113804000000000372e+01,1.331487600000000100e+02,1.175889999999999880e+01,2.800000000000000000e+01,1.228000000000000000e+03
5.131517999999999802e+01,1.400844199999999944e+02,5.150251999999999697e+01,2.700000000000000000e+01,1.061000000000000000e+03
3.209123999999999910e+01,1.031658599999999950e+02,6.400193999999999050e+01,3.900000000000000000e+01,6.640000000000000000e+02
4.534919999999999618e+01,1.100250199999999836e+02,3.645174000000000092e+01,3.300000000000000000e+01,2.016000000000000000e+03
3.045577200000000175e+02,9.767078000000000770e+01,3.592235999999999763e+01,6.400000000000000000e+01,5.260000000000000000e+02
4.563344000000000023e+01,8.500000000000000000e+00,4.007783999999999480e+01,6.000000000000000000e+00,6.300000000000000000e+01
1.725030799999999829e+02,7.726839999999999975e+01,7.155061999999999500e+01,5.400000000000000000e+01,5.020000000000000000e+02
3.143466599999999858e+02,7.932675999999999306e+01,2.746621999999999630e+01,6.300000000000000000e+01,3.621000000000000000e+03
2.392671799999999678e+02,1.016552399999999921e+02,1.758853999999999829e+01,5.500000000000000000e+01,2.439000000000000000e+03
3.238346999999999980e+02,5.667766000000000304e+01,1.526089999999999947e+01,7.200000000000000000e+01,1.920000000000000000e+03
6.942833999999999151e+01,7.673698000000000263e+01,3.908742000000000161e+01,7.000000000000000000e+00,2.280000000000000000e+02
2.019035599999999704e+02,1.560484399999999994e+02,3.626915999999999940e+01,4.600000000000000000e+01,2.234000000000000000e+03
2.297991999999999990e+01,6.886563999999999908e+01,5.202408000000000499e+01,1.800000000000000000e+01,7.920000000000000000e+02
3.061761199999999690e+02,4.642597999999999558e+01,1.805196000000000112e+01,7.200000000000000000e+01,5.730000000000000000e+02
5.136380000000000479e+01,8.587312000000000012e+01,6.518275999999998760e+01,1.300000000000000000e+01,5.840000000000000000e+02
1.975192599999999743e+02,9.839021999999999935e+01,3.146632000000000318e+01,5.600000000000000000e+01,4.200000000000000000e+01
1.280093200000000024e+02,9.871866000000001407e+01,5.792409999999999570e+01,6.100000000000000000e+01,9.010000000000000000e+02
4.794135999999999598e+01,5.069943999999999562e+01,4.024002000000000123e+01,1.000000000000000000e+01,2.583000000000000000e+03
2.870327599999999961e+02,1.459354799999999841e+02,4.122635999999999967e+01,7.400000000000000000e+01,2.485000000000000000e+03
2.221920399999999916e+02,9.768743999999999517e+01,7.148704000000000747e+01,4.300000000000000000e+01,2.562000000000000000e+03
1.424290599999999927e+02,7.409347999999999956e+01,1.072461999999999982e+01,1.900000000000000000e+01,6.610000000000000000e+02
1.183240799999999950e+02,8.084112000000000364e+01,2.864091999999999771e+01,8.000000000000000000e+00,1.001000000000000000e+03
2.276602599999999939e+02,1.085960000000000036e+02,3.262198000000000064e+01,5.500000000000000000e+01,2.460000000000000000e+02
1.484389000000000181e+02,9.814813999999999794e+01,1.072461999999999982e+01,3.700000000000000000e+01,1.703000000000000000e+03
2.301630000000000109e+02,7.257707999999999515e+01,5.354252000000000322e+01,3.800000000000000000e+01,1.668000000000000000e+03
2.000743600000000129e+02,6.791907999999999390e+01,1.032681999999999967e+01,3.100000000000000000e+01,7.420000000000000000e+02
2.617388000000000048e+01,1.103531200000000041e+02,3.708753999999999706e+01,3.300000000000000000e+01,3.125000000000000000e+03
1.298691199999999810e+02,1.152385799999999847e+02,1.190680000000000049e+01,2.200000000000000000e+01,2.897000000000000000e+03
5.685480000000000445e+01,3.027359999999999829e+01,3.888002000000000180e+01,2.000000000000000000e+00,3.371000000000000000e+03
7.139660000000000650e+01,3.320541999999999661e+01,4.133550000000000324e+01,0.000000000000000000e+00,1.702000000000000000e+03
1.055268200000000007e+02,1.237409599999999870e+02,1.198567999999999856e+01,2.900000000000000000e+01,3.710000000000000000e+02
7.692737999999999943e+01,1.496601799999999969e+02,2.164643999999999835e+01,2.600000000000000000e+01,2.563000000000000000e+03
2.138562600000000202e+02,1.527667599999999766e+02,1.763545999999999836e+01,5.200000000000000000e+01,1.407000000000000000e+03
1.572017199999999946e+02,1.280439999999999934e+01,1.950103999999999971e+01,9.000000000000000000e+00,2.545000000000000000e+03
1.584070199999999886e+02,4.111347999999999558e+01,3.866411999999999694e+01,3.200000000000000000e+01,3.176000000000000000e+03
8.536991999999999337e+01,1.025752799999999922e+02,1.884823999999999700e+01,1.700000000000000000e+01,3.364000000000000000e+03
7.891331999999999880e+01,1.157669399999999769e+02,3.202834000000000003e+01,1.200000000000000000e+01,1.367000000000000000e+03
1.690836999999999932e+02,9.824367999999999768e+01,7.051191999999998927e+01,5.400000000000000000e+01,1.701000000000000000e+03
1.196643599999999878e+02,4.064258000000000237e+01,3.130414000000000030e+01,5.000000000000000000e+00,3.668000000000000000e+03
2.752956199999999853e+02,2.111909999999999954e+01,1.493552000000000035e+01,6.000000000000000000e+01,3.503000000000000000e+03
1.698507400000000018e+02,6.680353999999999814e+01,1.574369999999999870e+01,2.500000000000000000e+01,4.890000000000000000e+02
2.237638599999999940e+02,1.046492799999999903e+02,4.561711999999999989e+01,4.900000000000000000e+01,1.712000000000000000e+03
7.393163999999998737e+01,1.102511200000000002e+02,3.213713999999999515e+01,1.200000000000000000e+01,3.890000000000000000e+02
7.669584000000000401e+01,1.015573200000000043e+02,2.850390000000000512e+01,1.200000000000000000e+01,2.470000000000000000e+02
1.169205600000000089e+02,1.583029799999999909e+02,3.867772000000000077e+01,3.600000000000000000e+01,1.500000000000000000e+03
2.659238599999999337e+02,4.296239999999999526e+01,2.693309999999999604e+01,6.500000000000000000e+01,1.919000000000000000e+03
9.221955999999998710e+01,3.519986000000000104e+01,2.043807999999999936e+01,1.000000000000000000e+00,5.490000000000000000e+02
1.128225399999999894e+02,1.055162800000000090e+02,4.565315999999999974e+01,2.300000000000000000e+01,2.860000000000000000e+02
9.422726000000000113e+01,7.666898000000000479e+01,3.549803999999999604e+01,3.000000000000000000e+00,1.871000000000000000e+03
2.645883399999999597e+02,4.587755999999999545e+01,3.889191999999999894e+01,6.500000000000000000e+01,2.599000000000000000e+03
8.164997999999999934e+01,1.467657599999999718e+02,5.167693999999999477e+01,2.000000000000000000e+01,1.833000000000000000e+03
1.299143400000000099e+02,1.622840400000000045e+02,1.601332000000000022e+01,3.600000000000000000e+01,3.572000000000000000e+03
2.589116999999999962e+02,4.768806000000000012e+01,3.298373999999999739e+01,6.500000000000000000e+01,2.319000000000000000e+03
3.070981999999999630e+02,2.690045999999999538e+01,1.777146000000000114e+01,6.900000000000000000e+01,2.665000000000000000e+03
5.301993999999999829e+01,1.394170000000000016e+02,4.565859999999999275e+01,2.700000000000000000e+01,1.679000000000000000e+03
2.777681000000000040e+02,1.497390599999999949e+02,4.640082000000000306e+01,7.400000000000000000e+01,1.403000000000000000e+03
9.571714000000000055e+01,8.665138000000000318e+01,3.953519999999999612e+01,2.300000000000000000e+01,7.820000000000000000e+02
1.301319399999999860e+02,4.150923999999999836e+01,1.189829999999999899e+01,1.500000000000000000e+01,2.747000000000000000e+03
1.529207799999999793e+02,2.582334000000000174e+01,1.191870000000000118e+01,1.500000000000000000e+01,4.050000000000000000e+02
1.805862400000000036e+02,1.155758599999999916e+02,3.838497999999999877e+01,4.100000000000000000e+01,1.374000000000000000e+03
1.002027599999999978e+02,1.287165200000000027e+02,4.190499999999999403e+01,1.600000000000000000e+01,3.046000000000000000e+03
9.397158000000000300e+01,1.523777999999999899e+01,1.205163999999999902e+01,1.000000000000000000e+00,1.219000000000000000e+03
1.663647200000000055e+02,5.830966000000000804e+01,3.863555999999999813e+01,3.200000000000000000e+01,6.850000000000000000e+02
6.353716000000000008e+01,9.996917999999999438e+01,3.398572000000000060e+01,7.000000000000000000e+00,1.526000000000000000e+03
2.478018599999999765e+02,1.022237200000000001e+02,1.815973999999999933e+01,6.600000000000000000e+01,1.516000000000000000e+03
2.225871200000000272e+02,1.032831599999999952e+02,1.937421999999999755e+01,5.500000000000000000e+01,3.473000000000000000e+03
1.403598199999999849e+02,1.081505999999999830e+02,2.956197999999999482e+01,3.000000000000000000e+01,2.246000000000000000e+03
2.738040399999999863e+02,9.390562000000001319e+01,5.314506000000000085e+01,6.200000000000000000e+01,3.232000000000000000e+03
1.311757399999999905e+02,2.839883999999999986e+01,1.192141999999999769e+01,1.500000000000000000e+01,3.644000000000000000e+03
2.245992399999999805e+02,5.467199999999998994e+01,3.239349999999999596e+01,3.800000000000000000e+01,3.354000000000000000e+03
1.781348399999999970e+02,1.204313999999999965e+02,3.844890000000000185e+01,4.100000000000000000e+01,9.810000000000000000e+02
2.787649799999999800e+02,7.002504000000000417e+01,3.761623999999999768e+01,5.300000000000000000e+01,2.066000000000000000e+03
4.864686000000000377e+01,2.781097999999999359e+01,1.334092000000000056e+01,6.000000000000000000e+00,9.470000000000000000e+02
7.501182000000000016e+01,1.652094000000000307e+01,1.191563999999999979e+01,1.000000000000000000e+00,3.450000000000000000e+03
3.912142000000000053e+01,7.018381999999999721e+01,5.079021999999999082e+01,1.300000000000000000e+01,1.637000000000000000e+03
4.417551999999999879e+01,1.226373200000000026e+02,6.633740000000000236e+01,3.400000000000000000e+01,1.745000000000000000e+03
2.511406600000000253e+02,1.047352999999999952e+02,5.332594000000000278e+01,6.200000000000000000e+01,8.810000000000000000e+02
4.089417999999999864e+01,8.500000000000000000e+00,3.615968000000000160e+01,6.000000000000000000e+00,8.400000000000000000e+01
6.264227999999999241e+01,2.054721999999999937e+01,5.464887999999999835e+01,2.000000000000000000e+00,1.570000000000000000e+02
2.091183599999999956e+02,7.093113999999999919e+01,2.176170000000000115e+01,3.100000000000000000e+01,2.034000000000000000e+03
1.213004399999999947e+02,2.097256000000000142e+01,1.193978000000000073e+01,5.000000000000000000e+00,4.800000000000000000e+02
1.622374599999999987e+02,1.187548599999999936e+02,1.196731999999999907e+01,3.700000000000000000e+01,2.810000000000000000e+03
1.379893399999999986e+02,1.183669199999999933e+02,3.869404000000000110e+01,3.000000000000000000e+01,2.445000000000000000e+03
2.884733400000000074e+02,4.684077999999999520e+01,3.973341999999999530e+01,6.700000000000000000e+01,2.947000000000000000e+03
9.580213999999999430e+01,9.248442000000000007e+01,4.010877999999999588e+01,2.300000000000000000e+01,4.260000000000000000e+02
9.361560000000000059e+01,1.139322999999999837e+02,3.815819999999999368e+01,1.700000000000000000e+01,6.220000000000000000e+02
2.595216599999999971e+02,4.328302000000000049e+01,2.711261999999999617e+01,6.500000000000000000e+01,2.722000000000000000e+03
6.055060000000000286e+01,1.593923399999999901e+02,8.524139999999999162e+00,2.800000000000000000e+01,2.996000000000000000e+03
1.700754799999999989e+02,1.338359000000000094e+02,3.861855999999999511e+01,4.600000000000000000e+01,2.520000000000000000e+02
4.967093999999999454e+01,1.237997800000000126e+02,4.261151999999999873e+01,3.300000000000000000e+01,4.800000000000000000e+01
4.513398000000000110e+01,1.097159599999999813e+02,6.093072000000000088e+01,3.900000000000000000e+01,1.546000000000000000e+03
6.672975999999999885e+01,1.215054599999999851e+02,5.442244000000000881e+01,2.700000000000000000e+01,2.728000000000000000e+03
8.148304000000000258e+01,1.471829400000000021e+02,1.764328000000000074e+01,2.600000000000000000e+01,1.258000000000000000e+03
2.225068799999999953e+02,7.871849999999999170e+01,7.284227999999998815e+01,4.300000000000000000e+01,1.016000000000000000e+03
7.965859999999999275e+01,1.316398400000000208e+02,1.567433999999999905e+01,2.100000000000000000e+01,9.540000000000000000e+02
2.570049800000000459e+02,3.678766000000000247e+01,1.914370000000000260e+01,6.000000000000000000e+01,1.942000000000000000e+03
2.684639999999999986e+02,3.889905999999999864e+01,4.614480000000000359e+01,6.700000000000000000e+01,2.846000000000000000e+03
2.100829399999999794e+02,3.424072000000000315e+01,3.547594000000000136e+01,4.400000000000000000e+01,1.392000000000000000e+03
1.128993799999999936e+02,6.643531999999999016e+01,1.912772000000000006e+01,8.000000000000000000e+00,3.112000000000000000e+03
2.049166400000000010e+02,1.232432000000000158e+02,3.612669999999999959e+01,4.900000000000000000e+01,3.182000000000000000e+03
8.013867999999999370e+01,4.160647999999999769e+01,3.395579999999999643e+01,0.000000000000000000e+00,3.545000000000000000e+03
7.095901999999999532e+01,3.254718000000000444e+01,9.871560000000000556e+00,4.000000000000000000e+00,3.442000000000000000e+03
2.909590799999999717e+02,4.768806000000000012e+01,3.521719999999999828e+01,6.700000000000000000e+01,3.160000000000000000e+03
4.089690000000000225e+01,1.235274399999999844e+02,2.478056000000000125e+01,3.300000000000000000e+01,9.330000000000000000e+02
1.632928200000000061e+02,9.050493999999999062e+01,7.160399999999999920e+01,5.400000000000000000e+01,1.059000000000000000e+03
4.493983999999999668e+01,8.932989999999999498e+01,6.624117999999999995e+01,3.900000000000000000e+01,1.795000000000000000e+03
1.173849999999999909e+02,1.285030000000000072e+01,1.821209999999999951e+01,5.000000000000000000e+00,8.980000000000000000e+02
2.451879400000000260e+02,1.086106199999999973e+02,4.470830000000000126e+01,6.200000000000000000e+01,1.336000000000000000e+03
3.659624000000000166e+01,4.197912000000000177e+01,6.260114000000000800e+01,2.400000000000000000e+01,1.588000000000000000e+03
1.167825199999999910e+02,5.594801999999999964e+01,3.089750000000000085e+01,1.400000000000000000e+01,1.082000000000000000e+03
1.924427199999999800e+02,4.410173999999999950e+01,1.233520000000000039e+01,5.000000000000000000e+01,1.514000000000000000e+03
1.840239800000000230e+02,8.349345999999999890e+01,1.072461999999999982e+01,2.500000000000000000e+01,2.699000000000000000e+03
2.162199399999999798e+02,1.512126199999999869e+02,3.035009999999999408e+01,5.200000000000000000e+01,3.570000000000000000e+02
2.767991000000000099e+02,4.715731999999999147e+01,4.664630000000000365e+01,6.700000000000000000e+01,2.428000000000000000e+03
2.339148999999999603e+02,6.656383999999999901e+01,2.381258000000000052e+01,4.200000000000000000e+01,4.510000000000000000e+02
1.023369399999999985e+02,1.045663199999999904e+02,2.584238000000000213e+01,1.700000000000000000e+01,1.312000000000000000e+03
1.350558199999999829e+02,1.173275400000000133e+02,1.190067999999999948e+01,2.200000000000000000e+01,2.617000000000000000e+03
2.670975399999999809e+02,1.373416400000000124e+02,4.049331999999999709e+01,7.400000000000000000e+01,9.700000000000000000e+01
1.966903400000000204e+02,1.573098399999999799e+02,3.674856000000000478e+01,4.600000000000000000e+01,1.883000000000000000e+03
1.565400799999999890e+02,2.003755999999999915e+01,3.867329999999999757e+01,9.000000000000000000e+00,3.394000000000000000e+03
2.171467800000000068e+02,2.506411999999999907e+01,3.398469999999999658e+01,4.400000000000000000e+01,3.665000000000000000e+03
2.929667799999999716e+02,8.367671999999998889e+01,1.048492000000000068e+01,5.900000000000000000e+01,2.224000000000000000e+03
1.285771200000000078e+02,6.751447999999999183e+01,4.442201999999999629e+01,1.400000000000000000e+01,2.817000000000000000e+03
2.806428000000000367e+01,6.374421999999999855e+01,6.541837999999999909e+01,1.800000000000000000e+01,2.172000000000000000e+03
1.641397599999999954e+02,1.515216799999999751e+02,3.861787999999999954e+01,4.500000000000000000e+01,1.906000000000000000e+03
4.521625999999999834e+01,1.532845800000000054e+02,1.668074000000000012e+01,2.800000000000000000e+01,1.781000000000000000e+03
1.861034200000000283e+02,7.541573999999999955e+01,7.062207999999999686e+01,4.800000000000000000e+01,3.246000000000000000e+03
2.755472199999999816e+02,4.822389999999999333e+01,2.608650000000000091e+01,5.300000000000000000e+01,3.435000000000000000e+03
8.583877999999999986e+01,3.802559999999999718e+01,2.802858000000000160e+01,0.000000000000000000e+00,2.651000000000000000e+03
9.773435999999999524e+01,6.667501999999998930e+01,2.386561999999999983e+01,8.000000000000000000e+00,2.080000000000000000e+02
2.064534399999999721e+02,5.436667999999999523e+01,1.291081999999999930e+01,3.100000000000000000e+01,2.090000000000000000e+02
4.958832000000000306e+01,1.185185600000000079e+02,4.332823999999999387e+01,3.300000000000000000e+01,7.600000000000000000e+01
1.106213799999999878e+02,6.981457999999999231e+01,4.396336000000000155e+01,1.400000000000000000e+01,3.667000000000000000e+03
6.250627999999999673e+01,7.613925999999999306e+01,1.087965999999999944e+01,1.100000000000000000e+01,3.178000000000000000e+03
1.279532199999999875e+02,9.747765999999998598e+01,1.072496000000000116e+01,2.200000000000000000e+01,2.071000000000000000e+03
7.970314000000000476e+01,5.646992000000000900e+01,5.002386000000000621e+01,3.000000000000000000e+00,3.470000000000000000e+02
2.787758600000000229e+02,8.774413999999998737e+01,1.068619999999999948e+01,5.900000000000000000e+01,9.460000000000000000e+02
6.743763999999998759e+01,1.594895799999999895e+02,4.818344000000000449e+01,2.000000000000000000e+01,6.680000000000000000e+02
8.657283999999999935e+01,1.340735599999999863e+02,4.893755999999999773e+01,1.600000000000000000e+01,2.516000000000000000e+03
1.696610199999999793e+02,4.366619999999998925e+01,1.196086000000000027e+01,5.000000000000000000e+01,2.742000000000000000e+03
1.842891800000000160e+02,1.072132199999999926e+02,1.072461999999999982e+01,5.600000000000000000e+01,3.529000000000000000e+03
6.564073999999999387e+01,5.551519999999999300e+01,4.863530000000000086e+01,1.300000000000000000e+01,2.952000000000000000e+03
9.821716000000000690e+01,4.842347999999999075e+01,1.203973999999999833e+01,8.000000000000000000e+00,2.928000000000000000e+03
2.587039599999999950e+02,7.360829999999999984e+01,2.818158000000000030e+01,4.700000000000000000e+01,3.713000000000000000e+03
1.010459599999999938e+02,7.074754000000000076e+01,1.933137999999999934e+01,8.000000000000000000e+00,8.480000000000000000e+02
7.920946000000000708e+01,5.591299999999999670e+01,2.531741999999999848e+01,4.000000000000000000e+00,7.880000000000000000e+02
9.531594000000001188e+01,1.037424999999999926e+02,2.580191999999999908e+01,1.700000000000000000e+01,2.207000000000000000e+03
1.272976999999999919e+02,4.434143999999999863e+01,3.301230000000000331e+01,1.400000000000000000e+01,3.198000000000000000e+03
1.353597800000000007e+02,1.239259199999999908e+02,3.636028000000000304e+01,3.000000000000000000e+01,3.277000000000000000e+03
6.250627999999999673e+01,9.416946000000000083e+01,3.451612000000000080e+01,7.000000000000000000e+00,1.237000000000000000e+03
2.664460999999999444e+02,1.420360200000000077e+02,4.554878000000000071e+01,7.400000000000000000e+01,1.466000000000000000e+03
4.672042000000000428e+01,2.489479999999999649e+01,3.765635999999999939e+01,6.000000000000000000e+00,2.697000000000000000e+03
1.775099199999999939e+02,8.614443999999998880e+01,1.072461999999999982e+01,2.500000000000000000e+01,2.825000000000000000e+03
1.024416599999999988e+02,1.030526399999999825e+02,1.072563999999999851e+01,2.200000000000000000e+01,3.582000000000000000e+03
1.247038399999999854e+02,6.643225999999999942e+01,2.075597999999999743e+01,1.400000000000000000e+01,2.346000000000000000e+03
1.113979399999999913e+02,1.221891999999999854e+02,3.723544000000000409e+01,2.900000000000000000e+01,1.060000000000000000e+03
2.079783400000000029e+02,9.872648000000000934e+01,1.521534000000000120e+01,5.600000000000000000e+01,1.330000000000000000e+03
1.058256799999999771e+02,8.135451999999999373e+01,4.453761999999999688e+01,2.300000000000000000e+01,2.837000000000000000e+03
9.218182000000000187e+01,5.550840000000000174e+01,4.554912000000000205e+01,3.000000000000000000e+00,1.198000000000000000e+03
7.616646000000000072e+01,1.659322400000000073e+02,1.939325999999999794e+01,2.600000000000000000e+01,3.220000000000000000e+03
2.737013599999999656e+02,2.821320000000000050e+01,9.227939999999998477e+00,6.000000000000000000e+01,3.098000000000000000e+03
1.485993799999999965e+02,1.336638599999999997e+02,3.720279999999999632e+01,4.500000000000000000e+01,3.042000000000000000e+03
5.807506000000000057e+01,1.166808599999999956e+02,3.212013999999999925e+01,3.300000000000000000e+01,9.500000000000000000e+02
4.585613999999999635e+01,1.000926000000000116e+01,2.854436000000000107e+01,6.000000000000000000e+00,1.510000000000000000e+02
1.926711999999999989e+02,8.676017999999999120e+01,8.148609999999999332e+01,4.800000000000000000e+01,3.606000000000000000e+03
1.187755999999999830e+02,8.951825999999999794e+01,5.752765999999999025e+01,2.300000000000000000e+01,3.454000000000000000e+03
1.045584999999999951e+02,6.668385999999999569e+01,1.760111999999999810e+01,8.000000000000000000e+00,3.910000000000000000e+02
2.250511000000000195e+02,1.138245200000000068e+02,2.965785999999999589e+01,5.500000000000000000e+01,1.010000000000000000e+02
5.925928000000000395e+01,1.108008999999999844e+02,3.771143999999999608e+01,1.200000000000000000e+01,1.353000000000000000e+03
8.601286000000000342e+01,1.222429199999999980e+02,4.925239999999999441e+01,1.600000000000000000e+01,2.565000000000000000e+03
1.956614999999999895e+02,1.585501600000000053e+02,2.058291999999999788e+01,5.100000000000000000e+01,2.810000000000000000e+02
7.032560000000000855e+01,1.659322400000000073e+02,5.256909999999999883e+01,2.000000000000000000e+01,1.063000000000000000e+03
1.494184400000000039e+02,1.495058199999999999e+02,3.867568000000000694e+01,4.500000000000000000e+01,9.440000000000000000e+02
1.925555999999999699e+02,1.346508800000000008e+02,3.724155999999999977e+01,4.600000000000000000e+01,1.104000000000000000e+03
2.625344000000000122e+01,7.628784000000000276e+01,5.434729999999999706e+01,1.800000000000000000e+01,2.580000000000000000e+02
1.165591399999999993e+02,6.911893999999999494e+01,4.522612000000000165e+01,1.400000000000000000e+01,3.576000000000000000e+03
1.060602799999999917e+02,1.401242000000000019e+02,1.197343999999999831e+01,2.900000000000000000e+01,7.690000000000000000e+02
2.098792799999999659e+02,9.272480000000000189e+01,6.970067999999999131e+01,4.800000000000000000e+01,0.000000000000000000e+00
2.770456000000000074e+01,1.423783999999999992e+02,6.286361999999999739e+01,3.400000000000000000e+01,1.409000000000000000e+03
3.282258000000000209e+01,8.076394000000000517e+01,6.752638000000000318e+01,1.800000000000000000e+01,8.800000000000000000e+02
2.001063199999999824e+02,1.571677200000000028e+02,1.344462000000000046e+01,5.100000000000000000e+01,1.695000000000000000e+03
8.807326000000000477e+01,1.162816999999999865e+02,4.810830000000000695e+01,1.200000000000000000e+01,1.706000000000000000e+03
1.755362200000000144e+02,1.450246199999999988e+02,3.849548000000000059e+01,4.600000000000000000e+01,1.792000000000000000e+03
2.649705000000000155e+02,1.524298200000000065e+02,1.130839999999999890e+01,7.100000000000000000e+01,2.383000000000000000e+03
1.111908799999999786e+02,5.200027999999999651e+01,1.194759999999999955e+01,8.000000000000000000e+00,2.537000000000000000e+03
8.878589999999999804e+01,1.625322400000000016e+02,4.674183999999999628e+01,2.000000000000000000e+01,2.766000000000000000e+03
2.891682999999999879e+02,1.320638199999999927e+02,3.868520000000000181e+01,7.400000000000000000e+01,1.802000000000000000e+03
3.134602800000000116e+02,4.296171999999999969e+01,1.513884000000000007e+01,7.200000000000000000e+01,5.350000000000000000e+02
2.590602799999999775e+02,1.633904000000000067e+01,1.597047999999999845e+01,6.000000000000000000e+01,2.056000000000000000e+03
1.219763599999999997e+02,8.688291999999999859e+01,1.072496000000000116e+01,2.200000000000000000e+01,2.609000000000000000e+03
8.952437999999999363e+01,1.297031999999999918e+01,4.696590000000000487e+01,1.000000000000000000e+00,1.863000000000000000e+03
1.242366799999999927e+02,1.349776200000000017e+02,1.190033999999999814e+01,2.900000000000000000e+01,2.885000000000000000e+03
1.934627199999999903e+02,1.075494799999999884e+02,4.990214000000000283e+01,4.900000000000000000e+01,2.806000000000000000e+03
2.649817199999999957e+02,1.303692599999999970e+02,3.921627999999999759e+01,7.400000000000000000e+01,1.740000000000000000e+03
1.686124599999999987e+02,1.625305400000000020e+02,1.433541999999999739e+01,5.100000000000000000e+01,3.273000000000000000e+03
6.418554000000000315e+01,1.399028600000000040e+02,2.004945999999999984e+01,2.800000000000000000e+01,2.040000000000000000e+02
9.862856000000000734e+01,1.625669200000000103e+02,3.012399999999999878e+01,2.600000000000000000e+01,1.350000000000000000e+03
1.535803800000000194e+02,1.282986599999999839e+02,1.188673999999999964e+01,3.700000000000000000e+01,2.594000000000000000e+03
8.876855999999999369e+01,4.881889999999999930e+01,3.791033999999999793e+01,0.000000000000000000e+00,1.080000000000000000e+02
4.689415999999999229e+01,1.598316199999999867e+02,3.811773999999999774e+01,3.500000000000000000e+01,1.783000000000000000e+03
1.223945600000000127e+02,1.594253199999999993e+02,3.867874000000000478e+01,3.600000000000000000e+01,1.225000000000000000e+03
5.198327999999999349e+01,5.019793999999999556e+01,6.503758000000000550e+01,2.400000000000000000e+01,3.128000000000000000e+03
1.763444000000000074e+02,1.522013400000000161e+02,1.208325999999999922e+01,5.100000000000000000e+01,3.358000000000000000e+03
3.236306999999999903e+02,6.193813999999998998e+01,1.541628000000000043e+01,7.200000000000000000e+01,2.618000000000000000e+03
2.250385199999999770e+02,3.061869999999999692e+01,1.495898000000000039e+01,4.400000000000000000e+01,9.920000000000000000e+02
2.642656799999999748e+02,4.284374000000000393e+01,3.212626000000000204e+01,6.500000000000000000e+01,1.388000000000000000e+03
2.733110399999999913e+02,8.564531999999999812e+01,1.046451999999999849e+01,5.900000000000000000e+01,8.890000000000000000e+02
9.900969999999999516e+01,7.584277999999999054e+01,5.339563999999999311e+01,2.300000000000000000e+01,1.418000000000000000e+03
1.026395400000000109e+02,8.063235999999999137e+01,3.259341999999999473e+01,2.300000000000000000e+01,1.308000000000000000e+03
2.194937999999999931e+02,7.583938000000000557e+01,6.964696000000000708e+01,4.300000000000000000e+01,5.710000000000000000e+02
3.088134999999999764e+02,6.567372000000000298e+01,1.761438000000000059e+01,7.200000000000000000e+01,3.509000000000000000e+03
1.910602800000000059e+02,1.048114600000000110e+02,5.689797999999999689e+01,4.800000000000000000e+01,1.557000000000000000e+03
6.566453999999998814e+01,1.538703999999999894e+01,5.461351999999999407e+01,2.000000000000000000e+00,7.260000000000000000e+02
4.570314000000000476e+01,3.945019999999999527e+01,2.983295999999999992e+01,1.000000000000000000e+01,3.260000000000000000e+02
3.233342200000000162e+02,5.091976000000000369e+01,1.382236000000000153e+01,7.200000000000000000e+01,1.693000000000000000e+03
1.792680599999999913e+02,1.330317999999999934e+01,3.144286000000000314e+01,5.700000000000000000e+01,2.940000000000000000e+02
2.203033400000000199e+02,1.063822599999999881e+02,3.190764000000000067e+01,4.900000000000000000e+01,2.306000000000000000e+03
2.587845399999999927e+02,7.333867999999999654e+01,4.864414000000000016e+01,5.800000000000000000e+01,2.679000000000000000e+03
7.177943999999999392e+01,9.561241999999998598e+01,1.072665999999999897e+01,1.100000000000000000e+01,1.452000000000000000e+03
3.989491999999999905e+01,1.542474599999999896e+02,2.997677999999999443e+01,3.500000000000000000e+01,3.270000000000000000e+02
1.658122199999999964e+02,8.110971999999999582e+01,7.154993999999999232e+01,5.400000000000000000e+01,6.180000000000000000e+02
1.634155599999999993e+02,6.684842000000000439e+01,2.663695999999999842e+01,3.200000000000000000e+01,1.182000000000000000e+03
2.143995800000000145e+02,7.476158000000000925e+01,6.446944000000000585e+01,4.300000000000000000e+01,5.950000000000000000e+02
6.250627999999999673e+01,7.574111999999999512e+01,2.597089999999999677e+01,7.000000000000000000e+00,7.100000000000000000e+02
1.605598999999999990e+02,1.262828000000000017e+01,3.355765999999999849e+01,9.000000000000000000e+00,2.473000000000000000e+03
8.066330000000000666e+01,7.227074000000000353e+01,4.745856000000000563e+01,3.000000000000000000e+00,3.402000000000000000e+03
4.804505999999999233e+01,5.788635999999998916e+01,6.062948000000000093e+01,1.300000000000000000e+01,3.329000000000000000e+03
8.238132000000000232e+01,8.500000000000000000e+00,4.399770000000000181e+01,1.000000000000000000e+00,2.448000000000000000e+03
7.280216000000000065e+01,1.299493599999999844e+02,1.062363999999999997e+01,2.100000000000000000e+01,1.922000000000000000e+03
6.295678000000000196e+01,1.185185600000000079e+02,5.058554000000000173e+01,1.200000000000000000e+01,3.669000000000000000e+03
1.948203399999999874e+02,1.639752000000000010e+01,2.963881999999999906e+01,5.700000000000000000e+01,1.765000000000000000e+03
4.966685999999999268e+01,1.188493799999999965e+02,1.260549999999999748e+01,2.800000000000000000e+01,8.650000000000000000e+02
2.292266400000000033e+02,1.007511799999999909e+02,1.660253999999999763e+01,5.500000000000000000e+01,1.529000000000000000e+03
5.620981999999999346e+01,2.961978000000000222e+01,5.365199999999999392e+01,2.000000000000000000e+00,7.630000000000000000e+02
2.666021600000000262e+02,1.434765999999999906e+02,2.816764000000000223e+01,7.100000000000000000e+01,1.673000000000000000e+03
1.725136200000000031e+02,1.214517400000000009e+02,3.860597999999999530e+01,4.100000000000000000e+01,7.870000000000000000e+02
2.157650200000000211e+02,1.314739199999999926e+02,3.460485999999999507e+01,5.200000000000000000e+01,3.117000000000000000e+03
1.461721200000000067e+02,2.608752000000000137e+01,1.192685999999999957e+01,1.500000000000000000e+01,7.000000000000000000e+01
1.796529400000000010e+02,2.025923999999999836e+01,1.217471999999999888e+01,5.000000000000000000e+01,2.046000000000000000e+03
1.484338000000000193e+02,1.620627000000000066e+02,3.776039999999999708e+01,4.500000000000000000e+01,2.510000000000000000e+02
5.944219999999999970e+01,3.518184000000000111e+01,5.450437999999999761e+01,2.000000000000000000e+00,3.261000000000000000e+03
1.751241399999999828e+02,4.242281999999999442e+01,3.852131999999999579e+01,5.700000000000000000e+01,2.964000000000000000e+03
2.198953400000000045e+02,5.918821999999998695e+01,1.394781999999999833e+01,4.200000000000000000e+01,1.780000000000000000e+03
2.711499999999999773e+02,4.768806000000000012e+01,4.652118000000000109e+01,6.700000000000000000e+01,2.478000000000000000e+03
3.083014600000000200e+02,9.363531999999997879e+01,3.531580000000000297e+01,6.400000000000000000e+01,8.280000000000000000e+02
2.309177999999999997e+02,1.057060000000000031e+02,5.228383999999999787e+01,4.900000000000000000e+01,3.481000000000000000e+03
7.356953999999998928e+01,4.385388000000000375e+01,5.207746000000000208e+01,0.000000000000000000e+00,2.348000000000000000e+03
5.024689999999999657e+01,4.171119999999999806e+01,5.087216000000000093e+01,1.000000000000000000e+01,3.344000000000000000e+03
5.054236000000000217e+01,1.653487999999999829e+02,4.352067999999999870e+01,3.500000000000000000e+01,2.509000000000000000e+03
2.084516199999999913e+02,9.379613999999999407e+01,6.342258000000000351e+01,4.800000000000000000e+01,3.000000000000000000e+00
2.740930399999999736e+02,3.288241999999999621e+01,3.604646000000000328e+01,6.700000000000000000e+01,2.879000000000000000e+03
2.149092400000000112e+02,1.226852599999999995e+02,3.482824000000000098e+01,4.900000000000000000e+01,3.658000000000000000e+03
2.250511000000000195e+02,1.158315400000000039e+02,2.448509999999999565e+01,5.500000000000000000e+01,1.440000000000000000e+02
1.422430799999999920e+02,9.422046000000000276e+01,1.072461999999999982e+01,3.700000000000000000e+01,5.760000000000000000e+02
4.488000000000000256e+01,2.909549999999999770e+01,1.705168000000000106e+01,6.000000000000000000e+00,9.560000000000000000e+02
9.999230000000000018e+01,6.665801999999999339e+01,3.374703999999999837e+01,3.000000000000000000e+00,1.541000000000000000e+03
9.120466000000000406e+01,1.519150600000000111e+02,2.564857999999999905e+01,2.600000000000000000e+01,5.690000000000000000e+02
1.233370400000000160e+02,1.184627999999999872e+02,1.189761999999999986e+01,2.200000000000000000e+01,2.058000000000000000e+03
2.192537599999999998e+02,5.747666000000000253e+01,3.374091999999999558e+01,3.800000000000000000e+01,3.138000000000000000e+03
8.050281999999999982e+01,3.320065999999999917e+01,4.667146000000000328e+01,0.000000000000000000e+00,3.380000000000000000e+02
1.473981600000000185e+02,7.001858000000000004e+01,1.072461999999999982e+01,1.900000000000000000e+01,4.720000000000000000e+02
9.155145999999999162e+01,7.186273999999998807e+01,1.316547999999999874e+01,8.000000000000000000e+00,1.925000000000000000e+03
1.933362400000000036e+02,1.599904000000000082e+01,1.702720000000000056e+01,5.000000000000000000e+01,1.298000000000000000e+03
2.412374800000000050e+02,7.485303999999999292e+01,1.031967999999999996e+01,4.700000000000000000e+01,3.561000000000000000e+03
8.394055999999999074e+01,1.182390800000000013e+02,4.461071999999999349e+01,1.200000000000000000e+01,1.994000000000000000e+03
4.567865999999999360e+01,1.374929400000000044e+02,3.321153999999999940e+01,2.800000000000000000e+01,3.496000000000000000e+03
1.077986999999999824e+02,1.261331999999999987e+01,3.446341999999999928e+01,5.000000000000000000e+00,2.043000000000000000e+03
1.849195399999999836e+02,1.087286000000000001e+02,1.597353999999999985e+01,5.600000000000000000e+01,3.603000000000000000e+03
8.666565999999998837e+01,6.664781999999999584e+01,4.842653999999999570e+01,3.000000000000000000e+00,6.150000000000000000e+02
8.070817999999999870e+01,1.506172799999999938e+02,4.645624000000000109e+01,2.000000000000000000e+01,2.177000000000000000e+03
1.661175399999999911e+02,1.261535999999999902e+01,3.470312000000000552e+01,5.700000000000000000e+01,7.040000000000000000e+02
1.473692600000000255e+02,1.471251400000000160e+02,1.192210000000000036e+01,4.000000000000000000e+01,9.770000000000000000e+02
2.810225800000000049e+02,3.597505999999999915e+01,1.714314000000000249e+01,6.900000000000000000e+01,9.390000000000000000e+02
7.031234000000000606e+01,3.327545999999999538e+01,2.457350000000000279e+01,4.000000000000000000e+00,1.206000000000000000e+03
6.609668000000000632e+01,1.398416599999999903e+02,8.606080000000000396e+00,2.800000000000000000e+01,1.660000000000000000e+02
1.548193399999999826e+02,9.957443999999999562e+01,1.072461999999999982e+01,3.700000000000000000e+01,9.530000000000000000e+02
1.144008199999999960e+02,1.140254599999999812e+02,3.872803999999999292e+01,1.700000000000000000e+01,2.211000000000000000e+03
1.288049200000000098e+02,2.924203999999999937e+01,3.338799999999999812e+01,5.000000000000000000e+00,3.444000000000000000e+03
2.185972199999999930e+02,1.359520599999999888e+02,3.388474000000000075e+01,5.200000000000000000e+01,3.544000000000000000e+03
1.344179800000000000e+02,3.040246000000000137e+01,3.478676000000000101e+01,9.000000000000000000e+00,8.620000000000000000e+02
2.114266199999999856e+02,7.709499999999999886e+01,6.077363999999998612e+01,4.300000000000000000e+01,1.048000000000000000e+03
1.112932199999999909e+02,1.374596200000000010e+02,3.522502000000000066e+01,2.900000000000000000e+01,3.010000000000000000e+03
1.965896999999999935e+02,1.054690200000000004e+02,5.569913999999999987e+01,4.900000000000000000e+01,2.864000000000000000e+03
1.147914799999999929e+02,7.153906000000000631e+01,4.967366000000000525e+01,1.400000000000000000e+01,3.631000000000000000e+03
6.250627999999999673e+01,9.945611999999999853e+01,1.081777999999999906e+01,1.100000000000000000e+01,3.145000000000000000e+03
1.941168799999999806e+02,1.170062400000000054e+02,1.238891999999999882e+01,5.600000000000000000e+01,2.324000000000000000e+03
5.192072000000000287e+01,1.531734000000000151e+02,1.819782000000000011e+01,2.800000000000000000e+01,3.559000000000000000e+03
2.626965799999999831e+02,6.692390000000000327e+01,3.987724000000000046e+01,5.800000000000000000e+01,1.069000000000000000e+03
1.604643599999999992e+02,1.492273600000000044e+02,1.195167999999999964e+01,4.000000000000000000e+01,2.855000000000000000e+03
2.172100199999999859e+02,9.280843999999999028e+01,1.032681999999999967e+01,5.500000000000000000e+01,2.576000000000000000e+03
1.811326199999999744e+02,1.345719999999999850e+01,2.618849999999999767e+01,5.700000000000000000e+01,6.700000000000000000e+01
1.548295400000000086e+02,1.215278999999999883e+02,1.189014000000000060e+01,3.700000000000000000e+01,1.842000000000000000e+03
1.050783600000000035e+02,1.454455399999999941e+02,1.197819999999999929e+01,2.900000000000000000e+01,1.315000000000000000e+03
4.322487999999999175e+01,6.345964000000000027e+01,6.115648000000000195e+01,1.300000000000000000e+01,2.638000000000000000e+03
2.747839199999999664e+02,1.584284399999999948e+02,4.687104000000000070e+01,7.400000000000000000e+01,1.824000000000000000e+03
2.009059999999999846e+01,7.617802000000000362e+01,5.368362000000000478e+01,1.800000000000000000e+01,4.020000000000000000e+02
2.602727199999999925e+02,1.301047399999999641e+02,2.332705999999999946e+01,6.800000000000000000e+01,2.161000000000000000e+03
1.313413199999999961e+02,1.484572599999999909e+02,3.402005999999999375e+01,3.600000000000000000e+01,1.464000000000000000e+03
1.989153000000000304e+02,1.141039999999999992e+02,1.257251999999999725e+01,5.600000000000000000e+01,2.057000000000000000e+03
3.055579999999999927e+02,1.337097599999999886e+02,1.823929999999999652e+01,7.300000000000000000e+01,9.380000000000000000e+02
2.886984199999999987e+02,1.626559999999999917e+01,2.386017999999999972e+01,6.900000000000000000e+01,2.466000000000000000e+03
2.552056999999999505e+02,1.592675600000000031e+02,2.396048000000000400e+01,7.100000000000000000e+01,1.604000000000000000e+03
1.434031599999999855e+02,1.081716799999999949e+02,1.884688000000000230e+01,3.700000000000000000e+01,1.020000000000000000e+02
1.286063599999999667e+02,2.119491999999999621e+01,3.381945999999999941e+01,9.000000000000000000e+00,6.200000000000000000e+02
3.240757600000000025e+02,9.978388000000001057e+01,1.497359999999999935e+01,6.300000000000000000e+01,2.378000000000000000e+03
6.459047999999999945e+01,1.239180999999999955e+02,4.755206000000000444e+01,2.700000000000000000e+01,1.188000000000000000e+03
1.367381400000000156e+02,1.618743400000000179e+02,1.254837999999999987e+01,4.000000000000000000e+01,1.000000000000000000e+01
8.021347999999998990e+01,1.056414000000000009e+01,3.241389999999999816e+01,1.000000000000000000e+00,1.448000000000000000e+03
4.093905999999999779e+01,1.374953199999999924e+02,6.153795999999999822e+01,3.400000000000000000e+01,1.540000000000000000e+02
1.419642800000000022e+02,1.081618200000000058e+02,4.677788000000000324e+01,3.000000000000000000e+01,2.602000000000000000e+03
8.948290000000000077e+01,1.099196199999999806e+02,4.727530000000000143e+01,1.200000000000000000e+01,1.520000000000000000e+03
2.907289000000000101e+02,1.446659199999999998e+02,2.011609999999999943e+01,7.000000000000000000e+01,2.060000000000000000e+03
9.569266000000000361e+01,6.668317999999999302e+01,1.890671999999999642e+01,8.000000000000000000e+00,2.630000000000000000e+02
9.091191999999999496e+01,1.451629999999999932e+01,2.717959999999999710e+01,1.000000000000000000e+00,3.860000000000000000e+02
1.620684799999999939e+02,6.685793999999999926e+01,4.691830000000000211e+01,3.200000000000000000e+01,2.611000000000000000e+03
3.032011200000000031e+02,8.841597999999999047e+01,3.990070000000000050e+01,6.400000000000000000e+01,1.015000000000000000e+03
4.567390000000000327e+01,3.454467999999999961e+01,3.165739999999999910e+01,1.000000000000000000e+01,2.920000000000000000e+02
3.072749999999999773e+02,8.022844000000000619e+01,1.066477999999999859e+01,6.300000000000000000e+01,2.624000000000000000e+03
2.297322200000000123e+02,9.696799999999998931e+01,6.054685999999999524e+01,4.300000000000000000e+01,2.001000000000000000e+03
1.124407199999999847e+02,1.506920799999999758e+02,3.074517999999999773e+01,3.600000000000000000e+01,2.790000000000000000e+02
9.245075999999998828e+01,1.158250799999999998e+02,1.926168000000000191e+01,1.700000000000000000e+01,1.952000000000000000e+03
1.470619000000000085e+02,6.696299999999999386e+01,1.581135999999999697e+01,1.900000000000000000e+01,5.970000000000000000e+02
1.360149600000000021e+02,6.217274000000000456e+01,3.869574000000000069e+01,1.400000000000000000e+01,3.255000000000000000e+03
1.478693999999999953e+01,7.629361999999999000e+01,7.193890000000000384e+01,1.800000000000000000e+01,1.872000000000000000e+03
2.886497999999999564e+01,7.245535999999998467e+01,5.020032000000000494e+01,1.800000000000000000e+01,2.530000000000000000e+02
2.034763999999999839e+02,1.522244599999999934e+02,1.272653999999999996e+01,5.200000000000000000e+01,1.800000000000000000e+03
1.634893399999999986e+02,4.522373999999999228e+01,1.196187999999999896e+01,1.500000000000000000e+01,2.542000000000000000e+03
1.003033999999999963e+02,2.973979999999999890e+01,1.201356000000000002e+01,5.000000000000000000e+00,8.940000000000000000e+02
4.878558000000000305e+01,9.294783999999999935e+01,6.568255999999999517e+01,3.900000000000000000e+01,1.932000000000000000e+03
2.029949599999999919e+02,7.408259999999999934e+01,6.259808000000000305e+01,4.800000000000000000e+01,3.085000000000000000e+03
3.052815800000000195e+02,5.358570000000000277e+01,1.832701999999999742e+01,7.200000000000000000e+01,1.779000000000000000e+03
2.580253199999999651e+02,7.517705999999999733e+01,1.985634000000000299e+01,4.700000000000000000e+01,1.665000000000000000e+03
2.200085599999999886e+02,5.161914000000000868e+01,3.354507999999999868e+01,3.800000000000000000e+01,3.199000000000000000e+03
2.820973200000000247e+02,4.598839999999999861e+01,4.485517999999999716e+01,6.700000000000000000e+01,2.397000000000000000e+03
5.105848000000000297e+01,1.426905199999999923e+02,5.841539999999999111e+01,2.700000000000000000e+01,2.774000000000000000e+03
2.922626400000000331e+02,2.176135999999999981e+01,2.510050000000000026e+01,6.900000000000000000e+01,2.400000000000000000e+03
5.520817999999999870e+01,1.476980400000000202e+02,1.604017999999999944e+01,2.800000000000000000e+01,1.987000000000000000e+03
2.604903199999999970e+02,2.179842000000000013e+01,2.263583999999999818e+01,6.500000000000000000e+01,7.020000000000000000e+02
1.975151799999999866e+02,9.234332000000000562e+01,2.648395999999999972e+01,5.600000000000000000e+01,2.719000000000000000e+03
2.661244599999999991e+02,4.768806000000000012e+01,4.423774000000000228e+01,6.500000000000000000e+01,2.889000000000000000e+03
1.480373599999999783e+02,9.312838000000000704e+01,6.613679999999999382e+01,6.100000000000000000e+01,9.500000000000000000e+01
2.027858599999999853e+02,1.460068799999999953e+02,3.634667999999999921e+01,4.600000000000000000e+01,3.100000000000000000e+03
4.599588000000000676e+01,1.222446200000000118e+02,2.799865999999999744e+01,3.300000000000000000e+01,4.880000000000000000e+02
1.125818199999999933e+02,1.010874400000000151e+02,3.935907999999999873e+01,2.300000000000000000e+01,1.031000000000000000e+03
1.295824999999999818e+02,1.276574200000000019e+02,3.358145999999999276e+01,2.900000000000000000e+01,1.709000000000000000e+03
2.770095599999999649e+02,9.679528000000000532e+01,4.928470000000000084e+01,6.400000000000000000e+01,2.715000000000000000e+03
1.712777200000000164e+02,1.624163000000000068e+02,3.775869999999999749e+01,5.100000000000000000e+01,2.242000000000000000e+03
1.086806600000000032e+02,9.480934000000000594e+01,3.982182000000000244e+01,2.300000000000000000e+01,2.015000000000000000e+03
1.645402799999999957e+02,9.959959999999998104e+01,6.818019999999999925e+01,5.400000000000000000e+01,1.579000000000000000e+03
8.934485999999999706e+01,1.272446599999999961e+02,4.735519999999999641e+01,1.600000000000000000e+01,2.290000000000000000e+03
2.430965999999999667e+02,7.000633999999999446e+01,4.156839999999999691e+01,5.800000000000000000e+01,1.164000000000000000e+03
8.644431999999999050e+01,6.163418000000000063e+01,4.113795999999999964e+01,3.000000000000000000e+00,2.355000000000000000e+03
9.638864000000000942e+01,7.129459999999998843e+01,1.522247999999999912e+01,8.000000000000000000e+00,1.735000000000000000e+03
3.140382799999999861e+02,6.539661999999998443e+01,1.496782000000000146e+01,7.200000000000000000e+01,3.129000000000000000e+03
2.036926399999999830e+02,1.308207800000000134e+02,1.274557999999999858e+01,5.200000000000000000e+01,3.045000000000000000e+03
4.592277999999999594e+01,1.159036200000000036e+02,6.084367999999999199e+01,3.900000000000000000e+01,1.422000000000000000e+03
2.805887399999999730e+02,9.954995999999999867e+01,4.615602000000000515e+01,6.400000000000000000e+01,2.878000000000000000e+03
3.055348799999999869e+02,1.439060199999999838e+02,1.815497999999999834e+01,7.300000000000000000e+01,3.780000000000000000e+02
9.184998000000000218e+01,4.864583999999999975e+01,4.575482000000000227e+01,0.000000000000000000e+00,1.131000000000000000e+03
1.458225999999999942e+02,9.038185999999998899e+01,1.072461999999999982e+01,1.900000000000000000e+01,2.987000000000000000e+03
5.922527999999999793e+01,1.532651999999999859e+01,1.568113999999999919e+01,6.000000000000000000e+00,1.907000000000000000e+03
9.140967999999999449e+01,4.626379999999999626e+01,2.460477999999999810e+01,0.000000000000000000e+00,2.705000000000000000e+03
4.992933999999999628e+01,1.256724999999999852e+02,1.244638000000000133e+01,2.800000000000000000e+01,7.460000000000000000e+02
9.335584000000000060e+01,1.625614799999999889e+02,3.431347999999999843e+01,2.600000000000000000e+01,8.580000000000000000e+02
2.601200600000000236e+02,3.982216000000000378e+01,1.491035999999999895e+01,6.000000000000000000e+01,3.483000000000000000e+03
2.604600599999999986e+02,1.443735200000000134e+02,2.601068000000000069e+01,7.100000000000000000e+01,5.040000000000000000e+02
2.267861200000000110e+02,9.639442000000001087e+01,1.408483999999999980e+01,5.500000000000000000e+01,1.722000000000000000e+03
2.554736199999999542e+02,2.355655999999999750e+01,3.309900000000000375e+01,6.500000000000000000e+01,2.094000000000000000e+03
1.499294599999999775e+02,7.028479999999998995e+01,5.703126000000000317e+01,6.100000000000000000e+01,1.234000000000000000e+03
2.044855199999999797e+02,1.086925600000000003e+02,2.555235999999999663e+01,5.600000000000000000e+01,3.640000000000000000e+02
1.853346799999999917e+02,1.512048000000000059e+02,1.227332000000000001e+01,5.100000000000000000e+01,1.322000000000000000e+03
2.665038999999999874e+02,1.077415799999999848e+02,3.104472000000000165e+01,6.600000000000000000e+01,1.657000000000000000e+03
2.162638000000000034e+02,8.441451999999999600e+01,1.287511999999999901e+01,4.200000000000000000e+01,3.000000000000000000e+03
2.138803999999999803e+02,7.006651999999999703e+01,4.187066000000000088e+01,3.800000000000000000e+01,1.030000000000000000e+02
5.983353999999999218e+01,9.435068000000001120e+01,5.302707999999999799e+01,7.000000000000000000e+00,3.532000000000000000e+03
6.440484000000000719e+01,1.243947799999999972e+02,1.436398000000000152e+01,2.100000000000000000e+01,3.031000000000000000e+03
1.580387999999999806e+02,6.736929999999999552e+01,1.072461999999999982e+01,1.900000000000000000e+01,1.486000000000000000e+03
1.088530399999999929e+02,6.983090000000001396e+01,2.323390000000000200e+01,8.000000000000000000e+00,3.274000000000000000e+03
2.751970199999999522e+02,8.232657999999999276e+01,5.204244000000000625e+01,5.800000000000000000e+01,3.120000000000000000e+03
5.290331999999999368e+01,1.415678399999999897e+02,6.779157999999999618e+01,2.700000000000000000e+01,3.674000000000000000e+03
1.291116000000000099e+02,1.077086000000000041e+02,1.968430000000000035e+01,2.200000000000000000e+01,4.590000000000000000e+02
3.102194000000000074e+02,1.382633800000000122e+02,1.747973999999999961e+01,7.300000000000000000e+01,7.560000000000000000e+02
5.127199999999999136e+01,1.095561599999999913e+02,6.038637999999999550e+01,3.900000000000000000e+01,1.755000000000000000e+03
2.250511000000000195e+02,1.326894200000000126e+02,2.167058000000000106e+01,5.200000000000000000e+01,2.258000000000000000e+03
2.809066400000000385e+02,7.027187999999999590e+01,1.594974000000000203e+01,5.300000000000000000e+01,5.380000000000000000e+02
8.817152000000000100e+01,2.091407999999999845e+01,4.804948000000000263e+01,0.000000000000000000e+00,2.189000000000000000e+03
3.315000000000000000e+02,8.738441999999999155e+01,1.077765999999999913e+01,6.300000000000000000e+01,2.365000000000000000e+03
3.184334599999999682e+02,9.249020000000000152e+01,2.688278000000000034e+01,6.300000000000000000e+01,1.027000000000000000e+03
2.903613599999999906e+02,1.466617200000000025e+02,3.666763999999999868e+01,7.400000000000000000e+01,1.563000000000000000e+03
2.280417400000000043e+02,9.452646000000001436e+01,7.127861999999998943e+01,4.300000000000000000e+01,2.038000000000000000e+03
9.640631999999999380e+01,1.088581399999999917e+02,3.501353999999999900e+01,1.700000000000000000e+01,4.830000000000000000e+02
1.239945999999999948e+01,6.822303999999999746e+01,5.483927999999998804e+01,1.800000000000000000e+01,1.270000000000000000e+03
1.443051800000000071e+02,7.069415999999999656e+01,5.764802000000000248e+01,6.100000000000000000e+01,9.640000000000000000e+02
1.417177800000000047e+02,6.643599999999999284e+01,1.869183999999999912e+01,1.900000000000000000e+01,7.520000000000000000e+02
2.787881000000000427e+02,1.433902400000000057e+02,3.378444000000000358e+01,7.400000000000000000e+01,2.028000000000000000e+03
1.399334599999999966e+02,1.414015799999999956e+02,3.585775999999999897e+01,4.500000000000000000e+01,3.391000000000000000e+03
5.072086000000000183e+01,1.590241199999999822e+02,4.226165999999999912e+01,3.500000000000000000e+01,2.165000000000000000e+03
1.730858399999999904e+02,1.624302399999999977e+02,1.749878000000000000e+01,5.100000000000000000e+01,3.082000000000000000e+03
2.705570400000000291e+02,1.482488400000000013e+02,1.507457999999999920e+01,6.800000000000000000e+01,3.676000000000000000e+03
1.683312799999999925e+02,1.083460999999999927e+02,2.796839999999999549e+01,4.100000000000000000e+01,3.006000000000000000e+03
2.083982400000000155e+02,3.047589999999999932e+01,1.301145999999999958e+01,4.400000000000000000e+01,1.946000000000000000e+03
1.025684800000000081e+02,1.294787999999999961e+01,4.034201999999999799e+01,5.000000000000000000e+00,3.260000000000000000e+03
2.957432200000000080e+02,7.248935999999999069e+01,1.645599999999999952e+01,5.900000000000000000e+01,2.941000000000000000e+03
8.555454000000000292e+01,8.500000000000000000e+00,2.920089999999999719e+01,1.000000000000000000e+00,1.866000000000000000e+03
9.259560000000000457e+01,1.034232400000000069e+02,3.516382000000000119e+01,1.700000000000000000e+01,6.930000000000000000e+02
8.473275999999999897e+01,1.299989999999999846e+01,4.983957999999999799e+01,1.000000000000000000e+00,2.088000000000000000e+03
1.407974000000000103e+01,3.669551999999999481e+01,7.041195999999999344e+01,2.400000000000000000e+01,1.382000000000000000e+03
1.522407800000000009e+02,1.493150799999999947e+02,1.191733999999999938e+01,4.000000000000000000e+01,1.751000000000000000e+03
6.604635999999999285e+01,1.003074799999999982e+02,2.916893999999999920e+01,7.000000000000000000e+00,2.341000000000000000e+03
4.070344000000000051e+01,1.116950999999999965e+02,3.843632000000000204e+01,3.300000000000000000e+01,2.261000000000000000e+03
1.840617200000000082e+02,7.388302000000000191e+01,1.072461999999999982e+01,2.500000000000000000e+01,2.194000000000000000e+03
1.179021400000000028e+02,1.058498199999999940e+02,4.751975999999999800e+01,2.300000000000000000e+01,4.900000000000000000e+02
2.914881200000000376e+02,1.604422600000000045e+02,3.395240000000000435e+01,7.000000000000000000e+01,3.276000000000000000e+03
2.871612799999999766e+02,4.482526000000000010e+01,3.180325999999999809e+01,6.700000000000000000e+01,3.238000000000000000e+03
1.975712800000000300e+02,9.139234000000000435e+01,5.253170000000000073e+01,4.800000000000000000e+01,2.282000000000000000e+03
1.940903600000000040e+02,1.278274199999999894e+02,3.710725999999999658e+01,4.600000000000000000e+01,2.614000000000000000e+03
1.776058000000000092e+01,5.330825999999999709e+01,6.973807999999999652e+01,2.400000000000000000e+01,1.870000000000000000e+02
1.941780799999999942e+02,6.122108000000000061e+01,1.239266000000000112e+01,3.100000000000000000e+01,4.960000000000000000e+02
7.580436000000000263e+01,1.659322400000000073e+02,1.309713999999999956e+01,2.600000000000000000e+01,3.211000000000000000e+03
2.919800999999999931e+02,4.444003999999999621e+01,2.395776000000000039e+01,6.900000000000000000e+01,4.140000000000000000e+02
6.946675999999999362e+01,5.314573999999999643e+01,1.541661999999999999e+01,4.000000000000000000e+00,2.050000000000000000e+03
2.178434399999999584e+02,1.045486400000000060e+02,4.602579999999999671e+01,4.900000000000000000e+01,3.240000000000000000e+02
6.737134000000000356e+01,2.985641999999999996e+01,2.842603999999999687e+01,4.000000000000000000e+00,2.200000000000000000e+03
1.834119799999999998e+02,9.809271999999999991e+01,7.437976000000000454e+01,5.400000000000000000e+01,3.077000000000000000e+03
3.143932399999999916e+02,9.178368000000001814e+01,1.060936000000000057e+01,6.300000000000000000e+01,5.030000000000000000e+02
2.642660200000000259e+02,1.578106599999999844e+02,1.170654000000000039e+01,7.100000000000000000e+01,3.312000000000000000e+03
4.584832000000000107e+01,4.774687999999999732e+01,1.604119999999999990e+01,1.000000000000000000e+01,1.143000000000000000e+03
1.031879599999999897e+02,9.983657999999998367e+01,4.945027999999999224e+01,2.300000000000000000e+01,6.800000000000000000e+01
6.707044000000000494e+01,7.474254000000000531e+01,3.359131999999999607e+01,7.000000000000000000e+00,3.020000000000000000e+02
1.212868399999999838e+02,1.792241999999999891e+01,3.866445999999999827e+01,5.000000000000000000e+00,2.379000000000000000e+03
1.203188600000000008e+02,6.977479999999999905e+01,4.919799999999999329e+01,1.400000000000000000e+01,3.288000000000000000e+03
2.149483400000000017e+02,5.392195999999999856e+01,3.482008000000000436e+01,3.800000000000000000e+01,3.011000000000000000e+03
1.853268599999999822e+02,2.372282000000000224e+01,3.800417999999999807e+01,5.700000000000000000e+01,7.530000000000000000e+02
2.703516799999999876e+02,8.440941999999999723e+01,5.674056000000000211e+01,5.800000000000000000e+01,3.701000000000000000e+03
1.318822600000000023e+02,1.954082000000000008e+01,3.867329999999999757e+01,9.000000000000000000e+00,3.820000000000000000e+02
2.720397799999999506e+02,3.121505999999999759e+01,3.069791999999999277e+01,6.500000000000000000e+01,3.605000000000000000e+03
8.806747999999998910e+01,8.599891999999999825e+01,4.859381999999999380e+01,2.300000000000000000e+01,8.330000000000000000e+02
2.150588400000000036e+02,7.949675999999999476e+01,7.226529999999999632e+01,4.300000000000000000e+01,1.590000000000000000e+03
2.709327400000000239e+02,1.314776599999999860e+02,3.843972000000000122e+01,7.400000000000000000e+01,5.170000000000000000e+02
2.565718200000000024e+02,1.529731400000000008e+02,3.615015999999999963e+01,7.100000000000000000e+01,2.254000000000000000e+03
2.102950999999999908e+02,1.053993200000000030e+02,5.260990000000000322e+01,4.900000000000000000e+01,5.230000000000000000e+02
2.020109999999999673e+02,1.832191999999999865e+01,3.214835999999999672e+01,4.400000000000000000e+01,2.517000000000000000e+03
1.569933000000000050e+02,9.390358000000000516e+01,1.072461999999999982e+01,3.700000000000000000e+01,1.251000000000000000e+03
1.842323999999999842e+02,1.050096800000000030e+02,5.636723999999998824e+01,4.100000000000000000e+01,3.193000000000000000e+03
2.084927600000000041e+02,1.041474399999999889e+02,4.765474000000000387e+01,4.900000000000000000e+01,3.300000000000000000e+02
1.163680599999999856e+02,6.087801999999999936e+01,3.389833999999999747e+01,1.400000000000000000e+01,5.090000000000000000e+02
1.878323200000000099e+02,9.967915999999999599e+01,7.139285999999999888e+01,4.800000000000000000e+01,2.470000000000000000e+03
2.930164200000000392e+02,7.225815999999998951e+01,3.616308000000000078e+01,6.400000000000000000e+01,2.772000000000000000e+03
2.092077799999999854e+02,1.540257799999999975e+02,1.356872000000000078e+01,5.200000000000000000e+01,1.777000000000000000e+03
4.907900000000000063e+01,1.561739000000000033e+02,5.015238000000000085e+01,3.500000000000000000e+01,2.210000000000000000e+03
1.477742000000000111e+01,7.554051999999998657e+01,5.202679999999999438e+01,1.800000000000000000e+01,5.290000000000000000e+02
2.695944999999999823e+02,1.186055999999999955e+02,2.528920000000000101e+01,6.600000000000000000e+01,1.257000000000000000e+03
2.559774999999999636e+02,1.913281999999999883e+01,2.123742000000000019e+01,6.500000000000000000e+01,1.621000000000000000e+03
1.898723200000000304e+02,5.772247999999999735e+01,1.232329999999999970e+01,2.500000000000000000e+01,2.284000000000000000e+03
1.459113399999999956e+02,6.120781999999999101e+01,1.191019999999999790e+01,1.900000000000000000e+01,3.474000000000000000e+03
4.761019999999999186e+01,1.352608400000000017e+02,4.888723999999999847e+01,2.700000000000000000e+01,1.964000000000000000e+03
3.243066199999999526e+02,2.733531999999999940e+01,1.718291999999999931e+01,7.200000000000000000e+01,9.930000000000000000e+02
2.535342599999999891e+02,1.086918800000000118e+02,1.869931999999999661e+01,6.600000000000000000e+01,1.420000000000000000e+03
2.172093399999999690e+02,6.656417999999999324e+01,4.507516000000000389e+01,3.800000000000000000e+01,3.370000000000000000e+02
2.771091799999999807e+02,6.299282000000000181e+01,3.280931999999999960e+01,5.300000000000000000e+01,2.081000000000000000e+03
8.436726000000000170e+01,3.578500000000000369e+01,4.401673999999999864e+01,0.000000000000000000e+00,3.250000000000000000e+02
3.167062599999999861e+02,1.036962600000000094e+02,1.687045999999999779e+01,6.300000000000000000e+01,5.450000000000000000e+02
6.250627999999999673e+01,8.672719999999998208e+01,3.446750000000000114e+01,7.000000000000000000e+00,1.141000000000000000e+03
2.040408000000000044e+01,1.118606799999999879e+02,6.848109999999999786e+01,3.400000000000000000e+01,3.114000000000000000e+03
6.987883999999999673e+01,1.432501599999999939e+02,4.132427999999999457e+01,2.000000000000000000e+01,2.160000000000000000e+02
1.528571999999999775e+02,1.054989399999999904e+02,1.072461999999999982e+01,3.700000000000000000e+01,8.050000000000000000e+02
3.242053000000000225e+02,6.901659999999999684e+01,1.447617999999999938e+01,6.300000000000000000e+01,3.546000000000000000e+03
1.114414599999999922e+02,1.275645999999999880e+01,2.306322000000000116e+01,5.000000000000000000e+00,1.379000000000000000e+03
7.528042000000000655e+01,4.104207999999999856e+01,2.120103999999999900e+01,4.000000000000000000e+00,2.297000000000000000e+03
1.094888399999999820e+02,6.666481999999999175e+01,2.773448000000000491e+01,8.000000000000000000e+00,3.372000000000000000e+03
9.053349999999998943e+01,1.976623999999999981e+01,2.909652000000000172e+01,1.000000000000000000e+00,1.520000000000000000e+02
2.250511000000000195e+02,6.108576000000000050e+01,2.641629999999999967e+01,3.800000000000000000e+01,3.633000000000000000e+03
1.731613199999999892e+02,8.479157999999999618e+01,7.483671999999999969e+01,5.400000000000000000e+01,1.355000000000000000e+03
8.504827999999999122e+01,1.659322400000000073e+02,3.436005999999999716e+01,2.600000000000000000e+01,1.187000000000000000e+03
1.308755199999999945e+02,6.641866000000000270e+01,2.842909999999999826e+01,1.400000000000000000e+01,1.430000000000000000e+03
2.767589799999999514e+02,7.030996000000000379e+01,4.243709999999999383e+01,5.300000000000000000e+01,2.203000000000000000e+03
1.129887999999999870e+01,4.118964000000000425e+01,7.238702000000000680e+01,2.400000000000000000e+01,1.544000000000000000e+03
1.127929599999999937e+02,1.331518200000000149e+02,3.074143999999999721e+01,2.900000000000000000e+01,2.716000000000000000e+03
1.557539999999999907e+02,3.391601999999999606e+01,1.190747999999999962e+01,1.500000000000000000e+01,3.160000000000000000e+02
3.234790599999999472e+02,1.353910599999999818e+02,1.550875999999999877e+01,7.300000000000000000e+01,1.068000000000000000e+03
2.755458599999999478e+02,3.352297999999999689e+01,2.504269999999999996e+01,6.000000000000000000e+01,3.550000000000000000e+03
4.700092000000000070e+01,5.563590000000000657e+01,3.834758000000000067e+01,1.000000000000000000e+01,2.444000000000000000e+03
2.297155600000000106e+02,7.060644000000000631e+01,4.448219999999999885e+01,3.800000000000000000e+01,1.554000000000000000e+03
3.167528399999999920e+02,8.646947999999999013e+01,1.686502000000000123e+01,6.300000000000000000e+01,1.686000000000000000e+03
1.088323000000000036e+02,1.625689600000000041e+02,1.812437999999999860e+01,3.600000000000000000e+01,2.556000000000000000e+03
2.091057800000000100e+02,1.414362600000000043e+02,3.559664000000000073e+01,5.200000000000000000e+01,1.910000000000000000e+02
8.788081999999999994e+01,7.991428000000000509e+01,4.710291999999999746e+01,3.000000000000000000e+00,3.415000000000000000e+03
1.222772599999999841e+02,1.830899999999999750e+01,3.285555999999999699e+01,5.000000000000000000e+00,2.781000000000000000e+03
6.231656000000000262e+01,1.562116399999999885e+02,4.877061999999999387e+01,2.000000000000000000e+01,8.170000000000000000e+02
1.988605599999999924e+02,1.814648000000000039e+01,3.644800000000000040e+01,5.700000000000000000e+01,1.832000000000000000e+03
9.084153999999999485e+01,1.573608399999999961e+02,2.751415999999999684e+01,2.600000000000000000e+01,2.380000000000000000e+02
3.043346799999999917e+02,7.511415999999999826e+01,2.459967999999999932e+01,6.300000000000000000e+01,3.628000000000000000e+03
2.258640399999999886e+02,7.656153999999999371e+01,6.844029999999999347e+01,4.300000000000000000e+01,1.305000000000000000e+03
8.598872000000000071e+01,1.216536999999999864e+02,3.385822000000000287e+01,1.600000000000000000e+01,1.390000000000000000e+02
3.240421000000000049e+02,4.527270000000000039e+01,1.504602000000000039e+01,7.200000000000000000e+01,1.370000000000000000e+03
2.832502599999999688e+02,8.096114000000000033e+01,4.724231999999999232e+01,6.400000000000000000e+01,2.673000000000000000e+03
1.386360199999999736e+02,7.256891999999999143e+01,5.851366000000000156e+01,6.100000000000000000e+01,1.488000000000000000e+03
1.552038799999999981e+02,1.082542999999999864e+02,1.536697999999999986e+01,3.700000000000000000e+01,5.440000000000000000e+02
2.940333600000000160e+02,1.029788599999999974e+02,2.110039999999999694e+01,5.900000000000000000e+01,3.487000000000000000e+03
6.323897999999999087e+01,1.659322400000000073e+02,4.960838000000000392e+01,2.000000000000000000e+01,1.279000000000000000e+03
8.104851999999999634e+01,1.256575399999999973e+02,1.711797999999999931e+01,2.100000000000000000e+01,1.739000000000000000e+03
9.220187999999998851e+01,1.359731400000000008e+02,2.053158000000000172e+01,2.100000000000000000e+01,1.815000000000000000e+03
1.056934200000000033e+02,9.327866000000000213e+01,5.312806000000000495e+01,2.300000000000000000e+01,5.810000000000000000e+02
2.045001399999999876e+02,1.385241599999999949e+02,1.278875999999999991e+01,5.200000000000000000e+01,2.209000000000000000e+03
2.229209999999999923e+02,1.452993399999999724e+02,1.433983999999999881e+01,5.200000000000000000e+01,1.173000000000000000e+03
7.316154000000000224e+01,7.423084000000000060e+01,5.690511999999999659e+01,1.300000000000000000e+01,2.457000000000000000e+03
2.748821800000000053e+02,3.469971999999999923e+01,9.239500000000001378e+00,6.000000000000000000e+01,4.430000000000000000e+02
2.165109799999999893e+02,9.874041999999998609e+01,1.522179999999999822e+01,5.500000000000000000e+01,2.486000000000000000e+03
4.258261999999999858e+01,4.699208000000000141e+01,2.070225999999999900e+01,1.000000000000000000e+01,9.890000000000000000e+02
2.779782199999999648e+02,3.354032000000000124e+01,2.979012000000000171e+01,6.700000000000000000e+01,2.024000000000000000e+03
1.009514400000000052e+02,1.273775999999999797e+01,1.323109999999999964e+01,5.000000000000000000e+00,3.560000000000000000e+02
1.334261999999999944e+02,7.281915999999999656e+01,5.730121999999998650e+01,6.100000000000000000e+01,1.648000000000000000e+03
1.257530800000000113e+02,1.376170400000000029e+02,3.259987999999999175e+01,2.900000000000000000e+01,1.926000000000000000e+03
8.565518000000000143e+01,5.591299999999999670e+01,2.803741999999999734e+01,3.000000000000000000e+00,2.866000000000000000e+03
4.754729999999999990e+01,2.484821999999999775e+01,4.882433999999999941e+01,2.000000000000000000e+00,2.370000000000000000e+03
1.975383000000000209e+02,6.661007999999999640e+01,1.491273999999999944e+01,3.100000000000000000e+01,6.260000000000000000e+02
2.329346799999999860e+02,8.415985999999999478e+01,5.256399999999999295e+01,4.300000000000000000e+01,2.880000000000000000e+02
1.624577799999999854e+02,1.258033999999999963e+01,2.015009999999999835e+01,9.000000000000000000e+00,3.025000000000000000e+03
1.422621199999999817e+02,8.207395999999998537e+01,1.072461999999999982e+01,1.900000000000000000e+01,1.598000000000000000e+03
6.958167999999999154e+01,5.591299999999999670e+01,5.205977999999999639e+01,1.300000000000000000e+01,2.695000000000000000e+03
1.190829599999999999e+02,1.097027000000000072e+02,3.869199999999999307e+01,3.000000000000000000e+01,2.500000000000000000e+01
2.068243800000000192e+02,3.570577999999999719e+01,1.292305999999999955e+01,4.400000000000000000e+01,2.077000000000000000e+03
9.833446000000000708e+01,9.767315999999998155e+01,4.925273999999999575e+01,2.300000000000000000e+01,1.630000000000000000e+02
3.164118199999999774e+02,7.411557999999999424e+01,1.436262000000000150e+01,6.300000000000000000e+01,3.137000000000000000e+03
1.915903399999999976e+02,1.087986400000000060e+02,2.009943999999999775e+01,5.600000000000000000e+01,8.110000000000000000e+02
2.909567000000000121e+02,1.292479399999999998e+02,3.453753999999999991e+01,7.400000000000000000e+01,2.328000000000000000e+03
1.880505999999999744e+02,2.331754000000000104e+01,1.229303999999999952e+01,5.000000000000000000e+01,3.410000000000000000e+02
1.508260399999999777e+02,6.693648000000000309e+01,4.566199999999999903e+01,3.200000000000000000e+01,1.531000000000000000e+03
1.517215999999999951e+02,1.160256799999999942e+02,3.869369999999999976e+01,3.000000000000000000e+01,1.908000000000000000e+03
4.502517999999999887e+01,1.650795200000000023e+02,4.623931999999999931e+01,3.500000000000000000e+01,2.257000000000000000e+03
3.244483999999999924e+01,9.596091999999998734e+01,6.388396000000000186e+01,3.900000000000000000e+01,3.461000000000000000e+03
1.540866399999999885e+02,1.622225000000000250e+02,3.667477999999999838e+01,4.500000000000000000e+01,4.740000000000000000e+02
2.516441999999999624e+01,4.244288000000000238e+01,6.652270000000000039e+01,2.400000000000000000e+01,6.650000000000000000e+02
8.602169999999999561e+01,1.575804799999999943e+02,3.132147999999999755e+01,2.600000000000000000e+01,5.600000000000000000e+01
1.148859999999999992e+01,1.316537799999999834e+02,7.232582000000000733e+01,3.400000000000000000e+01,3.256000000000000000e+03
2.585597999999999956e+02,1.444194200000000023e+02,3.951411999999999836e+01,7.100000000000000000e+01,2.130000000000000000e+03
7.612973999999999819e+01,7.473948000000000036e+01,3.897726000000000113e+01,3.000000000000000000e+00,2.490000000000000000e+03
3.124538800000000265e+02,7.624500000000000455e+01,1.729375999999999891e+01,6.300000000000000000e+01,3.313000000000000000e+03
2.617262200000000121e+02,1.296182000000000016e+02,1.335111999999999810e+01,6.800000000000000000e+01,3.230000000000000000e+03
1.707952599999999848e+02,9.369277999999999906e+01,7.333834000000000231e+01,5.400000000000000000e+01,1.835000000000000000e+03
8.862881999999999039e+01,1.200080999999999847e+02,3.810583999999999349e+01,1.200000000000000000e+01,2.711000000000000000e+03
1.422549799999999891e+02,1.282547999999999888e+01,2.869974000000000203e+01,9.000000000000000000e+00,2.278000000000000000e+03
7.991768000000000427e+01,1.593811200000000099e+02,2.813772000000000162e+01,2.600000000000000000e+01,4.420000000000000000e+02
9.358295999999999992e+01,9.699791999999999348e+01,3.640652000000000044e+01,1.700000000000000000e+01,9.700000000000000000e+02
1.142325199999999938e+02,1.162412400000000048e+02,1.190136000000000038e+01,2.200000000000000000e+01,3.513000000000000000e+03
3.993265999999999849e+01,1.514920999999999935e+02,3.441684000000000054e+01,3.500000000000000000e+01,6.080000000000000000e+02
7.546707999999999572e+01,5.508408000000000015e+01,1.218424000000000085e+01,4.000000000000000000e+00,3.520000000000000000e+02
2.017349200000000167e+02,6.656383999999999901e+01,4.436421999999999599e+01,3.100000000000000000e+01,2.590000000000000000e+03
2.922718199999999911e+02,1.544130399999999952e+02,2.514436000000000249e+01,7.000000000000000000e+01,2.636000000000000000e+03
2.431095199999999750e+02,7.438690000000001135e+01,5.497221999999999298e+01,5.800000000000000000e+01,3.336000000000000000e+03
2.554178599999999904e+02,4.768806000000000012e+01,2.729179999999999495e+01,6.500000000000000000e+01,2.921000000000000000e+03
6.006779999999999120e+01,1.399385599999999954e+02,2.785755999999999943e+01,2.800000000000000000e+01,1.996000000000000000e+03
1.943786800000000028e+02,1.032382800000000174e+02,6.174569999999999226e+01,4.800000000000000000e+01,1.337000000000000000e+03
9.933541999999999916e+01,1.133964600000000047e+02,3.705592000000000041e+01,1.700000000000000000e+01,2.250000000000000000e+02
1.057644800000000060e+02,1.255249400000000009e+02,3.965861999999999910e+01,1.700000000000000000e+01,6.320000000000000000e+02
2.096212199999999939e+02,7.196304000000000656e+01,5.432486000000000104e+01,3.800000000000000000e+01,6.340000000000000000e+02
2.055959599999999625e+02,1.060136999999999858e+02,1.032681999999999967e+01,5.600000000000000000e+01,9.180000000000000000e+02
2.304737599999999986e+02,1.042725599999999986e+02,4.714609999999999701e+01,4.900000000000000000e+01,3.221000000000000000e+03
9.872817999999999472e+01,1.084820999999999884e+02,2.521916000000000224e+01,1.700000000000000000e+01,1.489000000000000000e+03
6.982104000000001065e+01,1.384143399999999815e+02,1.555771999999999977e+01,2.100000000000000000e+01,3.240000000000000000e+03
8.551917999999999154e+01,7.478878000000000270e+01,4.854316000000000741e+01,3.000000000000000000e+00,3.345000000000000000e+03
2.810783400000000256e+02,1.448977999999999895e+02,2.106810000000000116e+01,7.000000000000000000e+01,6.400000000000000000e+02
4.544780000000000086e+01,1.659322400000000073e+02,3.262606000000000250e+01,3.500000000000000000e+01,2.072000000000000000e+03
1.523179599999999994e+02,1.285845999999999911e+01,1.651414000000000115e+01,9.000000000000000000e+00,2.291000000000000000e+03
6.250627999999999673e+01,9.856055999999999528e+01,1.797001999999999811e+01,1.100000000000000000e+01,1.100000000000000000e+03
8.261014000000000124e+01,1.646857999999999933e+01,4.645352000000000459e+01,1.000000000000000000e+00,2.802000000000000000e+03
1.619008599999999944e+02,1.083012200000000007e+02,1.851402000000000214e+01,3.700000000000000000e+01,3.380000000000000000e+03
4.041749999999999687e+01,1.385636000000000081e+02,3.659114000000000289e+01,3.300000000000000000e+01,2.387000000000000000e+03
4.607611999999999597e+01,2.891733999999999938e+01,2.720408000000000115e+01,6.000000000000000000e+00,1.603000000000000000e+03
9.524624000000000024e+01,1.619970800000000111e+02,1.267723999999999940e+01,2.600000000000000000e+01,1.405000000000000000e+03
8.427987999999999147e+01,3.426894000000000062e+01,5.020915999999999713e+01,0.000000000000000000e+00,4.370000000000000000e+02
8.501359999999999673e+01,3.067412000000000205e+01,3.833942000000000405e+01,0.000000000000000000e+00,8.550000000000000000e+02
2.672172199999999975e+02,3.346415999999999968e+01,2.065398000000000067e+01,6.000000000000000000e+01,3.036000000000000000e+03
1.373225999999999942e+02,8.384434000000000253e+01,6.291326000000000107e+01,6.100000000000000000e+01,8.370000000000000000e+02
4.395452000000000226e+01,1.210756999999999977e+02,6.106127999999999645e+01,3.900000000000000000e+01,1.718000000000000000e+03
2.157990200000000129e+02,3.888954000000000377e+01,1.351092000000000048e+01,4.400000000000000000e+01,1.630000000000000000e+03
1.167974799999999789e+02,6.889793999999999130e+01,3.858829999999999671e+01,1.400000000000000000e+01,2.260000000000000000e+02
1.742918200000000013e+02,1.278736600000000010e+02,3.854953999999999326e+01,4.100000000000000000e+01,1.927000000000000000e+03
1.324283000000000072e+02,8.711480000000000246e+01,6.155665999999998661e+01,6.100000000000000000e+01,7.700000000000000000e+02
6.154034000000000049e+01,3.036709999999999710e+01,2.239308000000000121e+01,6.000000000000000000e+00,2.489000000000000000e+03
4.603429999999999467e+01,1.659322400000000073e+02,2.628743999999999659e+01,3.500000000000000000e+01,2.357000000000000000e+03
9.397906000000000404e+01,1.092158199999999795e+02,4.444615999999999900e+01,1.700000000000000000e+01,1.940000000000000000e+02
1.470693800000000238e+02,8.477696000000000254e+01,1.072461999999999982e+01,1.900000000000000000e+01,2.431000000000000000e+03
2.589980600000000095e+02,1.020645999999999987e+02,3.231223999999999563e+01,6.600000000000000000e+01,4.500000000000000000e+02
2.583102399999999648e+02,9.203799999999999670e+01,1.835489999999999711e+01,4.700000000000000000e+01,2.103000000000000000e+03
3.849548000000000059e+01,9.859626000000000090e+01,6.210270000000000579e+01,3.900000000000000000e+01,3.215000000000000000e+03
3.455283999999999622e+01,3.556535999999999831e+01,6.123841999999999075e+01,2.400000000000000000e+01,1.465000000000000000e+03
1.315330799999999840e+02,3.440731999999999857e+01,1.190918000000000099e+01,1.500000000000000000e+01,3.563000000000000000e+03
5.602961999999999421e+01,8.077482000000000539e+01,6.322877999999999332e+01,1.300000000000000000e+01,6.670000000000000000e+02
8.373044000000000153e+01,1.460208199999999863e+02,4.489938000000000073e+01,2.000000000000000000e+01,2.395000000000000000e+03
9.123049999999999216e+01,1.079860400000000027e+02,3.910271999999999792e+01,1.700000000000000000e+01,4.690000000000000000e+02
1.231265799999999757e+02,1.565370200000000125e+02,3.348353999999999786e+01,3.600000000000000000e+01,3.760000000000000000e+02
7.843119999999998981e+01,1.606102199999999982e+02,1.442178000000000182e+01,2.600000000000000000e+01,2.552000000000000000e+03
2.044549199999999871e+02,7.204769999999999186e+01,1.032681999999999967e+01,3.100000000000000000e+01,9.270000000000000000e+02
1.020288999999999930e+02,1.486116199999999878e+02,4.115359999999999729e+01,1.600000000000000000e+01,3.516000000000000000e+03
1.243777799999999871e+02,3.724257999999999669e+01,1.190408000000000044e+01,1.500000000000000000e+01,3.078000000000000000e+03
6.367417999999999267e+01,1.178763000000000005e+02,3.511350000000000193e+01,1.200000000000000000e+01,1.303000000000000000e+03
2.604314999999999714e+02,1.292479399999999998e+02,3.675910000000000366e+01,7.100000000000000000e+01,3.479000000000000000e+03
8.274953999999998189e+01,7.670162000000000546e+01,4.362063999999999453e+01,3.000000000000000000e+00,3.029000000000000000e+03
7.672610000000000241e+01,1.597115999999999758e+02,3.994353999999999871e+01,2.000000000000000000e+01,3.585000000000000000e+03
5.553254000000000445e+01,2.995977999999999852e+01,2.313563999999999865e+01,6.000000000000000000e+00,2.035000000000000000e+03
2.755785000000000196e+02,1.307847399999999993e+02,4.684996000000000294e+01,7.400000000000000000e+01,4.730000000000000000e+02
1.975967799999999954e+02,8.605705999999999278e+01,6.396249999999999858e+01,4.800000000000000000e+01,1.491000000000000000e+03
2.902352199999999698e+02,7.154110000000000014e+01,2.207620000000000005e+01,5.300000000000000000e+01,9.200000000000000000e+02
1.614857200000000148e+02,7.401970000000000027e+01,1.072461999999999982e+01,1.900000000000000000e+01,3.519000000000000000e+03
6.039997999999999934e+01,1.654120399999999904e+02,5.460944000000000642e+01,2.000000000000000000e+01,1.036000000000000000e+03
1.673673799999999972e+02,6.665836000000000183e+01,3.113584000000000174e+01,3.200000000000000000e+01,1.274000000000000000e+03
2.580096800000000030e+02,1.026677600000000012e+02,2.246209999999999951e+01,6.600000000000000000e+01,6.860000000000000000e+02
1.291891200000000026e+02,1.420506400000000156e+02,3.348353999999999786e+01,2.900000000000000000e+01,2.173000000000000000e+03
1.825670800000000042e+02,6.134449999999999648e+01,3.831086000000000524e+01,3.200000000000000000e+01,3.800000000000000000e+01
2.610383999999999673e+02,1.358571999999999775e+02,2.364699999999999847e+01,7.100000000000000000e+01,1.389000000000000000e+03
2.066897400000000005e+02,1.553357999999999777e+02,2.541839999999999478e+01,5.200000000000000000e+01,7.670000000000000000e+02
2.549585200000000214e+02,1.296675000000000182e+02,2.491214000000000084e+01,7.100000000000000000e+01,3.024000000000000000e+03
2.389016800000000273e+02,6.667978000000000804e+01,1.032409999999999961e+01,4.200000000000000000e+01,3.167000000000000000e+03
9.182515999999998257e+01,1.210379599999999840e+02,2.247366000000000241e+01,1.700000000000000000e+01,1.916000000000000000e+03
7.898301999999999623e+01,1.237586399999999998e+02,3.816771999999999565e+01,1.600000000000000000e+01,1.592000000000000000e+03
3.226572799999999575e+02,9.216958000000001050e+01,2.085967999999999734e+01,6.300000000000000000e+01,1.242000000000000000e+03
5.470089999999999719e+01,1.622911799999999971e+02,9.918139999999999290e+00,2.800000000000000000e+01,3.475000000000000000e+03
1.095398400000000123e+02,1.202583400000000040e+02,1.196663999999999817e+01,2.900000000000000000e+01,2.700000000000000000e+02
2.588773600000000101e+02,8.437712000000000501e+01,2.238220000000000098e+01,4.700000000000000000e+01,3.393000000000000000e+03
8.806917999999998869e+01,3.547424000000000177e+01,3.887866000000000355e+01,0.000000000000000000e+00,1.280000000000000000e+03
1.007056199999999961e+02,4.283659999999999002e+01,4.169759999999999422e+01,0.000000000000000000e+00,1.804000000000000000e+03
5.153889999999999816e+01,1.514179800000000000e+02,5.163477999999999923e+01,2.700000000000000000e+01,1.445000000000000000e+03
2.670699999999999932e+02,3.120825999999999567e+01,2.827746000000000137e+01,6.500000000000000000e+01,3.569000000000000000e+03
7.203749999999999432e+01,1.101055999999999955e+02,5.597556000000000154e+01,1.200000000000000000e+01,3.453000000000000000e+03
1.706317200000000014e+02,1.525172000000000061e+01,3.863555999999999813e+01,5.700000000000000000e+01,1.135000000000000000e+03
2.718027999999999977e+01,1.176722999999999928e+02,3.635041999999999973e+01,3.300000000000000000e+01,2.886000000000000000e+03
5.137671999999999883e+01,1.535661000000000058e+02,4.303822000000000259e+01,3.500000000000000000e+01,2.359000000000000000e+03
5.015714000000000539e+01,7.796233999999999753e+01,6.543300000000000693e+01,1.300000000000000000e+01,1.126000000000000000e+03
1.641615199999999675e+02,5.227908000000000044e+01,3.862977999999999668e+01,3.200000000000000000e+01,3.584000000000000000e+03
1.672561999999999784e+02,1.084776800000000065e+02,2.131358000000000175e+01,3.700000000000000000e+01,3.433000000000000000e+03
6.879525999999999897e+01,8.877298000000000400e+01,4.301951999999999998e+01,7.000000000000000000e+00,1.271000000000000000e+03
2.830255199999999718e+02,1.046462199999999854e+02,1.079771999999999998e+01,5.900000000000000000e+01,2.521000000000000000e+03
1.381317999999999984e+02,3.418768000000000029e+01,3.553441999999999723e+01,9.000000000000000000e+00,1.095000000000000000e+03
8.487657999999998992e+01,4.220929999999999893e+01,2.423485999999999763e+01,4.000000000000000000e+00,3.421000000000000000e+03
2.904789999999999850e+02,2.479926000000000030e+01,1.966492000000000218e+01,6.900000000000000000e+01,1.666000000000000000e+03
1.106971999999999952e+02,1.469925399999999911e+02,1.195338000000000100e+01,2.900000000000000000e+01,1.609000000000000000e+03
8.403405999999999665e+01,1.162014599999999831e+02,3.335705999999999705e+01,1.200000000000000000e+01,1.044000000000000000e+03
2.787058200000000170e+02,1.692826000000000164e+01,4.615975999999999857e+01,6.700000000000000000e+01,3.290000000000000000e+02
3.760672000000000281e+01,5.121148000000000167e+01,6.231893999999999778e+01,2.400000000000000000e+01,1.893000000000000000e+03
5.678611999999999682e+01,1.974175999999999931e+01,5.381213999999999942e+01,2.000000000000000000e+00,5.930000000000000000e+02
2.076940999999999917e+02,2.033131999999999806e+01,3.508221999999999241e+01,4.400000000000000000e+01,2.795000000000000000e+03
2.625571800000000167e+02,6.691165999999999769e+01,3.184915999999999769e+01,5.300000000000000000e+01,3.666000000000000000e+03
8.584013999999999101e+01,1.268709999999999951e+02,2.803435999999999950e+01,1.600000000000000000e+01,6.940000000000000000e+02
4.604926000000000386e+01,1.608543399999999792e+02,1.584433999999999898e+01,3.500000000000000000e+01,3.311000000000000000e+03
9.009659999999999513e+01,1.267520000000000024e+01,3.209192000000000178e+01,1.000000000000000000e+00,7.240000000000000000e+02
2.112263599999999997e+02,1.537007399999999961e+02,2.907135999999999854e+01,5.200000000000000000e+01,5.830000000000000000e+02
4.422890000000000299e+01,2.264230000000000231e+01,4.526317999999999842e+01,2.000000000000000000e+00,2.029000000000000000e+03
2.652373999999999796e+02,2.127685999999999567e+01,1.655323999999999884e+01,6.000000000000000000e+01,2.055000000000000000e+03
2.250511000000000195e+02,4.160715999999999326e+01,3.074892000000000181e+01,4.400000000000000000e+01,2.830000000000000000e+02
4.820723999999999876e+01,2.441131999999999991e+01,2.464251999999999754e+01,6.000000000000000000e+00,1.562000000000000000e+03
1.975008999999999730e+02,9.641992000000000473e+01,2.110176000000000229e+01,5.600000000000000000e+01,2.219000000000000000e+03
2.239596999999999696e+02,3.912991999999999848e+01,1.436125999999999792e+01,4.400000000000000000e+01,9.510000000000000000e+02
1.963510199999999770e+02,1.536765999999999792e+02,1.245556000000000019e+01,5.100000000000000000e+01,1.261000000000000000e+03
7.421587999999999852e+01,3.058912000000000120e+01,2.237880000000000180e+01,4.000000000000000000e+00,1.087000000000000000e+03
2.786650200000000268e+02,1.606700600000000065e+02,1.452310000000000123e+01,7.000000000000000000e+01,7.340000000000000000e+02
7.226631999999999323e+01,4.416192000000000206e+01,4.591904000000000252e+01,0.000000000000000000e+00,3.139000000000000000e+03
1.763430400000000020e+02,6.174196000000000595e+01,1.210230000000000139e+01,2.500000000000000000e+01,2.102000000000000000e+03
1.626080599999999947e+02,1.392010999999999967e+02,1.195711999999999975e+01,4.000000000000000000e+01,3.012000000000000000e+03
3.209192000000000178e+01,1.092770199999999789e+02,6.758859999999998536e+01,3.900000000000000000e+01,6.090000000000000000e+02
2.242667199999999639e+02,6.076377999999998991e+01,3.248326000000000136e+01,3.800000000000000000e+01,2.696000000000000000e+03
2.900335999999999785e+02,1.292479399999999998e+02,2.198031999999999897e+01,6.800000000000000000e+01,1.200000000000000000e+03
3.898712000000000444e+01,9.229605999999999710e+01,6.198301999999999623e+01,3.900000000000000000e+01,2.314000000000000000e+03
1.975420399999999859e+02,8.736945999999998946e+01,3.846555999999999642e+01,3.100000000000000000e+01,2.160000000000000000e+03
1.882988000000000000e+02,2.933655999999999509e+01,1.229780000000000051e+01,5.000000000000000000e+01,2.180000000000000000e+02
2.265419999999999590e+01,1.136599599999999981e+02,3.907075999999999993e+01,3.300000000000000000e+01,3.525000000000000000e+03
3.088447800000000143e+02,9.392262000000000910e+01,1.676132000000000133e+01,6.300000000000000000e+01,6.020000000000000000e+02
5.719514000000000919e+01,1.544137199999999837e+02,9.243579999999999686e+00,2.800000000000000000e+01,2.442000000000000000e+03
7.361373999999999285e+01,1.402561200000000099e+02,3.119805999999999457e+01,1.600000000000000000e+01,1.277000000000000000e+03
2.675538200000000302e+02,1.503446000000000140e+02,4.589184000000000907e+01,7.400000000000000000e+01,3.222000000000000000e+03
9.717437999999998510e+01,1.497934599999999818e+02,4.311913999999999447e+01,1.600000000000000000e+01,3.651000000000000000e+03
2.767661200000000008e+02,4.296239999999999526e+01,2.047547999999999746e+01,6.000000000000000000e+01,8.000000000000000000e+00
2.851970999999999776e+02,1.314344800000000077e+02,1.987775999999999854e+01,6.800000000000000000e+01,7.510000000000000000e+02
1.539152799999999957e+02,7.278141999999999712e+01,1.072461999999999982e+01,1.900000000000000000e+01,2.343000000000000000e+03
1.632530400000000270e+02,2.735198000000000107e+01,3.861039999999999850e+01,5.700000000000000000e+01,3.281000000000000000e+03
2.811997199999999566e+02,1.579687600000000032e+02,1.072291999999999845e+01,7.000000000000000000e+01,1.086000000000000000e+03
1.198398000000000074e+01,1.417344399999999780e+02,7.327646000000000015e+01,3.400000000000000000e+01,3.200000000000000000e+03
3.143517600000000130e+02,1.331508000000000038e+02,1.712341999999999942e+01,7.300000000000000000e+01,1.293000000000000000e+03
8.515809999999999036e+01,1.427449200000000076e+02,4.972058000000000533e+01,1.600000000000000000e+01,3.368000000000000000e+03
1.210263999999999918e+01,8.248671999999999116e+01,7.219594000000000733e+01,1.800000000000000000e+01,2.683000000000000000e+03
2.695730799999999476e+02,7.779540000000000077e+01,5.568928000000000367e+01,5.800000000000000000e+01,2.533000000000000000e+03
1.867830799999999840e+02,1.368550999999999931e+02,3.784029999999999916e+01,4.600000000000000000e+01,8.100000000000000000e+02
4.604518000000000200e+01,1.668584000000000245e+01,2.742304000000000030e+01,6.000000000000000000e+00,8.770000000000000000e+02
1.173411400000000100e+02,1.282785999999999937e+01,2.402303999999999817e+01,5.000000000000000000e+00,1.074000000000000000e+03
7.203749999999999432e+01,1.812097999999999942e+01,5.621831999999999852e+01,2.000000000000000000e+00,3.696000000000000000e+03
9.677555999999999869e+01,1.023937199999999876e+02,1.072563999999999851e+01,1.700000000000000000e+01,3.518000000000000000e+03
1.975437400000000139e+02,7.967695999999999401e+01,4.148509999999999565e+01,3.100000000000000000e+01,2.937000000000000000e+03
1.764504799999999989e+02,1.084028800000000103e+02,4.421088000000000306e+01,4.100000000000000000e+01,2.164000000000000000e+03
2.240008399999999824e+02,1.352611799999999960e+02,3.253256000000000370e+01,5.200000000000000000e+01,3.595000000000000000e+03
4.960872000000000526e+01,1.477398599999999931e+02,4.256289999999999907e+01,3.500000000000000000e+01,2.935000000000000000e+03
1.001000800000000055e+02,1.407297399999999641e+02,1.201764000000000010e+01,2.900000000000000000e+01,1.476000000000000000e+03
1.284815799999999797e+02,7.601482000000000028e+01,5.774696000000000140e+01,6.100000000000000000e+01,2.128000000000000000e+03
2.195012800000000084e+02,1.013077600000000018e+02,6.423279999999999745e+01,4.300000000000000000e+01,3.047000000000000000e+03
1.806334999999999980e+02,1.340755999999999837e+01,2.037619999999999720e+01,5.000000000000000000e+01,3.484000000000000000e+03
1.238558799999999849e+02,8.848363999999999407e+01,5.905731999999999005e+01,6.100000000000000000e+01,8.390000000000000000e+02
3.923702000000000112e+01,1.356831199999999740e+02,6.691301999999998884e+01,3.400000000000000000e+01,2.570000000000000000e+02
2.683524800000000141e+02,6.222237999999999403e+01,3.276579999999999870e+01,5.300000000000000000e+01,3.164000000000000000e+03
2.300055799999999522e+02,6.926276000000000010e+01,2.795751999999999882e+01,4.200000000000000000e+01,1.930000000000000000e+02
2.630821399999999812e+02,8.355567999999999529e+01,5.464003999999999195e+01,5.800000000000000000e+01,3.030000000000000000e+03
5.512487999999999744e+01,1.185185600000000079e+02,1.574471999999999916e+01,2.800000000000000000e+01,9.370000000000000000e+02
2.368086400000000253e+02,7.848525999999999669e+01,1.434629999999999939e+01,4.200000000000000000e+01,2.912000000000000000e+03
2.691851399999999899e+02,3.307044000000000494e+01,4.634641999999999484e+01,6.700000000000000000e+01,3.115000000000000000e+03
2.138610199999999963e+02,3.363246000000000180e+01,1.332969999999999899e+01,4.400000000000000000e+01,1.467000000000000000e+03
1.006682199999999909e+02,9.208253999999999451e+01,5.190644000000000347e+01,2.300000000000000000e+01,4.220000000000000000e+02
2.605858599999999683e+02,1.396526200000000131e+02,4.164625999999999806e+01,7.100000000000000000e+01,2.830000000000000000e+03
2.492767799999999738e+02,1.086690999999999860e+02,1.555023999999999873e+01,6.600000000000000000e+01,1.844000000000000000e+03
2.672535999999999845e+01,1.348259799999999871e+02,6.804453999999999780e+01,3.400000000000000000e+01,1.632000000000000000e+03
9.253201999999998861e+01,4.837894000000000005e+01,1.883973999999999904e+01,4.000000000000000000e+00,4.900000000000000000e+01
1.712182200000000023e+02,1.157594600000000042e+02,3.863657999999999504e+01,4.100000000000000000e+01,5.220000000000000000e+02
7.928119999999999834e+01,3.884873999999999938e+01,2.568903999999999854e+01,4.000000000000000000e+00,9.670000000000000000e+02
5.942281999999999442e+01,1.430142000000000202e+01,8.686320000000000263e+00,6.000000000000000000e+00,3.598000000000000000e+03
1.940556799999999953e+02,1.589394599999999969e+02,1.484507999999999939e+01,5.100000000000000000e+01,4.760000000000000000e+02
5.021052000000000248e+01,1.374079399999999964e+02,4.158234000000000208e+01,2.700000000000000000e+01,2.227000000000000000e+03
1.126215999999999973e+01,5.711591999999999558e+01,7.239823999999998705e+01,1.800000000000000000e+01,3.691000000000000000e+03
2.858774399999999787e+02,3.774408000000000385e+01,3.471706000000000358e+01,6.700000000000000000e+01,3.317000000000000000e+03
1.983345799999999883e+02,2.454528000000000176e+01,1.253239999999999732e+01,5.000000000000000000e+01,2.433000000000000000e+03
1.166244199999999864e+02,1.472798399999999788e+02,3.087608000000000175e+01,3.600000000000000000e+01,1.230000000000000000e+02
9.114311999999998193e+01,3.994693999999999789e+01,2.597191999999999723e+01,0.000000000000000000e+00,2.620000000000000000e+03
7.608281999999999812e+01,3.868961999999999790e+01,4.246565999999999974e+01,0.000000000000000000e+00,3.330000000000000000e+03
2.669975799999999708e+02,4.768806000000000012e+01,1.476824000000000048e+01,6.000000000000000000e+01,2.891000000000000000e+03
1.218335599999999914e+02,3.473575999999999908e+01,3.166793999999999798e+01,5.000000000000000000e+00,3.243000000000000000e+03
1.535127200000000016e+02,8.651232000000000255e+01,1.072461999999999982e+01,1.900000000000000000e+01,3.022000000000000000e+03
6.609362000000000137e+01,3.488365999999999900e+01,8.605739999999999057e+00,4.000000000000000000e+00,3.332000000000000000e+03
5.075656000000000034e+01,4.706042000000000058e+01,5.117305999999999955e+01,1.000000000000000000e+01,3.548000000000000000e+03
5.672628000000000270e+01,1.253304599999999880e+02,1.529897999999999847e+01,2.800000000000000000e+01,4.410000000000000000e+02
6.892003999999998598e+01,1.233486000000000047e+02,9.298999999999999488e+00,2.100000000000000000e+01,1.894000000000000000e+03
1.676268000000000029e+02,9.816276000000000579e+01,1.072461999999999982e+01,3.700000000000000000e+01,2.394000000000000000e+03
7.963513999999999271e+01,1.185188999999999879e+02,4.131781999999999755e+01,1.200000000000000000e+01,2.271000000000000000e+03
2.709184599999999818e+02,1.457290999999999883e+02,2.590800000000000125e+01,7.100000000000000000e+01,1.250000000000000000e+03
2.577196599999999762e+02,4.617845999999999407e+01,1.793465999999999738e+01,6.000000000000000000e+01,3.693000000000000000e+03
6.248995999999999640e+01,1.263470600000000132e+02,8.507819999999998828e+00,2.100000000000000000e+01,2.760000000000000000e+03
1.969609799999999780e+02,1.467480799999999874e+02,3.685056000000000154e+01,4.600000000000000000e+01,3.265000000000000000e+03
2.037861399999999890e+02,1.024232999999999834e+02,1.843276000000000181e+01,5.600000000000000000e+01,1.859000000000000000e+03
1.908215999999999894e+02,1.351608799999999917e+02,1.232125999999999877e+01,4.600000000000000000e+01,3.058000000000000000e+03
1.840134400000000028e+02,6.670459999999999923e+01,4.632500000000000284e+01,3.200000000000000000e+01,1.130000000000000000e+02
2.724916399999999612e+02,1.066324999999999932e+02,1.062057999999999858e+01,6.600000000000000000e+01,2.384000000000000000e+03
1.625710000000000122e+01,1.175437799999999982e+02,3.332441999999999638e+01,3.300000000000000000e+01,3.417000000000000000e+03
1.947095000000000198e+02,6.662980000000000302e+01,3.750675999999999988e+01,3.100000000000000000e+01,3.121000000000000000e+03
6.829818000000000211e+01,1.431070200000000057e+02,3.567551999999999879e+01,2.000000000000000000e+01,2.640000000000000000e+02
1.027055000000000007e+02,1.546160200000000202e+02,4.089349999999999596e+01,3.600000000000000000e+01,1.241000000000000000e+03
9.554543999999998505e+01,1.084735999999999905e+02,2.052647999999999939e+01,1.700000000000000000e+01,1.993000000000000000e+03
8.467461999999999023e+01,8.627159999999999940e+00,2.351950000000000074e+01,1.000000000000000000e+00,1.566000000000000000e+03
7.058570000000000277e+01,1.656683999999999912e+01,4.578473999999999933e+01,2.000000000000000000e+00,1.567000000000000000e+03
4.372332000000000107e+01,1.169623799999999960e+02,6.639282000000000039e+01,3.900000000000000000e+01,9.800000000000000000e+02
2.818960400000000277e+02,1.301322800000000086e+02,3.196033999999999864e+01,7.400000000000000000e+01,1.397000000000000000e+03
9.319841999999999871e+01,6.062438000000000216e+01,4.490652000000000044e+01,3.000000000000000000e+00,1.185000000000000000e+03
5.214307999999999765e+01,9.436903999999999826e+01,5.039990000000000236e+01,7.000000000000000000e+00,3.640000000000000000e+03
9.772484000000001458e+01,8.313884000000000185e+01,4.293690000000000140e+01,2.300000000000000000e+01,9.980000000000000000e+02
1.667359999999999900e+02,6.682529999999999859e+01,4.447845999999999833e+01,3.200000000000000000e+01,3.116000000000000000e+03
2.988963799999999651e+02,9.153616000000000952e+01,4.157995999999999981e+01,6.400000000000000000e+01,1.000000000000000000e+03
1.811383999999999617e+01,8.086593999999999482e+01,6.963267999999999347e+01,1.800000000000000000e+01,1.663000000000000000e+03
1.699789199999999880e+02,1.176729799999999813e+02,1.196766000000000041e+01,3.700000000000000000e+01,2.901000000000000000e+03
2.923119399999999928e+02,2.843827999999999889e+01,2.533136000000000010e+01,6.900000000000000000e+01,1.616000000000000000e+03
8.004211999999999705e+01,1.526256599999999821e+02,1.606499999999999773e+01,2.600000000000000000e+01,1.138000000000000000e+03
1.157172999999999945e+02,7.945256000000000540e+01,3.298747999999999791e+01,2.300000000000000000e+01,2.775000000000000000e+03
8.019783999999999935e+01,1.805773999999999901e+01,3.324383999999999872e+01,1.000000000000000000e+00,1.607000000000000000e+03
3.251192199999999843e+02,1.486966199999999958e+02,1.280405999999999977e+01,7.300000000000000000e+01,1.057000000000000000e+03
1.564578000000000202e+02,1.550532599999999945e+02,1.194079999999999941e+01,4.000000000000000000e+01,1.216000000000000000e+03
1.227855599999999896e+02,7.980887999999998783e+01,5.756642000000000081e+01,6.100000000000000000e+01,2.927000000000000000e+03
1.984222999999999786e+02,5.105609999999999360e+01,3.673495999999999384e+01,3.100000000000000000e+01,2.980000000000000000e+03
1.265320199999999886e+02,9.334359999999999502e+01,5.926302000000000447e+01,6.100000000000000000e+01,7.730000000000000000e+02
2.766267199999999775e+02,1.031651800000000065e+02,4.552633999999999048e+01,6.200000000000000000e+01,3.241000000000000000e+03
1.456923800000000142e+02,1.081876599999999939e+02,2.912541999999999831e+01,3.000000000000000000e+01,2.759000000000000000e+03
1.109130999999999858e+02,1.876017999999999830e+01,1.194862000000000002e+01,5.000000000000000000e+00,3.450000000000000000e+02
1.939291999999999803e+02,3.102466000000000079e+01,1.236852000000000018e+01,5.000000000000000000e+01,1.890000000000000000e+02
2.667436000000000149e+02,7.222211999999998966e+01,2.440043999999999969e+01,5.300000000000000000e+01,1.366000000000000000e+03
4.195362000000000080e+01,1.298432799999999929e+02,6.660634000000000299e+01,3.400000000000000000e+01,7.550000000000000000e+02
2.250511000000000195e+02,3.841591999999999985e+01,2.561219999999999786e+01,4.400000000000000000e+01,5.200000000000000000e+02
6.918966000000000349e+01,1.185185600000000079e+02,4.885936000000000234e+01,1.200000000000000000e+01,3.412000000000000000e+03
1.225642199999999917e+02,8.111141999999999541e+01,1.072496000000000116e+01,8.000000000000000000e+00,2.390000000000000000e+03
1.611661200000000065e+02,9.989097999999998478e+01,1.072461999999999982e+01,3.700000000000000000e+01,1.640000000000000000e+03
1.834385000000000048e+02,1.084518399999999900e+02,4.602715999999999497e+01,4.100000000000000000e+01,2.904000000000000000e+03
1.879349999999999810e+01,1.426979999999999791e+02,7.091617999999999711e+01,3.400000000000000000e+01,2.307000000000000000e+03
6.494136000000000308e+01,1.135494600000000105e+02,3.096005999999999858e+01,1.200000000000000000e+01,1.450000000000000000e+03
3.410063999999999851e+01,4.395009999999999195e+01,6.741723999999999251e+01,2.400000000000000000e+01,1.078000000000000000e+03
1.530972399999999993e+02,1.622803000000000111e+02,2.373132000000000019e+01,4.000000000000000000e+01,2.713000000000000000e+03
9.366115999999999531e+01,2.781982000000000355e+01,4.457842000000000127e+01,0.000000000000000000e+00,1.721000000000000000e+03
1.113346999999999980e+02,3.343151999999999902e+01,1.193399999999999928e+01,5.000000000000000000e+00,1.300000000000000000e+03
1.489516199999999913e+02,1.408654000000000117e+01,1.205742000000000047e+01,9.000000000000000000e+00,2.513000000000000000e+03
9.012991999999999848e+01,1.531965199999999925e+02,3.117289999999999850e+01,2.600000000000000000e+01,1.100000000000000000e+02
8.023116000000000270e+01,1.325143199999999979e+02,3.066697999999999880e+01,1.600000000000000000e+01,7.470000000000000000e+02
1.099328799999999831e+02,7.371132000000000062e+01,5.024349999999999739e+01,2.300000000000000000e+01,2.812000000000000000e+03
1.647357799999999770e+02,1.259393999999999991e+01,2.961978000000000222e+01,9.000000000000000000e+00,2.178000000000000000e+03
1.593199199999999962e+02,1.267451999999999934e+01,2.792760000000000176e+01,9.000000000000000000e+00,1.681000000000000000e+03
3.096580600000000345e+02,1.299599000000000046e+02,1.644478000000000151e+01,7.300000000000000000e+01,1.066000000000000000e+03
2.760017999999999461e+02,1.195888800000000032e+02,2.468399999999999750e+01,6.800000000000000000e+01,2.200000000000000000e+01
6.605553999999999348e+01,1.427299599999999771e+02,3.097025999999999968e+01,2.800000000000000000e+01,3.015000000000000000e+03
2.489517399999999725e+02,7.555786000000000513e+01,5.506945999999999941e+01,5.800000000000000000e+01,3.053000000000000000e+03
1.097356799999999879e+02,7.746389999999999532e+01,4.614377999999999957e+01,2.300000000000000000e+01,2.329000000000000000e+03
2.848237799999999993e+02,7.072374000000000649e+01,2.609975999999999985e+01,5.300000000000000000e+01,1.767000000000000000e+03
1.506081000000000074e+02,3.119975999999999772e+01,1.190883999999999965e+01,1.500000000000000000e+01,1.370000000000000000e+02
6.967211999999999250e+01,8.023149999999999693e+01,4.599757999999999214e+01,7.000000000000000000e+00,4.530000000000000000e+02
1.328434400000000153e+02,6.706228000000000122e+01,3.370011999999999830e+01,1.400000000000000000e+01,1.855000000000000000e+03
2.208704599999999800e+02,9.591536000000000683e+01,1.385261999999999993e+01,5.500000000000000000e+01,2.323000000000000000e+03
9.384068000000000609e+01,1.500042599999999879e+02,1.210196000000000005e+01,2.600000000000000000e+01,2.086000000000000000e+03
6.408591999999998734e+01,1.208186599999999942e+02,8.523799999999997823e+00,2.100000000000000000e+01,2.188000000000000000e+03
1.757674199999999871e+02,7.209631999999999152e+01,6.173651999999999163e+01,5.400000000000000000e+01,1.160000000000000000e+02
2.679951399999999921e+02,1.028265400000000085e+02,1.050599999999999845e+01,6.600000000000000000e+01,1.931000000000000000e+03
5.068516000000000332e+01,3.356208000000000169e+01,1.201389999999999780e+01,6.000000000000000000e+00,1.111000000000000000e+03
7.981771999999999423e+01,3.198719999999999786e+01,2.877964000000000055e+01,1.000000000000000000e+00,1.400000000000000000e+01
1.115825599999999866e+02,3.213271999999999906e+01,3.107838000000000278e+01,5.000000000000000000e+00,2.851000000000000000e+03
1.667360000000000042e+01,8.711106000000000904e+01,7.073529999999999518e+01,1.800000000000000000e+01,1.869000000000000000e+03
2.425107800000000111e+02,1.057672000000000168e+02,5.220597999999999672e+01,6.200000000000000000e+01,1.114000000000000000e+03
1.405859200000000158e+02,1.237446999999999946e+02,3.868418000000000490e+01,3.000000000000000000e+01,2.863000000000000000e+03
2.770942200000000071e+02,2.780145999999999873e+01,4.657387999999999550e+01,6.700000000000000000e+01,1.177000000000000000e+03
2.391791200000000117e+02,1.009544999999999959e+02,1.032376000000000005e+01,5.500000000000000000e+01,2.435000000000000000e+03
1.542066599999999994e+02,1.622877799999999979e+02,1.578483999999999909e+01,4.000000000000000000e+01,2.518000000000000000e+03
1.117950600000000065e+02,1.140825799999999930e+02,3.407173999999999836e+01,1.700000000000000000e+01,2.605000000000000000e+03
2.250511000000000195e+02,3.066901999999999973e+01,2.114833999999999747e+01,4.400000000000000000e+01,8.870000000000000000e+02
1.423794200000000103e+02,1.295943999999999896e+01,1.324775999999999954e+01,9.000000000000000000e+00,2.969000000000000000e+03
3.022083200000000147e+02,8.205593999999999255e+01,1.064234000000000080e+01,5.900000000000000000e+01,3.523000000000000000e+03
5.450166000000000111e+01,8.500000000000000000e+00,1.624418000000000006e+01,6.000000000000000000e+00,2.367000000000000000e+03
6.100245999999999924e+01,1.444054800000000114e+02,5.463017999999999574e+01,2.700000000000000000e+01,4.580000000000000000e+02
8.553685999999999012e+01,1.534270400000000052e+02,2.679199999999999804e+01,2.600000000000000000e+01,9.130000000000000000e+02
8.306846000000000174e+01,8.202329999999999188e+01,4.640523999999999916e+01,3.000000000000000000e+00,3.458000000000000000e+03
1.248146799999999956e+02,2.588419999999999987e+01,1.192719999999999914e+01,5.000000000000000000e+00,7.620000000000000000e+02
7.891841999999999757e+01,1.376132999999999811e+02,3.007707999999999871e+01,1.600000000000000000e+01,8.590000000000000000e+02
1.186739400000000018e+02,6.867762000000000455e+01,1.886421999999999599e+01,8.000000000000000000e+00,2.311000000000000000e+03
1.349171000000000049e+02,1.056543200000000127e+02,5.455197999999999325e+01,3.000000000000000000e+01,1.220000000000000000e+03
1.226733600000000166e+02,1.284927999999999848e+01,1.838787999999999911e+01,5.000000000000000000e+00,8.790000000000000000e+02
2.771044200000000046e+02,4.117739999999999156e+01,4.164761999999999631e+01,6.700000000000000000e+01,2.511000000000000000e+03
1.408796800000000076e+02,1.184114600000000053e+02,1.189795999999999765e+01,3.700000000000000000e+01,8.490000000000000000e+02
1.279110599999999920e+02,8.098868000000000222e+01,5.942350000000000421e+01,6.100000000000000000e+01,2.293000000000000000e+03
2.656912999999999556e+02,1.311658800000000156e+02,3.202528000000000219e+01,7.100000000000000000e+01,2.865000000000000000e+03
2.999646599999999808e+02,9.628494000000000597e+01,3.948997999999999564e+01,6.400000000000000000e+01,9.030000000000000000e+02
1.822437400000000025e+02,7.063465999999999667e+01,5.788907999999999276e+01,4.800000000000000000e+01,3.306000000000000000e+03
1.673870999999999754e+02,1.580166999999999859e+02,3.863181999999999761e+01,4.500000000000000000e+01,2.144000000000000000e+03
1.975250400000000184e+02,1.000953199999999867e+02,5.746646000000000498e+01,4.800000000000000000e+01,6.310000000000000000e+02
4.069187999999999761e+01,1.149516199999999913e+02,6.157909999999999684e+01,3.900000000000000000e+01,1.083000000000000000e+03
6.661382000000000403e+01,1.343278799999999933e+02,5.444793999999999556e+01,2.700000000000000000e+01,5.340000000000000000e+02
2.603655400000000100e+02,1.534845000000000255e+02,1.466998000000000069e+01,7.100000000000000000e+01,1.654000000000000000e+03
8.153437999999999874e+01,1.171470000000000056e+01,1.771161999999999992e+01,1.000000000000000000e+00,2.982000000000000000e+03
6.730061999999999500e+01,1.004547000000000168e+02,1.683067999999999742e+01,1.100000000000000000e+01,9.110000000000000000e+02
2.473285800000000165e+02,6.935149999999998727e+01,3.752138000000000062e+01,5.800000000000000000e+01,7.590000000000000000e+02
9.208729999999999905e+01,1.476861399999999946e+02,2.111467999999999634e+01,2.600000000000000000e+01,1.098000000000000000e+03
5.190032000000000068e+01,1.233349999999999937e+02,6.505695999999998946e+01,2.700000000000000000e+01,3.134000000000000000e+03
2.357950999999999908e+02,7.486323999999999046e+01,1.032681999999999967e+01,4.200000000000000000e+01,2.133000000000000000e+03
6.154748000000000019e+01,3.335195999999999827e+01,3.569999999999999574e+01,2.000000000000000000e+00,3.069000000000000000e+03
4.774586000000000041e+01,5.069943999999999562e+01,2.569958000000000098e+01,1.000000000000000000e+01,1.962000000000000000e+03
1.964696800000000110e+02,1.015658200000000022e+02,1.072461999999999982e+01,5.600000000000000000e+01,1.259000000000000000e+03
1.469071999999999889e+02,1.282615999999999978e+01,2.610894000000000048e+01,9.000000000000000000e+00,1.853000000000000000e+03
2.878732400000000098e+02,7.114091999999999416e+01,3.376914000000000016e+01,5.300000000000000000e+01,2.527000000000000000e+03
1.410014000000000181e+02,6.700516000000000361e+01,4.680440000000000111e+01,6.100000000000000000e+01,2.826000000000000000e+03
1.174791799999999711e+02,6.641015999999999053e+01,3.324893999999999750e+01,1.400000000000000000e+01,2.330000000000000000e+02
1.239956199999999882e+02,1.247266199999999969e+02,3.212184000000000594e+01,2.900000000000000000e+01,1.515000000000000000e+03
2.216783000000000072e+02,1.472322399999999902e+02,2.516611999999999938e+01,5.200000000000000000e+01,7.250000000000000000e+02
2.613154999999999859e+02,1.364406399999999735e+02,1.373905999999999850e+01,6.800000000000000000e+01,2.455000000000000000e+03
8.281482000000001165e+01,1.324187799999999982e+02,1.984716000000000236e+01,2.100000000000000000e+01,8.040000000000000000e+02
2.140667199999999752e+02,6.930355999999999028e+01,2.769027999999999778e+01,3.100000000000000000e+01,2.249000000000000000e+03
2.605831400000000144e+02,1.600679199999999867e+02,4.164320000000000022e+01,7.100000000000000000e+01,3.657000000000000000e+03
1.912758399999999881e+02,6.700108000000000175e+01,1.072461999999999982e+01,2.500000000000000000e+01,3.194000000000000000e+03
2.688845800000000281e+02,1.128320600000000127e+02,3.205417999999999523e+01,6.600000000000000000e+01,1.119000000000000000e+03
1.005818600000000060e+02,2.387717999999999918e+01,4.174486000000000274e+01,5.000000000000000000e+00,2.950000000000000000e+03
1.456661999999999750e+02,6.774772000000000105e+01,4.972704000000000235e+01,6.100000000000000000e+01,3.257000000000000000e+03
4.378995999999999356e+01,1.300415000000000134e+02,4.456209999999999383e+01,3.300000000000000000e+01,1.014000000000000000e+03
1.953432600000000150e+02,4.331293999999999755e+01,3.699437999999999960e+01,5.700000000000000000e+01,3.663000000000000000e+03
5.148279999999999745e+01,2.674575999999999709e+01,1.855618000000000123e+01,6.000000000000000000e+00,9.660000000000000000e+02
1.782256199999999922e+02,1.289749199999999973e+02,1.214752000000000187e+01,4.600000000000000000e+01,3.497000000000000000e+03
4.860061999999999216e+01,1.376204400000000021e+02,1.337968000000000046e+01,2.800000000000000000e+01,1.221000000000000000e+03
3.190185999999999922e+02,1.483178599999999960e+02,1.590757999999999939e+01,7.300000000000000000e+01,8.630000000000000000e+02
2.876617600000000152e+02,4.676155999999999580e+01,2.627417999999999765e+01,6.900000000000000000e+01,3.510000000000000000e+02
1.975665199999999970e+02,8.656059999999999377e+01,4.987154000000000309e+01,4.800000000000000000e+01,1.884000000000000000e+03
1.910018000000000171e+01,3.606073999999999558e+01,7.237035999999999092e+01,2.400000000000000000e+01,1.543000000000000000e+03
8.038415999999999428e+01,1.260532999999999930e+02,5.237903999999999627e+01,1.600000000000000000e+01,1.862000000000000000e+03
6.034863999999998896e+01,1.597476399999999899e+02,5.460739999999999839e+01,2.000000000000000000e+01,1.232000000000000000e+03
1.574301999999999850e+02,1.516478199999999958e+02,3.865765999999999991e+01,4.500000000000000000e+01,1.715000000000000000e+03
1.421125200000000177e+02,8.738101999999999236e+01,6.476829999999999643e+01,6.100000000000000000e+01,5.750000000000000000e+02
2.887541800000000194e+02,1.038727199999999868e+02,2.201737999999999928e+01,5.900000000000000000e+01,3.553000000000000000e+03
4.376582000000000505e+01,1.946499999999999986e+01,1.870033999999999708e+01,6.000000000000000000e+00,6.470000000000000000e+02
6.619460000000000832e+01,3.331150000000000233e+01,3.267195999999999856e+01,4.000000000000000000e+00,2.667000000000000000e+03
1.686461199999999963e+02,6.413284000000000162e+01,3.864133999999999958e+01,3.200000000000000000e+01,7.080000000000000000e+02
1.232023999999999830e+01,1.112490200000000016e+02,3.192192000000000007e+01,3.300000000000000000e+01,3.670000000000000000e+03
2.160737400000000150e+02,4.638042000000000087e+01,1.354321999999999981e+01,4.400000000000000000e+01,1.400000000000000000e+03
1.809109399999999823e+02,7.278311999999999671e+01,6.359767999999998978e+01,4.800000000000000000e+01,3.092000000000000000e+03
1.724221599999999910e+02,1.313902799999999900e+02,1.198363999999999940e+01,3.700000000000000000e+01,3.113000000000000000e+03
5.997599999999999909e+01,1.212926199999999852e+02,1.443674000000000035e+01,2.100000000000000000e+01,2.924000000000000000e+03
5.212642000000000309e+01,1.461095599999999877e+02,1.120129999999999981e+01,2.800000000000000000e+01,1.662000000000000000e+03
5.124208000000000141e+01,3.044632000000000005e+01,3.142211999999999605e+01,6.000000000000000000e+00,2.236000000000000000e+03
2.920140999999999849e+02,4.289269999999999783e+01,3.206846000000000174e+01,6.900000000000000000e+01,9.000000000000000000e+00
4.140009999999999479e+01,1.427455999999999960e+02,2.305471999999999611e+01,2.800000000000000000e+01,1.037000000000000000e+03
2.576979000000000042e+02,6.647917999999999950e+01,4.389876000000000289e+01,5.800000000000000000e+01,9.590000000000000000e+02
1.138051399999999944e+02,1.424280399999999815e+02,1.191019999999999790e+01,2.900000000000000000e+01,1.664000000000000000e+03
1.414512199999999780e+02,1.359711000000000070e+02,1.190169999999999995e+01,4.000000000000000000e+01,3.207000000000000000e+03
1.464461599999999919e+02,8.327925999999999362e+01,6.581958000000000197e+01,6.100000000000000000e+01,6.570000000000000000e+02
1.535181599999999946e+02,6.691777999999999338e+01,1.510857999999999812e+01,1.900000000000000000e+01,8.000000000000000000e+02
1.241356999999999999e+02,7.382147999999999399e+01,5.504702000000000339e+01,6.100000000000000000e+01,2.791000000000000000e+03
8.351623999999999626e+01,1.625747399999999914e+02,4.767004000000000019e+01,2.000000000000000000e+01,2.471000000000000000e+03
4.126885999999999655e+01,8.500000000000000000e+00,2.654584000000000188e+01,6.000000000000000000e+00,2.300000000000000000e+02
7.671760000000000446e+01,3.136703999999999937e+01,1.294549999999999912e+01,4.000000000000000000e+00,1.754000000000000000e+03
8.602849999999999397e+01,2.345727999999999724e+01,2.971633999999999887e+01,1.000000000000000000e+00,1.250000000000000000e+02
2.878596400000000131e+02,1.359037799999999834e+02,1.570970000000000155e+01,6.800000000000000000e+01,1.961000000000000000e+03
1.115825599999999866e+02,1.191856399999999923e+02,3.107872000000000057e+01,1.700000000000000000e+01,3.107000000000000000e+03
6.095553999999999917e+01,1.433762999999999863e+02,3.718886000000000536e+01,2.700000000000000000e+01,2.604000000000000000e+03
4.109103999999999957e+01,4.242894000000000432e+01,2.408254000000000161e+01,1.000000000000000000e+01,8.020000000000000000e+02
1.117580000000000062e+01,6.526503999999999905e+01,7.242510000000000048e+01,1.800000000000000000e+01,3.441000000000000000e+03
1.975321799999999826e+02,9.359485999999999706e+01,3.476737999999999573e+01,5.600000000000000000e+01,9.400000000000000000e+01
1.530275399999999877e+02,9.201317999999999131e+01,6.799490000000000123e+01,5.400000000000000000e+01,1.302000000000000000e+03
2.689029400000000010e+02,1.073597599999999943e+02,3.614676000000000045e+01,6.600000000000000000e+01,2.062000000000000000e+03
1.652219800000000021e+02,1.337668800000000147e+02,1.195983999999999980e+01,4.000000000000000000e+01,3.408000000000000000e+03
2.858046799999999621e+02,9.607550000000000523e+01,4.571061999999999870e+01,6.400000000000000000e+01,1.268000000000000000e+03
1.974924000000000035e+02,1.021128799999999899e+02,2.140367999999999782e+01,5.600000000000000000e+01,1.955000000000000000e+03
4.376003999999999650e+01,1.033375599999999963e+02,6.108270000000000266e+01,3.900000000000000000e+01,9.070000000000000000e+02
1.592641599999999755e+02,1.082828600000000137e+02,4.427445999999999771e+01,4.100000000000000000e+01,6.560000000000000000e+02
2.891733999999999938e+01,3.669551999999999481e+01,7.062989999999999213e+01,2.400000000000000000e+01,1.535000000000000000e+03
1.408687999999999931e+02,1.079030799999999886e+02,1.072461999999999982e+01,3.700000000000000000e+01,3.810000000000000000e+02
2.833236999999999739e+02,1.605531000000000006e+02,1.777146000000000114e+01,7.000000000000000000e+01,1.180000000000000000e+03
3.559527999999999537e+01,1.316656800000000089e+02,6.727987999999999147e+01,3.400000000000000000e+01,5.420000000000000000e+02
2.429259200000000192e+02,7.757609999999999673e+01,1.478523999999999816e+01,4.700000000000000000e+01,3.292000000000000000e+03
7.966573999999999955e+01,1.414155200000000150e+02,5.271155999999999864e+01,1.600000000000000000e+01,1.876000000000000000e+03
2.572739200000000324e+02,1.346627799999999979e+02,3.739659999999999940e+01,7.100000000000000000e+01,2.915000000000000000e+03
4.480690000000000595e+01,5.060831999999999908e+01,4.600030000000000285e+01,1.000000000000000000e+01,2.920000000000000000e+03
1.981625399999999786e+02,5.739234000000000435e+01,3.676351999999999975e+01,3.100000000000000000e+01,2.744000000000000000e+03
1.830991799999999898e+02,1.084494599999999878e+02,4.075001999999999924e+01,4.100000000000000000e+01,2.534000000000000000e+03
2.250511000000000195e+02,3.358418000000000347e+01,2.790141999999999456e+01,4.400000000000000000e+01,6.540000000000000000e+02
3.104427799999999706e+02,5.409433999999999543e+01,1.746104000000000056e+01,7.200000000000000000e+01,1.421000000000000000e+03
6.448303999999998837e+01,1.430237199999999689e+02,2.538609999999999900e+01,2.800000000000000000e+01,2.508000000000000000e+03
2.724352000000000089e+02,1.505581199999999740e+02,4.205561999999999756e+01,7.400000000000000000e+01,3.089000000000000000e+03
2.250511000000000195e+02,1.427982999999999834e+02,2.166684000000000054e+01,5.200000000000000000e+01,1.191000000000000000e+03
6.729144000000000858e+01,1.319750799999999913e+02,8.849859999999999616e+00,2.100000000000000000e+01,3.702000000000000000e+03
1.004094799999999879e+02,7.889394000000000062e+01,3.980210000000000292e+01,2.300000000000000000e+01,1.146000000000000000e+03
7.527701999999999316e+01,3.291743999999999915e+01,3.371950000000000358e+01,0.000000000000000000e+00,2.595000000000000000e+03
2.996895999999999844e+02,1.014695999999999856e+02,2.795106000000000179e+01,6.400000000000000000e+01,5.740000000000000000e+02
1.068215399999999988e+02,8.261490000000000578e+01,2.159985999999999962e+01,8.000000000000000000e+00,2.210000000000000000e+02
5.902093999999998886e+01,1.531176400000000228e+02,1.467949999999999910e+01,2.800000000000000000e+01,2.771000000000000000e+03
7.635515999999999792e+01,7.366983999999999355e+01,1.072631999999999941e+01,1.100000000000000000e+01,3.300000000000000000e+03
3.252949999999999875e+01,5.908928000000000225e+01,6.755119999999999436e+01,2.400000000000000000e+01,3.560000000000000000e+03
1.635532599999999945e+02,9.470734000000000208e+01,1.072461999999999982e+01,3.700000000000000000e+01,2.014000000000000000e+03
2.884233600000000024e+02,8.093325999999998999e+01,4.522713999999999857e+01,6.400000000000000000e+01,1.810000000000000000e+03
3.138077600000000302e+02,7.014166000000000167e+01,1.717408000000000001e+01,6.300000000000000000e+01,3.428000000000000000e+03
6.102149999999998897e+01,4.264109999999999445e+01,8.504419999999999646e+00,4.000000000000000000e+00,2.867000000000000000e+03
2.565531199999999785e+02,6.646829999999999927e+01,1.037068000000000012e+01,4.700000000000000000e+01,1.416000000000000000e+03
1.404220399999999813e+02,8.813377999999998735e+01,1.072461999999999982e+01,1.900000000000000000e+01,3.192000000000000000e+03
2.496521399999999744e+02,1.061779200000000003e+02,2.778377999999999659e+01,6.600000000000000000e+01,9.760000000000000000e+02
9.985222000000000264e+01,5.803935999999999495e+01,1.203259999999999863e+01,8.000000000000000000e+00,2.597000000000000000e+03
1.050327999999999804e+02,2.570807999999999893e+01,1.197649999999999970e+01,5.000000000000000000e+00,8.420000000000000000e+02
4.671531999999999840e+01,1.252233600000000138e+02,3.271173999999999893e+01,3.300000000000000000e+01,1.820000000000000000e+02
2.884413799999999810e+02,9.155281999999999698e+01,4.584015999999999735e+01,6.400000000000000000e+01,1.127000000000000000e+03
2.290001999999999782e+02,7.707460000000000377e+01,6.301696000000000453e+01,4.300000000000000000e+01,5.160000000000000000e+02
7.989183999999998775e+01,4.681017999999999546e+01,1.591199999999999903e+01,4.000000000000000000e+00,3.173000000000000000e+03
7.047281999999999869e+01,3.811637999999999948e+01,5.346261999999999404e+01,0.000000000000000000e+00,1.439000000000000000e+03
6.791125999999999863e+01,4.104649999999999466e+01,9.017139999999999489e+00,4.000000000000000000e+00,2.796000000000000000e+03
1.825385199999999770e+02,1.331270000000000095e+02,1.226175999999999888e+01,4.600000000000000000e+01,3.349000000000000000e+03
3.237819999999999965e+01,6.966259999999998342e+01,6.390605999999999653e+01,1.800000000000000000e+01,1.248000000000000000e+03
2.768602999999999952e+02,1.211226199999999835e+02,3.098113999999999990e+01,6.800000000000000000e+01,4.700000000000000000e+01
1.282561599999999942e+02,6.501854000000000156e+01,3.869675999999999760e+01,1.400000000000000000e+01,2.273000000000000000e+03
2.366811399999999992e+02,6.934232000000000085e+01,2.743527999999999878e+01,4.200000000000000000e+01,7.790000000000000000e+02
1.975318400000000167e+02,8.321533999999999764e+01,3.427947999999999951e+01,3.100000000000000000e+01,2.067000000000000000e+03
2.262689799999999991e+02,7.201030000000000086e+01,5.000175999999999732e+01,3.800000000000000000e+01,1.026000000000000000e+03
3.147611200000000053e+02,7.917444000000000415e+01,1.221653999999999840e+01,6.300000000000000000e+01,2.644000000000000000e+03
1.982301999999999964e+01,1.373538800000000037e+02,6.910228000000000748e+01,3.400000000000000000e+01,2.676000000000000000e+03
1.981710400000000050e+02,8.924047999999999092e+01,8.325103999999998905e+01,4.800000000000000000e+01,3.558000000000000000e+03
2.005931999999999960e+02,6.656383999999999901e+01,3.853797999999999746e+01,3.100000000000000000e+01,2.458000000000000000e+03
1.191526599999999974e+02,8.470896000000000470e+01,4.494459999999999411e+01,2.300000000000000000e+01,1.477000000000000000e+03
5.539007999999999754e+01,1.410354000000000099e+02,2.564755999999999858e+01,2.800000000000000000e+01,1.787000000000000000e+03
2.822234599999999887e+02,7.042386000000000479e+01,3.202221999999999724e+01,5.300000000000000000e+01,3.057000000000000000e+03
2.759718799999999987e+02,1.057270800000000150e+02,4.091797999999999291e+01,6.200000000000000000e+01,3.187000000000000000e+03
8.581430000000000291e+01,4.707299999999999329e+01,2.791773999999999845e+01,0.000000000000000000e+00,3.356000000000000000e+03
7.908229999999998938e+01,1.659322400000000073e+02,4.355501999999999896e+01,2.000000000000000000e+01,3.420000000000000000e+03
4.535905999999999949e+01,1.404591000000000065e+02,1.653046000000000149e+01,2.800000000000000000e+01,1.122000000000000000e+03
7.310374000000000194e+01,1.356045799999999986e+02,1.904645999999999972e+01,2.100000000000000000e+01,3.570000000000000000e+03
1.743798799999999858e+02,1.004903999999999940e+02,6.925663999999999021e+01,5.400000000000000000e+01,1.857000000000000000e+03
2.756958000000000197e+02,6.937326000000000192e+01,1.458871999999999858e+01,5.300000000000000000e+01,2.060000000000000000e+02
1.821672399999999925e+02,9.169731999999999061e+01,7.757099999999998374e+01,5.400000000000000000e+01,3.224000000000000000e+03
1.172561399999999878e+02,1.542682000000000073e+02,3.096244000000000085e+01,3.600000000000000000e+01,1.300000000000000000e+02
1.046985800000000069e+02,1.200873200000000054e+02,4.009552000000000049e+01,1.700000000000000000e+01,3.550000000000000000e+02
7.362087999999999965e+01,1.191570799999999934e+02,4.519246000000000407e+01,1.200000000000000000e+01,2.692000000000000000e+03
4.593332000000000193e+01,6.925222000000000833e+01,6.084232000000000085e+01,1.300000000000000000e+01,1.687000000000000000e+03
4.049671999999999628e+01,1.230245800000000003e+02,3.689849999999999852e+01,3.300000000000000000e+01,1.984000000000000000e+03
2.946354999999999791e+02,7.801402000000000214e+01,1.049953999999999965e+01,5.900000000000000000e+01,2.530000000000000000e+03
2.282899399999999730e+02,8.941693999999998255e+01,7.346889999999999077e+01,4.300000000000000000e+01,1.667000000000000000e+03
3.579281999999999897e+01,1.103174199999999985e+02,3.703755999999999915e+01,3.300000000000000000e+01,2.443000000000000000e+03
4.527745999999999782e+01,7.539907999999999788e+01,5.179933999999999372e+01,1.300000000000000000e+01,3.218000000000000000e+03
8.354241999999999280e+01,8.500000000000000000e+00,3.635177999999999798e+01,1.000000000000000000e+00,1.601000000000000000e+03
3.234926599999999439e+02,1.115519599999999798e+02,1.550060000000000038e+01,7.300000000000000000e+01,2.493000000000000000e+03
6.250627999999999673e+01,8.696316000000000201e+01,4.019071999999999889e+01,7.000000000000000000e+00,1.151000000000000000e+03
2.421785999999999888e+02,6.656383999999999901e+01,3.457629999999999626e+01,3.800000000000000000e+01,2.280000000000000000e+03
2.116377599999999859e+02,2.161006000000000071e+01,3.119125999999999976e+01,4.400000000000000000e+01,3.019000000000000000e+03
1.457413399999999797e+02,1.087275800000000032e+02,2.363373999999999953e+01,3.700000000000000000e+01,6.100000000000000000e+01
3.170408199999999965e+02,1.120775999999999897e+02,1.683204000000000278e+01,7.300000000000000000e+01,3.068000000000000000e+03
2.414917999999999836e+02,9.265068000000000836e+01,1.031899999999999906e+01,4.700000000000000000e+01,3.202000000000000000e+03
1.577895800000000008e+02,9.962849999999998829e+01,6.631904000000000110e+01,5.400000000000000000e+01,1.455000000000000000e+03
1.112534399999999977e+02,1.279613799999999912e+02,3.719872000000000156e+01,2.900000000000000000e+01,7.150000000000000000e+02
4.655143999999999949e+01,1.409646799999999871e+02,4.780841999999999814e+01,2.700000000000000000e+01,2.460000000000000000e+03
3.127867400000000089e+02,1.081709999999999923e+02,1.726554000000000144e+01,6.300000000000000000e+01,5.700000000000000000e+02
8.828712000000000160e+01,1.536708199999999920e+02,3.857368000000000308e+01,2.000000000000000000e+01,2.498000000000000000e+03
2.790856000000000137e+01,1.424487799999999709e+02,7.131669999999999732e+01,3.400000000000000000e+01,1.380000000000000000e+03
2.871493800000000078e+02,1.041447200000000066e+02,3.267535999999999774e+01,6.400000000000000000e+01,4.240000000000000000e+02
3.241913600000000315e+02,1.275581399999999945e+02,1.464209999999999923e+01,7.300000000000000000e+01,1.652000000000000000e+03
9.074361999999999284e+01,2.492370000000000019e+01,2.801905999999999963e+01,1.000000000000000000e+00,1.400000000000000000e+02
3.229265599999999949e+02,1.415872199999999737e+02,1.377679999999999794e+01,7.300000000000000000e+01,1.118000000000000000e+03
2.618785399999999868e+02,8.212326000000000192e+01,4.570449999999999591e+01,5.800000000000000000e+01,8.660000000000000000e+02
2.561410399999999754e+02,1.463162799999999777e+02,2.076618000000000208e+01,7.100000000000000000e+01,8.070000000000000000e+02
9.837593999999999994e+01,9.881725999999999033e+01,4.148884000000000327e+01,2.300000000000000000e+01,1.260000000000000000e+02
3.311871999999999616e+01,1.426979999999999791e+02,6.940453999999999724e+01,3.400000000000000000e+01,8.450000000000000000e+02
2.833610999999999649e+02,8.975490000000000634e+01,4.799236000000000502e+01,6.400000000000000000e+01,1.480000000000000000e+03
1.115614800000000173e+02,2.532864000000000004e+01,1.193127999999999922e+01,5.000000000000000000e+00,5.460000000000000000e+02
2.949125999999999976e+02,7.794091999999999132e+01,4.152488000000000312e+01,6.400000000000000000e+01,1.743000000000000000e+03
1.243481999999999914e+02,1.104843600000000094e+02,3.869607999999999493e+01,3.000000000000000000e+01,1.450000000000000000e+02
1.783962999999999965e+02,1.572669999999999959e+02,1.213833999999999769e+01,5.100000000000000000e+01,3.109000000000000000e+03
4.134740000000000038e+01,4.392289999999999850e+01,6.146996000000000038e+01,2.400000000000000000e+01,1.697000000000000000e+03
1.056206600000000009e+02,1.404026599999999974e+02,3.968377999999999872e+01,2.900000000000000000e+01,3.471000000000000000e+03
2.799026199999999562e+02,2.245257999999999754e+01,4.584559999999999036e+01,6.700000000000000000e+01,1.920000000000000000e+02
7.529640000000000555e+01,1.453571399999999869e+02,5.110336000000000212e+01,2.000000000000000000e+01,1.797000000000000000e+03
1.062285799999999938e+02,4.819364000000000203e+01,3.946923999999999921e+01,1.400000000000000000e+01,5.530000000000000000e+02
4.355569999999999453e+01,8.939484000000000208e+01,6.110548000000000002e+01,3.900000000000000000e+01,2.107000000000000000e+03
1.117600400000000036e+02,4.118691999999999354e+01,3.075197999999999965e+01,5.000000000000000000e+00,3.158000000000000000e+03
2.644567600000000311e+02,1.051341199999999958e+02,5.453089999999999549e+01,6.200000000000000000e+01,2.649000000000000000e+03
2.812282799999999838e+02,1.456560000000000059e+02,2.827507999999999910e+01,7.000000000000000000e+01,1.434000000000000000e+03
6.260589999999999833e+01,3.334277999999999764e+01,2.777527999999999864e+01,4.000000000000000000e+00,2.712000000000000000e+03
2.673120799999999804e+02,9.724034000000000333e+01,1.054612000000000016e+01,6.600000000000000000e+01,2.374000000000000000e+03
1.975233399999999904e+02,7.767911999999999750e+01,3.289329999999999643e+01,3.100000000000000000e+01,1.764000000000000000e+03
2.002069600000000094e+02,4.075478000000000378e+01,3.657005999999999801e+01,4.400000000000000000e+01,6.000000000000000000e+02
1.707602400000000102e+02,1.517549199999999985e+02,1.195100000000000051e+01,5.100000000000000000e+01,3.581000000000000000e+03
1.532301799999999901e+02,2.420629999999999882e+01,3.867669999999999675e+01,9.000000000000000000e+00,3.508000000000000000e+03
2.810239399999999819e+02,1.733523999999999887e+01,3.996835999999999700e+01,6.700000000000000000e+01,7.800000000000000000e+02
4.361758000000000379e+01,1.380967799999999954e+02,4.426460000000000150e+01,2.700000000000000000e+01,2.754000000000000000e+03
1.471955199999999877e+02,1.284656000000000020e+01,1.893357999999999919e+01,9.000000000000000000e+00,1.976000000000000000e+03
7.540520000000000778e+01,1.562106199999999774e+02,5.104216000000000264e+01,2.000000000000000000e+01,1.299000000000000000e+03
1.979663600000000088e+02,6.660396000000000072e+01,2.135199999999999676e+01,3.100000000000000000e+01,1.030000000000000000e+03
1.020098600000000033e+02,1.603582800000000077e+02,1.200846000000000124e+01,2.600000000000000000e+01,2.403000000000000000e+03
1.733517200000000003e+02,1.274455999999999989e+01,2.694907999999999859e+01,5.700000000000000000e+01,5.680000000000000000e+02
6.250627999999999673e+01,9.305086000000000013e+01,1.352553999999999768e+01,1.100000000000000000e+01,2.882000000000000000e+03
3.189081000000000472e+02,5.142363999999999891e+01,1.659778000000000020e+01,7.200000000000000000e+01,1.874000000000000000e+03
1.792068599999999776e+02,5.645938000000000301e+01,1.218016000000000076e+01,2.500000000000000000e+01,1.290000000000000000e+03
2.700518000000000143e+02,2.136458000000000013e+01,4.161532000000000409e+01,6.500000000000000000e+01,2.255000000000000000e+03
1.778400600000000225e+02,1.497108399999999904e+02,3.844073999999999813e+01,4.600000000000000000e+01,9.360000000000000000e+02
3.109922199999999748e+02,8.516898000000000479e+01,1.595755999999999730e+01,6.300000000000000000e+01,1.847000000000000000e+03
2.550193799999999555e+02,1.510875000000000057e+02,3.132454000000000249e+01,7.100000000000000000e+01,3.126000000000000000e+03
1.727077599999999791e+02,7.309319999999999595e+01,1.072461999999999982e+01,2.500000000000000000e+01,1.159000000000000000e+03
1.603252999999999986e+02,9.586470000000001335e+01,6.921447999999999467e+01,5.400000000000000000e+01,1.255000000000000000e+03
2.548044999999999902e+02,1.606615599999999802e+02,3.016275999999999868e+01,7.100000000000000000e+01,3.718000000000000000e+03
1.494497200000000134e+02,7.537766000000000588e+01,6.367622000000000071e+01,6.100000000000000000e+01,9.620000000000000000e+02
5.759463999999999118e+01,2.238764000000000109e+01,1.621086000000000027e+01,6.000000000000000000e+00,1.769000000000000000e+03
2.084043599999999969e+02,6.917640000000000100e+01,2.852769999999999584e+01,3.100000000000000000e+01,2.131000000000000000e+03
1.131292199999999895e+02,6.932872000000000412e+01,3.486869999999999692e+01,1.400000000000000000e+01,2.010000000000000000e+02
2.602886999999999489e+02,9.802913999999999817e+01,3.784268000000000143e+01,6.200000000000000000e+01,2.635000000000000000e+03
2.738047199999999748e+02,1.062867200000000025e+02,3.336589999999999634e+01,6.600000000000000000e+01,2.743000000000000000e+03
4.683431999999999817e+01,1.235723199999999906e+02,3.780731999999999715e+01,3.300000000000000000e+01,7.700000000000000000e+01
1.092997999999999905e+02,1.140523200000000088e+02,1.196936000000000000e+01,2.200000000000000000e+01,3.248000000000000000e+03
3.191083600000000047e+02,1.291204400000000021e+02,1.657057999999999964e+01,7.300000000000000000e+01,1.565000000000000000e+03
2.774923600000000192e+02,1.113377599999999745e+02,3.167575999999999681e+01,6.600000000000000000e+01,3.410000000000000000e+03
2.864051200000000108e+02,4.105772000000000332e+01,2.498523999999999745e+01,6.900000000000000000e+01,4.980000000000000000e+02
2.649687999999999874e+02,9.947719999999999629e+01,5.838615999999999673e+01,6.200000000000000000e+01,1.034000000000000000e+03
4.676666000000000167e+01,1.456604199999999878e+02,1.514258000000000060e+01,2.800000000000000000e+01,1.222000000000000000e+03
1.327835999999999927e+01,7.513795999999999253e+01,5.706831999999999994e+01,1.800000000000000000e+01,8.290000000000000000e+02
2.577832399999999780e+02,6.944432000000000471e+01,3.159382000000000090e+01,5.800000000000000000e+01,2.960000000000000000e+02
2.636849599999999896e+02,1.523471999999999866e+02,3.683118000000000336e+01,7.100000000000000000e+01,1.948000000000000000e+03
6.090793999999998931e+01,7.497917999999999950e+01,5.131415999999999400e+01,1.300000000000000000e+01,1.332000000000000000e+03
2.909267800000000079e+02,7.453922000000000025e+01,4.087888000000000233e+01,6.400000000000000000e+01,2.296000000000000000e+03
5.812163999999999930e+01,1.355719399999999837e+02,4.818649999999999523e+01,2.700000000000000000e+01,2.309000000000000000e+03
5.767692000000000974e+01,1.966356000000000037e+01,9.118800000000000239e+00,6.000000000000000000e+00,3.054000000000000000e+03
2.857186599999999999e+02,7.481495999999999924e+01,4.338365999999999190e+01,6.400000000000000000e+01,2.793000000000000000e+03
9.586266000000000531e+01,4.175301999999999936e+01,4.365532000000000323e+01,0.000000000000000000e+00,1.672000000000000000e+03
3.176630200000000173e+02,5.587287999999999499e+01,1.415385999999999811e+01,7.200000000000000000e+01,2.265000000000000000e+03
8.126101999999998782e+01,4.500511999999999802e+01,5.189521999999999480e+01,0.000000000000000000e+00,1.475000000000000000e+03
1.804277999999999906e+02,1.446122000000000085e+01,1.244026000000000209e+01,5.000000000000000000e+01,1.647000000000000000e+03
1.713076399999999921e+02,1.260379999999999967e+01,3.222894000000000148e+01,5.700000000000000000e+01,3.690000000000000000e+02
5.378528000000000020e+01,5.040670000000000073e+01,4.625903999999999883e+01,1.000000000000000000e+01,3.535000000000000000e+03
2.190160999999999945e+02,8.323608000000000118e+01,7.524063999999999908e+01,4.300000000000000000e+01,1.338000000000000000e+03
7.054115999999999076e+01,1.608046999999999969e+02,9.750519999999999854e+00,2.600000000000000000e+01,2.206000000000000000e+03
4.178667999999999694e+01,4.873933999999999855e+01,4.099277999999999622e+01,1.000000000000000000e+01,2.767000000000000000e+03
1.511646800000000042e+02,6.179329999999999501e+01,1.190713999999999828e+01,1.900000000000000000e+01,3.039000000000000000e+03
6.214247999999999905e+01,9.485456000000000643e+01,4.000168000000000035e+01,7.000000000000000000e+00,1.281000000000000000e+03
1.976967400000000055e+02,7.110793999999998505e+01,4.654328000000000287e+01,3.100000000000000000e+01,3.223000000000000000e+03
4.488611999999999824e+01,3.944680000000000319e+01,4.608699999999999619e+01,1.000000000000000000e+01,3.064000000000000000e+03
1.543412999999999897e+02,1.061517400000000038e+02,5.350511999999999802e+01,3.000000000000000000e+01,3.593000000000000000e+03
2.695628799999999501e+02,1.125651599999999917e+02,2.623541999999999774e+01,6.600000000000000000e+01,9.300000000000000000e+02
1.112643199999999979e+02,9.647704000000000235e+01,5.378052000000000277e+01,2.300000000000000000e+01,1.972000000000000000e+03
1.503418800000000033e+02,1.087591999999999928e+02,3.145509999999999806e+01,3.000000000000000000e+01,3.059000000000000000e+03
1.288181800000000123e+02,1.073233800000000144e+02,4.938228000000000151e+01,3.000000000000000000e+01,8.970000000000000000e+02
2.177931200000000160e+02,1.045081799999999959e+02,2.190722000000000236e+01,5.500000000000000000e+01,3.334000000000000000e+03
1.902197999999999922e+02,1.598632399999999905e+02,2.469861999999999824e+01,5.100000000000000000e+01,4.250000000000000000e+02
6.250627999999999673e+01,8.202363999999998612e+01,3.153431999999999746e+01,7.000000000000000000e+00,5.410000000000000000e+02
1.134263799999999947e+02,8.395109999999999673e+01,4.292806000000000211e+01,2.300000000000000000e+01,1.732000000000000000e+03
2.781757600000000252e+02,9.166195999999999344e+01,4.978517999999999688e+01,6.400000000000000000e+01,2.002000000000000000e+03
3.152887999999999806e+02,3.795318000000000325e+01,1.462815999999999761e+01,7.200000000000000000e+01,2.890000000000000000e+02
2.956997000000000071e+02,7.247575999999999397e+01,1.074162000000000106e+01,5.900000000000000000e+01,2.850000000000000000e+03
2.558731200000000001e+02,1.521802600000000041e+02,2.157776000000000138e+01,7.100000000000000000e+01,7.830000000000000000e+02
1.683095199999999920e+02,1.258305999999999969e+01,1.889278000000000191e+01,5.000000000000000000e+01,2.953000000000000000e+03
1.117172000000000054e+01,1.198044399999999996e+02,7.242645999999999162e+01,3.400000000000000000e+01,3.378000000000000000e+03
1.791494000000000142e+02,8.026550000000000296e+01,1.072461999999999982e+01,2.500000000000000000e+01,2.368000000000000000e+03
8.783015999999999224e+01,1.260658800000000070e+02,3.921287999999999840e+01,1.600000000000000000e+01,4.280000000000000000e+02
1.753186199999999815e+02,3.090837999999999752e+01,3.849990000000000379e+01,5.700000000000000000e+01,2.839000000000000000e+03
2.123211599999999635e+02,1.369394199999999842e+02,3.519407999999999959e+01,5.200000000000000000e+01,4.040000000000000000e+02
1.786088000000000164e+01,1.069167399999999901e+02,6.971155999999999153e+01,3.900000000000000000e+01,5.000000000000000000e+00
2.520307799999999929e+02,6.646829999999999927e+01,3.412919999999999732e+01,5.800000000000000000e+01,4.290000000000000000e+02
8.055280000000000484e+01,2.717109999999999914e+01,4.661977999999999156e+01,0.000000000000000000e+00,7.970000000000000000e+02
1.998883799999999837e+02,1.085960000000000036e+02,2.872524000000000299e+01,5.600000000000000000e+01,2.350000000000000000e+02
2.593336400000000026e+02,6.735128000000000270e+01,4.922111999999999910e+01,5.800000000000000000e+01,1.761000000000000000e+03
1.725462599999999895e+02,1.624720599999999990e+02,3.068364000000000402e+01,5.100000000000000000e+01,2.193000000000000000e+03
1.949097600000000057e+02,3.777637999999999607e+01,3.700831999999999766e+01,5.700000000000000000e+01,3.679000000000000000e+03
3.053907199999999875e+02,1.116152000000000015e+02,1.822229999999999706e+01,7.300000000000000000e+01,3.184000000000000000e+03
2.149231800000000021e+02,1.521812799999999868e+02,2.511852000000000018e+01,5.200000000000000000e+01,4.620000000000000000e+02
6.160800000000000409e+01,3.096142000000000394e+01,4.507141999999999626e+01,2.000000000000000000e+00,2.256000000000000000e+03
2.250511000000000195e+02,1.318298999999999808e+02,1.651447999999999894e+01,5.200000000000000000e+01,2.075000000000000000e+03
2.794871400000000108e+02,8.426389999999999247e+01,4.935372000000000270e+01,6.400000000000000000e+01,2.841000000000000000e+03
2.639933399999999892e+02,6.866436000000000206e+01,5.240487999999999857e+01,5.800000000000000000e+01,2.266000000000000000e+03
2.157456400000000087e+02,3.396940000000000026e+01,3.460826000000000136e+01,4.400000000000000000e+01,1.055000000000000000e+03
2.839826199999999972e+02,2.257973999999999748e+01,3.753259999999999508e+01,6.700000000000000000e+01,4.920000000000000000e+02
1.741282799999999895e+02,2.306185999999999936e+01,3.854919999999999902e+01,5.700000000000000000e+01,2.150000000000000000e+03
2.682613600000000247e+02,1.639038000000000039e+01,4.608836000000000155e+01,6.500000000000000000e+01,2.158000000000000000e+03
2.923136399999999639e+02,1.422148599999999874e+02,3.081147999999999598e+01,7.000000000000000000e+01,2.758000000000000000e+03
5.766909999999998604e+01,5.591299999999999670e+01,1.465569999999999773e+01,4.000000000000000000e+00,3.310000000000000000e+03
1.621204999999999927e+02,6.685760000000000502e+01,3.171452000000000027e+01,3.200000000000000000e+01,9.490000000000000000e+02
5.959315999999999747e+01,1.425504400000000089e+02,6.425523999999998637e+01,2.700000000000000000e+01,2.550000000000000000e+03
7.936517999999999518e+01,1.240969399999999894e+02,2.654243999999999915e+01,2.100000000000000000e+01,1.730000000000000000e+02
8.634945999999999344e+01,7.238327999999999918e+01,4.314566000000000656e+01,3.000000000000000000e+00,2.675000000000000000e+03
1.646126999999999896e+02,1.333663599999999860e+02,3.861890000000000356e+01,4.500000000000000000e+01,2.213000000000000000e+03
7.576151999999999020e+01,1.562691000000000088e+02,1.235797999999999774e+01,2.600000000000000000e+01,2.270000000000000000e+03
6.332533999999999708e+01,1.368285799999999881e+02,4.770573999999999160e+01,2.700000000000000000e+01,1.788000000000000000e+03
7.199261999999998807e+01,3.943421999999999628e+01,1.678511999999999915e+01,4.000000000000000000e+00,1.928000000000000000e+03
1.693101399999999899e+02,1.625757599999999741e+02,2.204729999999999990e+01,5.100000000000000000e+01,3.283000000000000000e+03
2.089034800000000018e+02,1.266340199999999925e+02,3.563301999999999481e+01,5.200000000000000000e+01,6.900000000000000000e+02
2.634472999999999843e+02,7.238939999999999486e+01,5.648079999999999501e+01,5.800000000000000000e+01,2.292000000000000000e+03
2.019175000000000182e+02,1.019976199999999977e+02,1.032681999999999967e+01,5.600000000000000000e+01,9.790000000000000000e+02
2.555395799999999724e+02,7.171450000000000102e+01,1.029588000000000036e+01,4.700000000000000000e+01,1.194000000000000000e+03
1.837094799999999850e+02,1.391331000000000131e+02,1.226720000000000077e+01,5.100000000000000000e+01,2.986000000000000000e+03
2.250511000000000195e+02,5.542101999999999862e+01,2.670870000000000033e+01,3.800000000000000000e+01,3.446000000000000000e+03
2.475883399999999881e+02,7.558097999999999672e+01,1.030879999999999974e+01,4.700000000000000000e+01,1.009000000000000000e+03
9.869758000000000209e+01,5.622919999999999874e+01,4.252515999999999252e+01,3.000000000000000000e+00,1.677000000000000000e+03
2.456697200000000123e+02,1.086174199999999956e+02,2.237030000000000030e+01,5.500000000000000000e+01,1.227000000000000000e+03
2.864044399999999655e+02,1.329066799999999944e+02,2.498354000000000141e+01,6.800000000000000000e+01,9.690000000000000000e+02
2.234235199999999963e+02,1.001894999999999953e+02,5.798393999999998982e+01,4.300000000000000000e+01,3.646000000000000000e+03
1.670940200000000004e+02,1.046380599999999959e+02,5.780271999999999366e+01,5.400000000000000000e+01,1.878000000000000000e+03
1.793703999999999894e+02,8.209299999999998931e+01,7.620726000000000511e+01,5.400000000000000000e+01,3.571000000000000000e+03
5.990663999999999589e+01,5.507625999999999067e+01,4.857647999999999655e+01,1.300000000000000000e+01,3.452000000000000000e+03
5.006363999999999237e+01,1.591223799999999926e+02,2.162502000000000280e+01,3.500000000000000000e+01,6.410000000000000000e+02
6.381153999999998661e+01,2.653665999999999769e+01,8.521080000000001320e+00,4.000000000000000000e+00,3.567000000000000000e+03
4.078571999999999775e+01,1.286818399999999940e+02,3.802389999999999759e+01,3.300000000000000000e+01,1.651000000000000000e+03
1.979755400000000236e+02,1.085534999999999854e+02,4.421291999999998978e+01,4.900000000000000000e+01,2.027000000000000000e+03
5.627102000000000004e+01,5.148586000000000240e+01,6.105516000000000076e+01,1.300000000000000000e+01,3.630000000000000000e+03
9.143518000000000256e+01,2.955381999999999820e+01,2.446673999999999793e+01,1.000000000000000000e+00,2.690000000000000000e+02
7.243937999999998567e+01,5.796693999999999392e+01,5.608810000000000429e+01,1.300000000000000000e+01,2.608000000000000000e+03
2.250140399999999943e+02,5.772519999999999385e+01,1.448026000000000124e+01,4.200000000000000000e+01,1.373000000000000000e+03
2.159173400000000242e+02,1.069327200000000033e+02,5.072493999999999659e+01,4.900000000000000000e+01,1.780000000000000000e+02
6.448099999999999454e+01,6.887311999999998591e+01,5.226411999999999125e+01,1.300000000000000000e+01,1.851000000000000000e+03
2.127101199999999892e+02,1.051881800000000027e+02,4.304059999999999775e+01,4.900000000000000000e+01,3.610000000000000000e+02
1.389185600000000136e+02,1.568253400000000113e+02,1.194692000000000043e+01,4.000000000000000000e+01,2.700000000000000000e+01
2.255832000000000193e+01,6.952490000000000236e+01,6.757023999999999830e+01,1.800000000000000000e+01,2.570000000000000000e+03
1.851809999999999832e+02,1.140662599999999856e+02,1.229031999999999947e+01,5.600000000000000000e+01,1.901000000000000000e+03
9.353229999999999222e+01,2.480470000000000041e+01,1.368738000000000099e+01,1.000000000000000000e+00,1.210000000000000000e+03
1.290371399999999937e+02,1.216159600000000154e+02,3.344579999999999842e+01,3.000000000000000000e+01,3.623000000000000000e+03
4.346117999999999881e+01,1.474811199999999758e+02,1.921646000000000143e+01,2.800000000000000000e+01,1.437000000000000000e+03
6.146996000000000038e+01,1.595987199999999859e+02,1.422526000000000046e+01,2.800000000000000000e+01,3.436000000000000000e+03
1.776792399999999930e+02,1.620076199999999744e+02,2.872421999999999898e+01,5.100000000000000000e+01,1.457000000000000000e+03
5.405762000000000000e+01,1.393863999999999770e+01,4.513873999999999853e+01,2.000000000000000000e+00,1.713000000000000000e+03
1.279640999999999877e+02,1.477259200000000021e+02,1.192379999999999818e+01,3.600000000000000000e+01,3.537000000000000000e+03
3.353012000000000370e+01,6.424402000000000612e+01,6.746585999999999217e+01,1.800000000000000000e+01,1.738000000000000000e+03
2.146188800000000185e+02,1.085960000000000036e+02,1.908896000000000015e+01,5.500000000000000000e+01,3.253000000000000000e+03
5.732093999999999312e+01,1.433701800000000048e+02,3.320881999999999579e+01,2.800000000000000000e+01,2.639000000000000000e+03
7.217247999999999308e+01,1.501966999999999928e+02,1.030438000000000009e+01,2.600000000000000000e+01,1.680000000000000000e+03
2.811225399999999581e+02,7.033172000000000423e+01,1.061003999999999969e+01,5.300000000000000000e+01,7.210000000000000000e+02
3.135133200000000215e+02,9.167419999999998481e+01,3.197189999999999799e+01,6.300000000000000000e+01,1.007000000000000000e+03
7.894629999999999370e+01,1.516161999999999921e+02,5.304952000000000112e+01,2.000000000000000000e+01,1.786000000000000000e+03
9.149672000000001049e+01,1.404047000000000196e+02,2.415223999999999904e+01,2.600000000000000000e+01,3.445000000000000000e+03
1.327778199999999913e+02,9.307941999999998473e+01,6.116702000000000083e+01,6.100000000000000000e+01,5.900000000000000000e+02
1.005954600000000028e+02,1.546381199999999865e+02,1.200641999999999854e+01,2.600000000000000000e+01,2.074000000000000000e+03
6.926037999999999784e+01,1.067429999999999879e+01,1.534555999999999898e+01,1.000000000000000000e+00,3.189000000000000000e+03
6.258719999999998862e+01,8.023149999999999693e+01,4.011183999999999372e+01,7.000000000000000000e+00,1.252000000000000000e+03
2.724630799999999908e+02,1.359826600000000099e+02,4.684961999999999449e+01,7.400000000000000000e+01,2.650000000000000000e+02
6.639315999999999462e+01,7.530999999999998806e+01,5.286591999999999558e+01,1.300000000000000000e+01,1.556000000000000000e+03
5.724002000000000123e+01,3.669551999999999481e+01,6.117381999999999920e+01,2.000000000000000000e+00,3.539000000000000000e+03
1.298514399999999966e+02,1.580513799999999947e+02,1.195065999999999917e+01,3.600000000000000000e+01,3.470000000000000000e+03
3.195867399999999634e+02,8.595947999999999922e+01,2.737781999999999627e+01,6.300000000000000000e+01,1.231000000000000000e+03
2.401617200000000025e+02,7.356750000000000966e+01,1.777179999999999893e+01,4.700000000000000000e+01,2.351000000000000000e+03
2.399220199999999750e+02,1.085960000000000036e+02,4.494017999999999802e+01,6.200000000000000000e+01,1.368000000000000000e+03
2.685928599999999733e+02,1.557121799999999894e+02,4.618083999999999634e+01,7.400000000000000000e+01,3.005000000000000000e+03
2.800926799999999730e+02,3.075061999999999784e+01,1.032273999999999958e+01,6.000000000000000000e+01,7.270000000000000000e+02
2.093468399999999860e+02,8.110019999999998674e+01,5.425890000000000413e+01,4.800000000000000000e+01,9.040000000000000000e+02
1.466385999999999967e+01,6.119694000000000500e+01,7.109909999999999286e+01,1.800000000000000000e+01,3.476000000000000000e+03
1.815450400000000002e+02,1.016440200000000118e+02,1.072461999999999982e+01,5.600000000000000000e+01,3.522000000000000000e+03
2.623939799999999991e+02,1.471030399999999929e+02,1.280711999999999939e+01,7.100000000000000000e+01,6.760000000000000000e+02
1.472631800000000055e+02,1.184678999999999860e+02,1.189761999999999986e+01,3.700000000000000000e+01,2.632000000000000000e+03
5.770649999999999835e+01,9.435068000000001120e+01,4.718655999999999295e+01,7.000000000000000000e+00,3.613000000000000000e+03
9.173913999999999191e+01,1.619494800000000225e+02,2.331481999999999744e+01,2.600000000000000000e+01,8.320000000000000000e+02
5.565324000000000382e+01,4.600947999999999638e+01,6.067945999999999174e+01,2.400000000000000000e+01,3.405000000000000000e+03
1.816116799999999785e+02,1.033290599999999984e+02,6.086238000000000170e+01,5.400000000000000000e+01,2.945000000000000000e+03
7.132689999999999486e+01,3.310001999999999356e+01,2.997541999999999973e+01,4.000000000000000000e+00,1.660000000000000000e+03
2.602625199999999950e+02,9.302501999999999782e+01,3.308948000000000178e+01,6.600000000000000000e+01,1.088000000000000000e+03
8.562900000000000489e+01,1.659322400000000073e+02,2.753285999999999589e+01,2.600000000000000000e+01,4.970000000000000000e+02
2.032329600000000198e+02,9.181631999999999039e+01,1.296895999999999738e+01,5.600000000000000000e+01,2.205000000000000000e+03
4.107199999999999562e+01,8.440873999999999455e+01,6.151585999999999643e+01,3.900000000000000000e+01,2.425000000000000000e+03
1.768999599999999930e+02,1.620273399999999810e+02,1.393965999999999994e+01,5.100000000000000000e+01,3.028000000000000000e+03
1.921778599999999813e+02,7.660437999999999192e+01,1.072461999999999982e+01,2.500000000000000000e+01,2.299000000000000000e+03
1.497257999999999925e+02,2.988429999999999964e+01,3.867568000000000694e+01,9.000000000000000000e+00,2.418000000000000000e+03
5.641994000000000398e+01,1.659322400000000073e+02,4.818717999999999790e+01,3.500000000000000000e+01,3.462000000000000000e+03
2.133856999999999857e+02,9.798460000000000036e+01,5.338034000000000390e+01,4.900000000000000000e+01,1.200000000000000000e+02
2.590636799999999766e+02,8.947745999999999356e+01,2.355418000000000234e+01,4.700000000000000000e+01,2.761000000000000000e+03
8.350400000000000489e+01,2.646900000000000119e+01,2.106878000000000029e+01,1.000000000000000000e+00,1.991000000000000000e+03
2.997004799999999705e+02,1.014406999999999925e+02,3.384563999999999595e+01,6.400000000000000000e+01,3.940000000000000000e+02
7.713511999999998636e+01,1.255728799999999978e+02,1.323619999999999841e+01,2.100000000000000000e+01,2.089000000000000000e+03
1.784184000000000125e+01,9.254867999999999029e+01,7.147310000000000230e+01,1.800000000000000000e+01,1.801000000000000000e+03
7.785660000000000025e+01,7.912139999999999418e+01,4.364342000000000610e+01,7.000000000000000000e+00,8.250000000000000000e+02
2.863415399999999522e+02,7.089883999999999276e+01,1.406750000000000078e+01,5.900000000000000000e+01,3.300000000000000000e+01
6.164981999999999829e+01,6.900333999999999435e+01,5.673410000000000508e+01,1.300000000000000000e+01,1.617000000000000000e+03
1.639738399999999672e+02,6.664815999999999008e+01,3.681383999999999901e+01,3.200000000000000000e+01,8.130000000000000000e+02
8.894298000000000570e+01,3.333666000000000196e+01,4.760169999999999391e+01,0.000000000000000000e+00,6.490000000000000000e+02
1.445513399999999820e+02,1.529680400000000020e+02,3.868349999999999511e+01,4.500000000000000000e+01,6.100000000000000000e+02
9.063855999999999824e+01,1.375051799999999673e+02,2.856373999999999924e+01,1.600000000000000000e+01,7.570000000000000000e+02
2.985798399999999901e+02,7.451066000000000145e+01,3.649559999999999604e+01,6.400000000000000000e+01,2.898000000000000000e+03
7.303403999999999030e+01,1.544708400000000097e+02,5.581031999999999726e+01,2.000000000000000000e+01,1.081000000000000000e+03
7.370418000000000802e+01,4.916026000000000096e+01,4.512275999999999954e+01,0.000000000000000000e+00,3.143000000000000000e+03
8.068947999999998899e+01,9.068445999999998719e+01,4.628692000000000206e+01,7.000000000000000000e+00,8.700000000000000000e+02
8.084621999999998820e+01,1.010340599999999966e+02,4.022471999999999781e+01,1.200000000000000000e+01,1.220000000000000000e+02
2.403908799999999815e+02,6.656383999999999901e+01,1.561415999999999826e+01,4.200000000000000000e+01,2.805000000000000000e+03
4.012816000000000116e+01,8.230584000000000344e+01,6.681441999999999837e+01,1.800000000000000000e+01,1.226000000000000000e+03
1.641060999999999979e+02,6.684365999999999985e+01,2.066554000000000002e+01,2.500000000000000000e+01,1.742000000000000000e+03
5.375706000000000273e+01,1.561973599999999749e+02,5.287408000000000641e+01,2.700000000000000000e+01,2.157000000000000000e+03
6.170897999999999683e+01,1.433698400000000106e+02,4.235992000000000246e+01,2.700000000000000000e+01,2.215000000000000000e+03
7.044221999999999184e+01,1.659322400000000073e+02,1.112411999999999956e+01,2.600000000000000000e+01,2.450000000000000000e+03
3.056742800000000102e+02,8.704645999999999617e+01,1.808970000000000056e+01,6.300000000000000000e+01,2.007000000000000000e+03
1.767115999999999758e+02,5.021119999999999806e+01,1.210706000000000060e+01,2.500000000000000000e+01,1.285000000000000000e+03
2.919596999999999980e+02,1.358174199999999985e+02,3.226124000000000080e+01,7.400000000000000000e+01,3.673000000000000000e+03
1.361489200000000039e+02,1.461619199999999807e+02,1.192005999999999943e+01,4.000000000000000000e+01,4.860000000000000000e+02
3.111418199999999956e+02,1.135314399999999893e+02,1.590316000000000152e+01,7.300000000000000000e+01,3.091000000000000000e+03
1.559525600000000054e+02,1.202450799999999873e+02,3.869709999999999894e+01,3.000000000000000000e+01,2.507000000000000000e+03
1.214752000000000010e+02,9.794753999999998939e+01,5.627135999999999427e+01,2.300000000000000000e+01,3.384000000000000000e+03
2.112266999999999939e+02,6.727715999999999497e+01,1.032681999999999967e+01,4.200000000000000000e+01,3.101000000000000000e+03
9.517925999999999931e+01,1.259427999999999948e+01,3.342981999999999942e+01,1.000000000000000000e+00,9.680000000000000000e+02
1.686474800000000016e+02,2.988021999999999778e+01,1.195406000000000013e+01,5.000000000000000000e+01,2.650000000000000000e+03
9.417761999999999034e+01,1.625319000000000074e+02,4.271216000000000435e+01,2.000000000000000000e+01,2.854000000000000000e+03
1.113472799999999978e+02,2.696948000000000079e+01,3.481259999999999621e+01,5.000000000000000000e+00,2.263000000000000000e+03
1.847515799999999899e+02,9.679426000000000840e+01,1.072461999999999982e+01,5.600000000000000000e+01,3.296000000000000000e+03
1.608965000000000032e+02,8.053239999999999554e+01,6.978329999999999700e+01,5.400000000000000000e+01,9.750000000000000000e+02
8.710902000000000100e+01,1.151488200000000006e+02,4.021519999999999584e+01,1.200000000000000000e+01,2.434000000000000000e+03
2.711255199999999945e+02,4.115835999999999473e+01,2.457179999999999964e+01,6.000000000000000000e+01,2.579000000000000000e+03
2.206365399999999966e+02,7.482890000000000441e+01,5.514460000000000406e+01,4.300000000000000000e+01,3.970000000000000000e+02
2.582874600000000100e+02,3.204091999999999985e+01,1.698946000000000112e+01,6.000000000000000000e+01,2.944000000000000000e+03
2.523622799999999700e+02,7.117491999999998598e+01,2.100553999999999988e+01,4.700000000000000000e+01,4.100000000000000000e+02
1.162249199999999831e+02,9.656713999999999487e+01,4.138309999999999889e+01,2.300000000000000000e+01,1.152000000000000000e+03
2.979277199999999652e+02,9.400965999999999667e+01,1.055495999999999945e+01,5.900000000000000000e+01,2.312000000000000000e+03
2.767375599999999736e+02,6.088481999999999772e+01,2.419168000000000163e+01,5.300000000000000000e+01,1.816000000000000000e+03
7.862398000000000309e+01,1.188429200000000066e+02,1.461863999999999919e+01,2.100000000000000000e+01,8.740000000000000000e+02
1.009932600000000065e+02,1.056464999999999890e+02,3.501388000000000034e+01,1.700000000000000000e+01,6.690000000000000000e+02
2.026076999999999941e+02,8.582450000000000045e+01,7.967831999999999937e+01,4.800000000000000000e+01,3.683000000000000000e+03
2.126427999999999656e+02,8.717905999999999267e+01,1.032681999999999967e+01,4.200000000000000000e+01,3.285000000000000000e+03
1.209172599999999846e+02,1.449661399999999958e+02,1.191733999999999938e+01,2.900000000000000000e+01,2.363000000000000000e+03
2.637379999999999924e+01,1.099716399999999936e+02,6.807751999999999271e+01,3.900000000000000000e+01,4.610000000000000000e+02
8.960190000000000055e+01,2.697117999999999682e+01,3.388779999999999148e+01,1.000000000000000000e+00,3.060000000000000000e+02
1.835466199999999901e+02,9.085752000000000805e+01,1.072461999999999982e+01,5.600000000000000000e+01,2.762000000000000000e+03
1.061116200000000021e+02,1.050093399999999946e+02,1.713634000000000057e+01,2.200000000000000000e+01,3.304000000000000000e+03
3.986737999999999715e+01,1.295478200000000015e+02,3.272500000000000142e+01,3.300000000000000000e+01,1.829000000000000000e+03
2.671393599999999537e+02,1.457559599999999875e+02,2.182425999999999888e+01,7.100000000000000000e+01,9.020000000000000000e+02
1.827455800000000181e+02,1.614527400000000057e+02,1.447379999999999889e+01,5.100000000000000000e+01,2.872000000000000000e+03
1.996242000000000019e+02,6.208739999999999526e+01,1.259971999999999959e+01,3.100000000000000000e+01,5.940000000000000000e+02
1.265211399999999884e+02,1.698537999999999926e+01,3.867568000000000694e+01,9.000000000000000000e+00,1.120000000000000000e+02
2.082384399999999687e+02,7.654453999999999780e+01,1.530578000000000038e+01,4.200000000000000000e+01,3.515000000000000000e+03
7.667645999999999162e+01,5.438130000000000308e+01,5.411032000000000153e+01,0.000000000000000000e+00,2.354000000000000000e+03
2.495701999999999714e+02,1.049671799999999848e+02,4.447029999999999461e+01,6.200000000000000000e+01,1.512000000000000000e+03
1.566509199999999851e+02,6.689567999999999870e+01,3.338494000000000028e+01,3.200000000000000000e+01,1.328000000000000000e+03
1.359020800000000122e+02,8.388071999999999662e+01,1.072461999999999982e+01,1.900000000000000000e+01,3.088000000000000000e+03
1.871135600000000068e+02,1.023342200000000020e+02,1.072461999999999982e+01,5.600000000000000000e+01,3.227000000000000000e+03
8.320411999999998898e+01,1.174751000000000118e+02,5.081606000000000734e+01,1.200000000000000000e+01,1.968000000000000000e+03
4.592719999999999914e+01,5.791899999999999693e+01,6.610756000000000654e+01,1.300000000000000000e+01,3.547000000000000000e+03
2.562542600000000448e+02,1.723595999999999862e+01,3.555277999999999849e+01,6.500000000000000000e+01,2.113000000000000000e+03
7.443721999999999639e+01,1.400289999999999964e+02,4.442916000000000309e+01,1.600000000000000000e+01,1.456000000000000000e+03
1.013519600000000054e+02,9.767078000000000770e+01,1.072563999999999851e+01,2.200000000000000000e+01,3.266000000000000000e+03
2.398383800000000008e+02,1.058651199999999903e+02,3.916392000000000451e+01,6.200000000000000000e+01,1.750000000000000000e+03
1.924379600000000039e+02,7.316357999999999606e+01,6.470403999999999201e+01,4.800000000000000000e+01,2.627000000000000000e+03
2.298488399999999672e+02,9.533702000000000965e+01,5.111865999999999843e+01,4.300000000000000000e+01,2.162000000000000000e+03
8.995413999999999533e+01,1.487472799999999893e+02,4.695875999999999806e+01,2.000000000000000000e+01,2.325000000000000000e+03
1.477779400000000010e+02,6.364629999999999654e+01,3.869675999999999760e+01,3.200000000000000000e+01,1.558000000000000000e+03
6.347120000000001028e+01,1.917022000000000048e+01,8.518019999999999925e+00,6.000000000000000000e+00,2.809000000000000000e+03
2.690535599999999476e+02,6.782455999999999108e+01,2.982139999999999702e+01,5.300000000000000000e+01,3.322000000000000000e+03
6.878744000000000369e+01,2.349332000000000065e+01,9.261939999999999173e+00,4.000000000000000000e+00,3.634000000000000000e+03
2.490401400000000081e+02,9.924804000000000315e+01,5.578379999999999939e+01,6.200000000000000000e+01,1.344000000000000000e+03
8.886035999999998580e+01,5.852113999999999550e+01,3.770293999999999812e+01,3.000000000000000000e+00,2.803000000000000000e+03
2.237152399999999659e+02,2.971701999999999799e+01,3.228333999999999548e+01,4.400000000000000000e+01,7.280000000000000000e+02
1.084358600000000052e+02,1.085014800000000008e+02,3.406494000000000000e+01,1.700000000000000000e+01,1.347000000000000000e+03
4.571844000000000108e+01,6.891663999999998680e+01,5.195267999999999375e+01,1.300000000000000000e+01,2.586000000000000000e+03
5.176126000000000005e+01,1.228253399999999829e+02,5.176670000000000016e+01,2.700000000000000000e+01,2.797000000000000000e+03
9.491847999999998819e+01,1.565989000000000146e+02,1.204687999999999803e+01,2.600000000000000000e+01,1.814000000000000000e+03
2.217745199999999954e+02,1.031607599999999962e+02,1.032681999999999967e+01,5.500000000000000000e+01,3.327000000000000000e+03
2.612726600000000303e+02,2.685932000000000031e+01,1.378087999999999802e+01,6.000000000000000000e+01,1.306000000000000000e+03
8.122735999999999024e+01,1.142151800000000037e+02,3.740442000000000178e+01,1.200000000000000000e+01,7.160000000000000000e+02
7.092705999999998312e+01,1.242264799999999951e+02,1.615510000000000090e+01,2.100000000000000000e+01,1.311000000000000000e+03
1.711383199999999931e+02,7.356512000000000739e+01,6.568698000000000548e+01,5.400000000000000000e+01,1.830000000000000000e+02
6.291563999999999623e+01,1.645579600000000084e+02,8.512579999999999814e+00,2.600000000000000000e+01,3.622000000000000000e+03
2.406026999999999987e+02,1.085960000000000036e+02,2.011235999999999891e+01,5.500000000000000000e+01,1.351000000000000000e+03
1.438699799999999982e+02,1.591441399999999931e+02,3.868349999999999511e+01,4.500000000000000000e+01,3.180000000000000000e+02
1.730086599999999919e+02,5.510923999999999978e+01,1.200539999999999985e+01,2.500000000000000000e+01,1.107000000000000000e+03
4.945571999999999946e+01,1.464822000000000024e+01,4.239766000000000190e+01,2.000000000000000000e+00,2.163000000000000000e+03
3.230272000000000503e+02,1.165417999999999950e+02,1.378359999999999985e+01,7.300000000000000000e+01,2.106000000000000000e+03
2.652486200000000167e+02,2.216323999999999828e+01,3.932575999999999539e+01,6.500000000000000000e+01,2.822000000000000000e+03
9.113393999999999551e+01,1.328373200000000054e+02,2.601985999999999777e+01,1.600000000000000000e+01,7.220000000000000000e+02
2.250242399999999918e+02,1.060259399999999914e+02,2.728397999999999612e+01,5.500000000000000000e+01,3.632000000000000000e+03
4.802976000000000312e+01,5.591299999999999670e+01,2.266541999999999746e+01,1.000000000000000000e+01,1.746000000000000000e+03
2.755614999999999668e+02,6.933789999999999054e+01,3.265904000000000451e+01,5.300000000000000000e+01,1.310000000000000000e+03
7.866409999999999059e+01,1.151957399999999865e+02,5.318314000000000163e+01,1.200000000000000000e+01,2.541000000000000000e+03
2.612910200000000032e+02,9.227021999999999480e+01,4.063680000000000092e+01,6.200000000000000000e+01,2.642000000000000000e+03
1.975348999999999648e+02,6.961465999999998644e+01,5.446562000000000126e+01,4.800000000000000000e+01,2.720000000000000000e+03
3.078394000000000119e+02,6.014395999999999276e+01,1.773440000000000083e+01,7.200000000000000000e+01,3.521000000000000000e+03
2.974850399999999695e+02,1.021424599999999856e+02,1.703671999999999898e+01,5.900000000000000000e+01,2.862000000000000000e+03
9.367849999999999966e+01,1.007345199999999892e+02,4.548077999999999577e+01,2.300000000000000000e+01,2.440000000000000000e+02
2.171457599999999957e+02,7.563130000000001019e+01,1.575696000000000119e+01,4.200000000000000000e+01,3.422000000000000000e+03
1.772141199999999799e+02,1.049984600000000086e+02,5.835759999999999081e+01,4.100000000000000000e+01,3.229000000000000000e+03
2.805414800000000355e+02,1.483318000000000154e+02,1.676675999999999789e+01,7.000000000000000000e+01,3.900000000000000000e+02
4.960804000000000258e+01,1.303855800000000045e+02,2.041325999999999752e+01,2.800000000000000000e+01,3.196000000000000000e+03
6.921244000000000085e+01,1.321845199999999920e+02,1.553664000000000023e+01,2.100000000000000000e+01,3.639000000000000000e+03
2.287904199999999548e+02,1.062652999999999963e+02,1.032681999999999967e+01,5.500000000000000000e+01,3.607000000000000000e+03
1.264507600000000025e+02,3.098113999999999990e+01,1.191563999999999979e+01,5.000000000000000000e+00,8.560000000000000000e+02
1.446699999999999875e+01,1.368058000000000050e+02,7.196916000000000224e+01,3.400000000000000000e+01,3.131000000000000000e+03
2.876127999999999929e+02,2.095249999999999702e+01,3.005021999999999949e+01,6.900000000000000000e+01,3.038000000000000000e+03
3.627459999999999241e+01,5.792613999999999663e+01,6.269633999999999929e+01,2.400000000000000000e+01,3.210000000000000000e+03
2.171032599999999775e+02,9.950168000000000745e+01,6.860825999999998714e+01,4.300000000000000000e+01,2.757000000000000000e+03
1.788056599999999889e+02,5.675891999999999626e+01,3.843224000000000018e+01,3.200000000000000000e+01,5.700000000000000000e+01
1.723657200000000103e+02,2.317610000000000170e+01,1.197174000000000049e+01,5.000000000000000000e+01,1.756000000000000000e+03
1.159610799999999955e+02,6.642749999999999488e+01,2.340933999999999671e+01,8.000000000000000000e+00,2.628000000000000000e+03
5.454007999999999612e+01,4.392561999999999500e+01,4.659768000000000399e+01,1.000000000000000000e+01,3.297000000000000000e+03
2.636193399999999656e+02,1.855686000000000035e+01,4.400075999999999965e+01,6.500000000000000000e+01,2.214000000000000000e+03
2.605984399999999823e+02,1.488214000000000112e+02,4.165917999999999211e+01,7.100000000000000000e+01,2.752000000000000000e+03
5.754057999999999851e+01,1.306079399999999850e+02,1.510143999999999664e+01,2.800000000000000000e+01,3.650000000000000000e+02
3.492173999999999978e+01,3.652416000000000196e+01,7.053470000000000084e+01,2.400000000000000000e+01,1.523000000000000000e+03
2.250511000000000195e+02,4.541516000000000020e+01,2.416073999999999700e+01,4.400000000000000000e+01,7.310000000000000000e+02
1.163704400000000163e+02,1.568215999999999966e+01,1.195201999999999920e+01,5.000000000000000000e+00,5.080000000000000000e+02
1.049814600000000127e+02,8.749049999999999727e+01,4.540122000000000213e+01,2.300000000000000000e+01,3.235000000000000000e+03
1.534253400000000056e+02,1.313205800000000067e+02,3.870322000000000173e+01,4.500000000000000000e+01,2.704000000000000000e+03
3.240335999999999927e+01,1.174941399999999874e+02,3.325539999999999452e+01,3.300000000000000000e+01,2.633000000000000000e+03
2.864425200000000018e+02,1.435044800000000009e+02,3.338935999999999638e+01,7.400000000000000000e+01,1.602000000000000000e+03
1.163541200000000089e+02,3.509309999999999974e+01,3.083902000000000498e+01,5.000000000000000000e+00,3.118000000000000000e+03
3.265904000000000451e+01,1.120051800000000100e+02,3.223234000000000066e+01,3.300000000000000000e+01,2.546000000000000000e+03
2.157344199999999717e+02,4.731235999999999819e+01,3.461574000000000240e+01,4.400000000000000000e+01,7.000000000000000000e+00
1.602107200000000091e+02,1.470551000000000101e+02,3.861720000000000397e+01,4.500000000000000000e+01,1.508000000000000000e+03
1.242757799999999833e+02,1.283567999999999998e+01,3.638271999999999906e+01,5.000000000000000000e+00,2.631000000000000000e+03
2.859971199999999953e+02,1.489801799999999901e+02,3.469597999999999871e+01,7.400000000000000000e+01,1.419000000000000000e+03
7.741935999999999751e+01,6.100007999999998987e+01,5.376419999999999533e+01,3.000000000000000000e+00,8.930000000000000000e+02
7.058263999999999783e+01,1.597727999999999895e+02,1.612041999999999931e+01,2.600000000000000000e+01,3.323000000000000000e+03
1.915913600000000088e+02,6.636256000000000199e+01,1.668957999999999942e+01,3.100000000000000000e+01,7.650000000000000000e+02
2.243398200000000315e+02,1.452619400000000098e+02,3.010326000000000235e+01,5.200000000000000000e+01,5.640000000000000000e+02
6.869530000000000314e+01,1.536143800000000113e+02,4.767649999999999721e+01,2.000000000000000000e+01,5.780000000000000000e+02
3.347878000000000043e+01,1.423352199999999925e+02,6.106637999999999522e+01,3.400000000000000000e+01,8.510000000000000000e+02
2.215878599999999778e+02,1.473015999999999792e+02,1.931268000000000029e+01,5.200000000000000000e+01,9.240000000000000000e+02
2.711874000000000251e+02,8.013902000000000214e+01,1.034041999999999994e+01,4.700000000000000000e+01,2.721000000000000000e+03
8.597783999999998628e+01,1.269185999999999979e+02,3.409893999999999892e+01,1.600000000000000000e+01,2.170000000000000000e+02
1.583383399999999881e+02,6.648870000000000857e+01,3.867533999999999850e+01,3.200000000000000000e+01,1.413000000000000000e+03
1.421811999999999898e+02,1.283193999999999946e+01,2.251479999999999748e+01,9.000000000000000000e+00,1.414000000000000000e+03
7.818232000000000426e+01,8.500000000000000000e+00,2.091850000000000165e+01,1.000000000000000000e+00,2.998000000000000000e+03
2.509070799999999792e+02,7.570439999999999259e+01,1.567229999999999812e+01,4.700000000000000000e+01,3.420000000000000000e+02
1.049583400000000069e+02,1.048740199999999874e+02,3.084887999999999764e+01,1.700000000000000000e+01,8.190000000000000000e+02
1.156693599999999975e+02,7.545211999999999364e+01,5.341399999999999437e+01,2.300000000000000000e+01,3.049000000000000000e+03
2.705668999999999755e+02,1.441484399999999937e+02,4.084861999999999682e+01,7.400000000000000000e+01,1.478000000000000000e+03
2.774107600000000389e+02,1.144984000000000037e+02,2.568156000000000105e+01,6.600000000000000000e+01,2.914000000000000000e+03
3.195693999999999733e+02,6.604533999999999594e+01,1.650631999999999877e+01,7.200000000000000000e+01,3.119000000000000000e+03
1.854801999999999751e+01,9.832323999999999842e+01,6.949600000000000932e+01,3.900000000000000000e+01,4.070000000000000000e+02
2.803231999999999857e+01,7.213576000000000477e+01,6.792520000000000380e+01,1.800000000000000000e+01,3.048000000000000000e+03
1.547088400000000092e+02,4.551579999999999160e+01,3.870015999999999678e+01,3.200000000000000000e+01,3.051000000000000000e+03
1.801265599999999836e+02,4.061265999999999821e+01,3.837885999999999598e+01,5.700000000000000000e+01,3.108000000000000000e+03
2.850821799999999939e+02,9.758577999999999975e+01,1.048151999999999973e+01,5.900000000000000000e+01,1.460000000000000000e+03
1.361730599999999924e+02,1.080683199999999999e+02,4.745107999999999748e+01,3.000000000000000000e+01,2.241000000000000000e+03
1.320158800000000099e+02,1.205636599999999845e+02,3.869165999999999883e+01,3.000000000000000000e+01,3.424000000000000000e+03
8.739360000000000639e+01,7.505499999999999261e+01,1.072597999999999985e+01,1.100000000000000000e+01,3.488000000000000000e+03
1.246144199999999955e+02,5.572803999999999292e+01,3.229014000000000095e+01,1.400000000000000000e+01,1.576000000000000000e+03
1.234417599999999879e+02,1.066508599999999944e+02,4.832657999999999987e+01,3.000000000000000000e+01,6.070000000000000000e+02
4.089282000000000039e+01,1.542029200000000060e+02,2.479585999999999757e+01,3.500000000000000000e+01,2.780000000000000000e+02
2.293966399999999908e+02,8.071634000000000242e+01,7.047723999999999478e+01,4.300000000000000000e+01,1.487000000000000000e+03
2.923881000000000085e+02,1.439566800000000057e+02,2.583863999999999805e+01,7.000000000000000000e+01,2.501000000000000000e+03
1.054275399999999934e+02,3.339650000000000318e+01,1.197752000000000017e+01,5.000000000000000000e+00,1.013000000000000000e+03
9.216040000000000987e+01,1.141862799999999822e+02,4.556781999999999755e+01,1.200000000000000000e+01,1.530000000000000000e+03
6.454219999999999402e+01,1.527109999999999843e+02,1.544314000000000142e+01,2.800000000000000000e+01,3.381000000000000000e+03
4.496771999999999991e+01,3.353249999999999886e+01,4.617607999999999890e+01,1.000000000000000000e+01,3.294000000000000000e+03
7.724187999999999477e+01,4.380219999999999914e+01,4.126783999999999253e+01,0.000000000000000000e+00,3.225000000000000000e+03
7.531815999999999178e+01,1.444153399999999863e+02,1.944902000000000086e+01,2.100000000000000000e+01,2.437000000000000000e+03
5.184387999999999863e+01,1.368034199999999885e+02,1.820700000000000074e+01,2.800000000000000000e+01,1.390000000000000000e+03
2.187141799999999705e+02,1.165550599999999832e+02,3.387760000000000105e+01,4.900000000000000000e+01,2.790000000000000000e+03
7.224557999999998970e+01,6.320463999999999771e+01,5.617887999999999238e+01,1.300000000000000000e+01,2.464000000000000000e+03
4.725455999999999790e+01,8.491975999999999658e+01,6.070869999999999322e+01,1.300000000000000000e+01,5.980000000000000000e+02
3.996087999999999596e+01,1.422893199999999752e+02,5.957853999999999672e+01,2.700000000000000000e+01,3.448000000000000000e+03
1.723235599999999863e+02,8.137321999999998923e+01,1.072461999999999982e+01,2.500000000000000000e+01,2.223000000000000000e+03
1.437978999999999985e+02,4.161701999999999657e+01,1.189829999999999899e+01,1.500000000000000000e+01,6.740000000000000000e+02
9.177178000000000679e+01,2.068117999999999768e+01,2.273308000000000106e+01,1.000000000000000000e+00,3.920000000000000000e+02
2.136434199999999919e+02,2.763485999999999976e+01,1.331405999999999956e+01,4.400000000000000000e+01,1.635000000000000000e+03
7.677811999999998704e+01,1.107373199999999969e+02,3.768287999999999727e+01,1.200000000000000000e+01,6.190000000000000000e+02
1.869945600000000070e+02,3.719294000000000011e+01,3.780187999999999704e+01,5.700000000000000000e+01,2.366000000000000000e+03
8.527403999999998518e+01,7.259985999999999251e+01,1.495081999999999844e+01,1.100000000000000000e+01,3.477000000000000000e+03
1.028799199999999985e+02,6.667535999999999774e+01,2.285037999999999769e+01,8.000000000000000000e+00,2.230000000000000000e+02
4.589014000000000237e+01,5.530439999999999401e+01,2.840360000000000085e+01,1.000000000000000000e+01,2.251000000000000000e+03
1.513034000000000106e+02,8.702606000000000108e+01,6.780483999999999867e+01,5.400000000000000000e+01,1.202000000000000000e+03
7.963003999999999394e+01,1.390786999999999978e+02,3.548035999999999746e+01,1.600000000000000000e+01,1.160000000000000000e+03
1.795220399999999756e+02,1.618471399999999960e+02,1.959148000000000067e+01,5.100000000000000000e+01,2.402000000000000000e+03
5.586641999999999797e+01,3.106953999999999638e+01,4.722531999999999641e+01,2.000000000000000000e+00,1.819000000000000000e+03
5.133795999999999538e+01,4.616520000000000579e+01,4.300795999999999708e+01,1.000000000000000000e+01,3.326000000000000000e+03
2.808522399999999948e+02,9.400285999999998410e+01,1.061887999999999899e+01,5.900000000000000000e+01,1.272000000000000000e+03
1.239765799999999842e+02,1.071061200000000042e+02,2.214929999999999666e+01,2.200000000000000000e+01,2.680000000000000000e+02
1.975080399999999941e+02,7.426449999999999818e+01,2.850865999999999900e+01,3.100000000000000000e+01,1.323000000000000000e+03
9.790299999999999159e+01,6.287789999999998969e+01,4.285427999999999571e+01,3.000000000000000000e+00,1.345000000000000000e+03
1.162830600000000061e+02,1.492382399999999905e+02,1.192448000000000086e+01,3.600000000000000000e+01,3.343000000000000000e+03
4.599180000000000490e+01,5.144267999999999574e+01,6.609872000000000014e+01,2.400000000000000000e+01,2.965000000000000000e+03
2.749960799999999495e+02,1.325422000000000082e+02,4.190057999999999794e+01,7.400000000000000000e+01,2.290000000000000000e+02
2.185713800000000049e+02,3.937709999999999866e+01,3.389052000000000220e+01,4.400000000000000000e+01,1.090000000000000000e+03
9.464817999999999643e+01,3.071526000000000067e+01,1.205605999999999867e+01,1.000000000000000000e+00,1.503000000000000000e+03
7.133812000000000353e+01,1.009283199999999994e+02,3.218168000000000006e+01,1.200000000000000000e+01,1.210000000000000000e+02
1.728356000000000137e+01,6.914409999999999457e+01,5.282545999999999964e+01,1.800000000000000000e+01,1.021000000000000000e+03
2.962919799999999668e+02,7.265697999999999013e+01,2.190857999999999706e+01,5.900000000000000000e+01,3.498000000000000000e+03
1.902592400000000055e+02,9.812570000000000903e+01,1.072461999999999982e+01,5.600000000000000000e+01,2.848000000000000000e+03
8.765709999999999980e+01,1.000840999999999923e+02,4.401028000000000162e+01,1.200000000000000000e+01,6.750000000000000000e+02
1.975814799999999991e+02,8.685673999999998784e+01,5.673172000000000281e+01,4.800000000000000000e+01,1.474000000000000000e+03
1.002116000000000042e+02,4.920785999999999660e+01,4.190465999999999980e+01,0.000000000000000000e+00,2.574000000000000000e+03
1.267231000000000023e+02,1.287974399999999946e+02,1.189421999999999890e+01,2.900000000000000000e+01,2.340000000000000000e+02
1.063846400000000045e+02,8.694241999999999848e+01,5.397533999999999565e+01,2.300000000000000000e+01,8.600000000000000000e+02
2.717657399999999939e+02,1.425412599999999941e+02,4.683737999999999602e+01,7.400000000000000000e+01,9.950000000000000000e+02
8.100669999999999504e+01,1.020632399999999933e+02,2.217241999999999535e+01,1.100000000000000000e+01,6.430000000000000000e+02
2.882071200000000317e+02,8.609547999999999490e+01,4.617166000000000281e+01,6.400000000000000000e+01,1.278000000000000000e+03
2.561379799999999705e+02,1.398474400000000060e+02,3.530628000000000100e+01,7.100000000000000000e+01,2.220000000000000000e+03
1.799664199999999994e+02,1.617730199999999741e+02,3.462764000000000664e+01,5.100000000000000000e+01,1.168000000000000000e+03
2.325362000000000080e+02,9.081026000000001375e+01,5.191085999999999956e+01,4.300000000000000000e+01,1.980000000000000000e+03
2.090068399999999826e+02,1.172904799999999881e+02,3.562962000000000273e+01,4.900000000000000000e+01,2.152000000000000000e+03
2.033975199999999859e+02,1.564744599999999934e+02,2.973504000000000502e+01,5.200000000000000000e+01,9.960000000000000000e+02
1.340691400000000044e+02,6.346065999999999718e+01,1.192685999999999957e+01,1.900000000000000000e+01,3.390000000000000000e+02
2.264665199999999743e+02,7.634053999999999007e+01,5.512283999999998940e+01,4.300000000000000000e+01,3.010000000000000000e+02
1.441589800000000139e+02,7.512333999999999889e+01,6.197791999999999746e+01,6.100000000000000000e+01,9.450000000000000000e+02
9.053553999999999746e+01,1.225193399999999997e+02,2.909652000000000172e+01,1.700000000000000000e+01,2.221000000000000000e+03
2.596199199999999792e+02,1.480186600000000112e+02,2.996895999999999560e+01,7.100000000000000000e+01,9.090000000000000000e+02
1.975957599999999843e+02,8.209367999999999199e+01,6.765149999999999864e+01,4.800000000000000000e+01,1.716000000000000000e+03
9.707305999999999813e+01,1.625754199999999798e+02,2.504133999999999460e+01,2.600000000000000000e+01,1.233000000000000000e+03
3.205859999999999843e+01,8.992115999999998621e+01,6.401282000000000494e+01,3.900000000000000000e+01,3.575000000000000000e+03
2.576836199999999621e+02,4.709169999999999590e+01,3.812283999999999651e+01,6.500000000000000000e+01,1.791000000000000000e+03
6.851815999999999462e+01,1.165248000000000133e+02,3.660474000000000672e+01,1.200000000000000000e+01,8.470000000000000000e+02
3.988812000000000069e+01,1.184287999999999919e+01,3.067037999999999798e+01,6.000000000000000000e+00,2.420000000000000000e+02
2.064405199999999923e+02,7.714327999999999008e+01,1.032681999999999967e+01,4.200000000000000000e+01,3.642000000000000000e+03
1.935405799999999772e+02,1.526667999999999950e+02,3.715791999999999717e+01,4.600000000000000000e+01,1.498000000000000000e+03
2.095338399999999979e+02,1.087218000000000018e+02,1.616699999999999804e+01,5.600000000000000000e+01,1.301000000000000000e+03
1.143018799999999970e+02,1.623272199999999827e+02,2.445007999999999981e+01,3.600000000000000000e+01,2.274000000000000000e+03
8.119642000000000337e+01,1.343237999999999772e+02,4.589421999999999713e+01,1.600000000000000000e+01,2.785000000000000000e+03
2.924271999999999707e+02,1.366157399999999882e+02,2.655331999999999937e+01,7.000000000000000000e+01,2.571000000000000000e+03
7.919347999999999388e+01,2.510866000000000042e+01,2.539663999999999788e+01,1.000000000000000000e+00,1.808000000000000000e+03
2.781437999999999988e+02,1.606700600000000065e+02,4.314327999999999719e+01,7.400000000000000000e+01,2.472000000000000000e+03
9.550906000000000518e+01,1.257932000000000095e+01,2.559146000000000143e+01,1.000000000000000000e+00,6.440000000000000000e+02
7.016783999999999821e+01,1.133219999999999850e+01,5.354490000000000549e+01,2.000000000000000000e+00,1.240000000000000000e+03
1.663123599999999840e+02,2.370615999999999701e+01,1.195100000000000051e+01,5.000000000000000000e+01,2.289000000000000000e+03
1.654511400000000094e+02,1.625281599999999855e+02,3.678766000000000247e+01,4.500000000000000000e+01,2.295000000000000000e+03
6.930457999999998719e+01,1.006899799999999914e+02,1.171673999999999971e+01,1.100000000000000000e+01,1.429000000000000000e+03
1.420560799999999801e+02,9.392534000000000560e+01,6.400466000000000122e+01,6.100000000000000000e+01,4.190000000000000000e+02
2.647103999999999857e+01,1.129116200000000134e+02,3.110931999999999675e+01,3.300000000000000000e+01,2.726000000000000000e+03
2.696825599999999667e+02,9.252964000000000055e+01,5.702616000000000440e+01,6.200000000000000000e+01,3.425000000000000000e+03
1.402000199999999950e+02,1.935823999999999856e+01,1.194386000000000081e+01,9.000000000000000000e+00,3.043000000000000000e+03
1.862822599999999795e+02,3.415096000000000487e+01,1.228521999999999892e+01,5.000000000000000000e+01,3.170000000000000000e+02
1.196490599999999915e+02,1.398746399999999994e+02,1.190747999999999962e+01,2.900000000000000000e+01,2.026000000000000000e+03
2.525465599999999995e+02,1.086918800000000118e+02,1.047982000000000014e+01,6.600000000000000000e+01,2.298000000000000000e+03
8.599211999999998568e+01,1.357834200000000067e+02,3.374363999999999919e+01,1.600000000000000000e+01,6.730000000000000000e+02
3.987247999999999593e+01,1.351472799999999950e+02,3.222078000000000486e+01,3.300000000000000000e+01,2.176000000000000000e+03
2.617602200000000039e+02,4.739226000000000738e+01,1.332051999999999836e+01,6.000000000000000000e+01,3.284000000000000000e+03
7.203749999999999432e+01,1.181805999999999983e+02,5.614249999999999829e+01,1.200000000000000000e+01,3.275000000000000000e+03
1.975464599999999677e+02,9.493037999999998533e+01,4.223989999999999867e+01,4.900000000000000000e+01,2.894000000000000000e+03
2.021044999999999732e+02,9.935819999999999652e+01,7.131771999999999423e+01,4.800000000000000000e+01,3.280000000000000000e+02
3.084445999999999799e+01,4.817935999999999552e+01,6.441877999999999815e+01,2.400000000000000000e+01,7.180000000000000000e+02
2.868110800000000040e+02,2.164983999999999753e+01,2.348311999999999955e+01,6.900000000000000000e+01,2.023000000000000000e+03
2.598259600000000091e+02,6.666855999999999938e+01,1.446087999999999774e+01,4.700000000000000000e+01,1.934000000000000000e+03
7.194331999999999994e+01,7.416521999999999082e+01,2.996216000000000079e+01,7.000000000000000000e+00,1.420000000000000000e+02
1.197439200000000028e+02,5.149640000000000128e+01,1.189319999999999844e+01,8.000000000000000000e+00,2.569000000000000000e+03
8.601965999999998758e+01,1.513781999999999961e+01,2.936749999999999616e+01,1.000000000000000000e+00,8.200000000000000000e+02
2.392192400000000134e+02,9.607210000000000605e+01,1.392503999999999920e+01,5.500000000000000000e+01,1.933000000000000000e+03
7.672745999999999356e+01,1.099332200000000057e+02,5.226547999999999661e+01,1.200000000000000000e+01,3.144000000000000000e+03
1.616955000000000098e+02,6.862491999999998882e+01,5.226241999999999166e+01,3.200000000000000000e+01,2.459000000000000000e+03
1.941872599999999807e+02,1.002421999999999827e+02,6.984722000000000719e+01,4.800000000000000000e+01,1.369000000000000000e+03
2.793725599999999645e+02,1.351873999999999967e+02,4.598839999999999861e+01,7.400000000000000000e+01,1.238000000000000000e+03
2.670485800000000154e+02,8.467224000000000217e+01,1.056176000000000137e+01,4.700000000000000000e+01,2.030000000000000000e+03
1.921748000000000189e+01,4.803247999999999962e+01,6.900401999999999703e+01,2.400000000000000000e+01,4.850000000000000000e+02
4.567287999999999926e+01,1.585093600000000151e+02,3.307554000000000372e+01,3.500000000000000000e+01,1.264000000000000000e+03
2.149755399999999952e+02,2.301731999999999800e+01,2.708372000000000313e+01,4.400000000000000000e+01,3.147000000000000000e+03
2.890499800000000050e+02,3.620897999999999683e+01,1.715945999999999927e+01,6.900000000000000000e+01,1.120000000000000000e+03
2.471279800000000080e+02,6.652168000000000347e+01,4.222596000000000060e+01,5.800000000000000000e+01,9.120000000000000000e+02
1.488367000000000075e+02,1.082097600000000028e+02,3.777060000000000173e+01,3.000000000000000000e+01,1.540000000000000000e+03
9.687484000000000606e+01,7.123748000000000502e+01,3.373989999999999867e+01,3.000000000000000000e+00,1.613000000000000000e+03
8.991639999999999588e+01,1.300792399999999986e+02,3.227551999999999310e+01,1.600000000000000000e+01,2.480000000000000000e+02
5.475054000000000087e+01,4.127566000000000201e+01,6.411652000000000839e+01,2.400000000000000000e+01,3.180000000000000000e+03
4.864312000000000324e+01,3.556535999999999831e+01,5.894818000000000069e+01,2.400000000000000000e+01,3.527000000000000000e+03
1.014723199999999963e+02,1.257932000000000095e+01,2.447149999999999892e+01,5.000000000000000000e+00,4.300000000000000000e+01
2.929405999999999821e+01,9.370672000000000423e+01,6.781911999999999807e+01,3.900000000000000000e+01,3.551000000000000000e+03
9.298353999999999075e+01,1.211314599999999899e+02,1.652298000000000044e+01,1.700000000000000000e+01,2.252000000000000000e+03
1.258445399999999950e+02,1.174965200000000038e+02,3.869131999999999749e+01,3.000000000000000000e+01,5.990000000000000000e+02
2.071052200000000312e+02,9.643317999999999302e+01,1.032681999999999967e+01,5.600000000000000000e+01,1.836000000000000000e+03
1.910497400000000141e+02,1.809275999999999840e+01,1.231241999999999948e+01,5.000000000000000000e+01,7.720000000000000000e+02
5.252625999999999351e+01,8.382529999999999859e+01,6.034387999999999863e+01,1.300000000000000000e+01,2.200000000000000000e+02
2.667561800000000289e+02,1.332062200000000018e+02,4.565588000000000335e+01,7.400000000000000000e+01,1.291000000000000000e+03
9.659569999999999368e+01,7.565781999999998675e+01,3.061631999999999820e+01,3.000000000000000000e+00,1.790000000000000000e+03
2.283358399999999904e+02,6.656383999999999901e+01,3.374602000000000146e+01,3.800000000000000000e+01,2.488000000000000000e+03
1.586389000000000067e+02,1.357484000000000037e+02,3.831765999999999650e+01,4.500000000000000000e+01,2.109000000000000000e+03
5.022990000000000066e+01,5.249123999999999768e+01,5.086229999999999762e+01,1.300000000000000000e+01,3.695000000000000000e+03
2.080018000000000313e+02,9.168304000000000542e+01,5.860070000000000334e+01,4.800000000000000000e+01,2.050000000000000000e+02
1.514696600000000046e+02,6.693205999999999278e+01,3.519884000000000412e+01,3.200000000000000000e+01,1.384000000000000000e+03
2.813336799999999585e+02,1.345335800000000006e+02,1.078854000000000113e+01,6.800000000000000000e+01,2.452000000000000000e+03
1.458882199999999898e+02,7.829384000000000299e+01,1.072461999999999982e+01,1.900000000000000000e+01,9.630000000000000000e+02
6.082838000000000989e+01,5.550602000000000658e+01,8.509520000000000195e+00,4.000000000000000000e+00,2.585000000000000000e+03
4.666873999999999256e+01,8.500000000000000000e+00,1.575491999999999848e+01,6.000000000000000000e+00,2.749000000000000000e+03
2.837456399999999803e+02,1.300812799999999925e+02,3.776414000000000470e+01,7.400000000000000000e+01,1.533000000000000000e+03
1.742078400000000329e+02,1.083872400000000056e+02,2.688856000000000179e+01,4.100000000000000000e+01,2.623000000000000000e+03
3.060758200000000215e+02,1.185906399999999792e+02,1.807609999999999673e+01,7.300000000000000000e+01,1.574000000000000000e+03
7.769679999999999609e+01,2.004129999999999967e+01,2.267051999999999978e+01,1.000000000000000000e+00,1.793000000000000000e+03
5.054779999999999518e+01,2.990027999999999864e+01,5.104997999999999791e+01,2.000000000000000000e+00,3.175000000000000000e+03
2.167391199999999856e+02,6.639961999999999875e+01,2.405057999999999652e+01,4.200000000000000000e+01,1.314000000000000000e+03
5.638083999999999918e+01,2.728227999999999298e+01,9.451660000000000394e+00,6.000000000000000000e+00,2.388000000000000000e+03
3.219704800000000091e+02,1.045829800000000063e+02,1.376217999999999897e+01,6.300000000000000000e+01,2.702000000000000000e+03
2.442121400000000051e+02,6.656315999999999633e+01,1.038597999999999999e+01,4.700000000000000000e+01,2.600000000000000000e+01
2.000342399999999827e+02,3.436278000000000077e+01,1.260175999999999874e+01,4.400000000000000000e+01,2.185000000000000000e+03
7.404859999999999332e+01,7.848355999999999710e+01,1.072631999999999941e+01,1.100000000000000000e+01,3.212000000000000000e+03
3.241774199999999837e+02,1.223132999999999981e+02,1.434629999999999939e+01,7.300000000000000000e+01,1.707000000000000000e+03
1.673037999999999954e+02,1.284282000000000146e+01,1.282649999999999935e+01,5.000000000000000000e+01,2.523000000000000000e+03
1.116318599999999748e+02,5.133761999999999404e+01,3.075333999999999790e+01,1.400000000000000000e+01,1.762000000000000000e+03
1.530713999999999864e+01,4.464846000000000004e+01,7.188382000000000005e+01,2.400000000000000000e+01,1.670000000000000000e+03
5.551282000000000494e+01,1.571017599999999845e+02,1.586847999999999992e+01,2.800000000000000000e+01,3.339000000000000000e+03
1.768866999999999905e+02,7.397617999999999938e+01,6.676103999999999417e+01,5.400000000000000000e+01,8.500000000000000000e+01
1.116002400000000137e+02,2.347835999999999856e+01,3.082813999999999766e+01,5.000000000000000000e+00,2.022000000000000000e+03
5.721655999999999409e+01,3.669551999999999481e+01,6.651182000000000016e+01,2.000000000000000000e+00,3.671000000000000000e+03
1.017409200000000027e+02,1.084729200000000020e+02,1.923516000000000048e+01,1.700000000000000000e+01,2.717000000000000000e+03
1.794434999999999718e+02,6.673655999999999722e+01,4.310826000000000136e+01,3.200000000000000000e+01,4.000000000000000000e+01
1.211848400000000083e+02,1.623245000000000005e+02,3.364979999999999905e+01,3.600000000000000000e+01,1.584000000000000000e+03
2.671903599999999983e+02,3.296198000000000405e+01,3.325675999999999988e+01,6.500000000000000000e+01,3.534000000000000000e+03
2.858587399999999548e+02,2.713131999999999522e+01,2.103341999999999956e+01,6.900000000000000000e+01,1.586000000000000000e+03
1.017800199999999933e+02,1.368292599999999766e+02,4.125865999999999900e+01,1.600000000000000000e+01,3.562000000000000000e+03
3.139424000000000348e+01,5.516568000000000183e+01,6.423484000000000549e+01,2.400000000000000000e+01,3.472000000000000000e+03
6.700108000000000175e+01,1.004196799999999996e+02,2.235160000000000124e+01,1.100000000000000000e+01,3.630000000000000000e+02
2.326630199999999888e+02,8.146059999999999945e+01,6.225909999999999656e+01,4.300000000000000000e+01,7.710000000000000000e+02
4.872098000000000440e+01,4.984535999999999945e+01,6.056895999999999702e+01,2.400000000000000000e+01,3.320000000000000000e+03
8.078229999999999222e+01,1.407076399999999978e+02,4.637837999999999994e+01,1.600000000000000000e+01,3.141000000000000000e+03
3.210239200000000324e+02,9.233754000000000417e+01,1.065967999999999805e+01,6.300000000000000000e+01,1.772000000000000000e+03
7.185424000000000433e+01,1.585936799999999778e+02,4.491638000000000375e+01,2.000000000000000000e+01,5.430000000000000000e+02
2.189705399999999713e+02,2.656759999999999877e+01,1.410625999999999713e+01,4.400000000000000000e+01,1.811000000000000000e+03
1.035500600000000020e+02,6.470438000000000045e+01,4.057049999999999557e+01,3.000000000000000000e+00,1.463000000000000000e+03
6.558328000000000202e+01,1.393421999999999983e+01,8.559159999999998547e+00,6.000000000000000000e+00,3.035000000000000000e+03
1.577688399999999831e+02,6.650127999999999417e+01,2.026978000000000080e+01,1.900000000000000000e+01,1.560000000000000000e+03
8.303955999999999449e+01,5.410215999999999070e+01,2.024597999999999942e+01,4.000000000000000000e+00,1.800000000000000000e+01
1.662946799999999712e+02,1.027779199999999946e+02,6.306286000000000769e+01,5.400000000000000000e+01,1.726000000000000000e+03
7.975822000000000855e+01,2.495327999999999946e+01,3.458037999999999812e+01,1.000000000000000000e+00,2.465000000000000000e+03
2.833808200000000284e+02,1.432538999999999874e+02,3.812147999999999826e+01,7.400000000000000000e+01,1.856000000000000000e+03
5.730598000000000525e+01,3.207219999999999516e+01,3.183147999999999911e+01,6.000000000000000000e+00,2.714000000000000000e+03
2.655060000000000286e+02,1.468208400000000040e+02,3.952805999999999642e+01,7.100000000000000000e+01,3.413000000000000000e+03
1.280865000000000009e+02,1.534865400000000193e+02,3.320881999999999579e+01,3.600000000000000000e+01,1.042000000000000000e+03
3.093211200000000076e+02,8.715253999999998769e+01,3.574828000000000117e+01,6.400000000000000000e+01,9.780000000000000000e+02
9.487053999999999121e+01,2.038334000000000046e+01,4.406331999999999738e+01,1.000000000000000000e+00,1.858000000000000000e+03
2.603740399999999795e+02,2.164847999999999928e+01,1.466182000000000052e+01,6.000000000000000000e+01,1.723000000000000000e+03
1.037955400000000026e+02,1.350683999999999969e+02,1.199315999999999960e+01,2.900000000000000000e+01,6.870000000000000000e+02
2.850485199999999963e+02,1.626559999999999917e+01,1.353472000000000008e+01,6.900000000000000000e+01,3.478000000000000000e+03
1.184321999999999946e+02,1.623289200000000108e+02,2.899621999999999744e+01,3.600000000000000000e+01,1.611000000000000000e+03
1.310591199999999787e+02,1.379209999999999958e+01,3.837375999999999721e+01,9.000000000000000000e+00,1.980000000000000000e+02
8.769755999999999574e+01,6.068829999999999814e+01,4.831807999999999481e+01,3.000000000000000000e+00,3.340000000000000000e+02
1.793013799999999662e+02,1.086616199999999992e+02,2.892107999999999990e+01,4.100000000000000000e+01,2.515000000000000000e+03
5.497834000000000287e+01,9.510854000000000497e+01,5.602452000000000254e+01,3.900000000000000000e+01,3.438000000000000000e+03
2.875026399999999853e+02,2.581721999999999895e+01,1.534487999999999808e+01,6.900000000000000000e+01,2.272000000000000000e+03
4.945945999999999287e+01,6.368029999999998836e+01,6.050810000000000599e+01,1.300000000000000000e+01,2.813000000000000000e+03
1.987629799999999989e+02,4.029034000000000049e+01,1.255653999999999826e+01,4.400000000000000000e+01,2.358000000000000000e+03
1.693913999999999760e+02,7.030791999999999575e+01,5.687247999999999593e+01,3.200000000000000000e+01,3.206000000000000000e+03
2.777031600000000253e+02,4.447437999999999647e+01,3.713139999999999930e+01,6.700000000000000000e+01,2.560000000000000000e+03
2.550717399999999486e+02,3.843496000000000379e+01,3.153533999999999793e+01,6.500000000000000000e+01,6.290000000000000000e+02
2.250272999999999968e+02,1.183403999999999883e+02,3.228810000000000002e+01,5.500000000000000000e+01,8.700000000000000000e+01
2.894168400000000361e+02,7.312073999999999785e+01,1.045397999999999961e+01,5.900000000000000000e+01,2.000000000000000000e+02
3.091347999999999985e+01,8.451380000000000337e+01,6.439566000000000656e+01,1.800000000000000000e+01,1.123000000000000000e+03
2.742402599999999779e+02,1.243403800000000103e+02,2.607425999999999533e+01,6.800000000000000000e+01,2.400000000000000000e+01
4.654395999999999844e+01,1.419533999999999878e+02,3.708550000000000324e+01,3.500000000000000000e+01,3.586000000000000000e+03
2.694663199999999961e+02,1.019333600000000075e+02,3.375281999999999982e+01,6.600000000000000000e+01,2.764000000000000000e+03
1.168953999999999951e+02,8.389397999999998490e+01,2.452182000000000173e+01,8.000000000000000000e+00,1.453000000000000000e+03
6.703542000000000201e+01,1.421886800000000051e+02,5.434797999999999263e+01,2.700000000000000000e+01,1.330000000000000000e+02
2.200660199999999520e+02,2.673827999999999960e+01,1.930655999999999750e+01,4.400000000000000000e+01,2.037000000000000000e+03
6.226419999999999533e+01,3.930944000000000216e+01,1.425518000000000107e+01,4.000000000000000000e+00,1.181000000000000000e+03
3.250807999999999964e+01,1.206139799999999980e+02,6.386254000000000275e+01,3.400000000000000000e+01,1.840000000000000000e+03
2.192048000000000130e+01,7.523587999999999454e+01,6.783271999999999480e+01,1.800000000000000000e+01,2.782000000000000000e+03
1.211573000000000064e+02,6.838590000000000657e+01,2.849438000000000315e+01,1.400000000000000000e+01,1.113000000000000000e+03
2.093461599999999976e+02,2.079304000000000130e+01,1.569066000000000116e+01,4.400000000000000000e+01,2.190000000000000000e+03
4.007206000000000046e+01,3.036642000000000152e+01,2.784803999999999746e+01,6.000000000000000000e+00,2.100000000000000000e+03
3.848154000000000252e+01,7.598897999999999797e+01,5.274862000000000251e+01,1.300000000000000000e+01,1.443000000000000000e+03
1.057056599999999804e+02,4.246225999999999345e+01,3.967493999999999943e+01,0.000000000000000000e+00,2.543000000000000000e+03
2.702690599999999677e+02,4.115869999999999607e+01,3.072205999999999904e+01,6.500000000000000000e+01,2.621000000000000000e+03
1.732983399999999676e+02,1.085096400000000045e+02,1.847185999999999950e+01,3.700000000000000000e+01,3.480000000000000000e+03
1.377258399999999767e+02,1.087466199999999930e+02,3.452019999999999555e+01,3.000000000000000000e+01,2.313000000000000000e+03
3.138778000000000361e+02,7.874535999999999092e+01,2.166921999999999926e+01,6.300000000000000000e+01,3.564000000000000000e+03
1.353975199999999859e+02,1.288225999999999871e+01,1.531393999999999700e+01,9.000000000000000000e+00,1.513000000000000000e+03
2.950244599999999764e+02,9.905458000000000141e+01,4.048244000000000398e+01,6.400000000000000000e+01,1.006000000000000000e+03
6.779463999999998691e+01,7.465243999999999858e+01,1.157087999999999894e+01,1.100000000000000000e+01,2.951000000000000000e+03
4.993818000000000268e+01,1.417147199999999998e+02,3.072715999999999781e+01,2.800000000000000000e+01,2.421000000000000000e+03
1.862312599999999918e+02,1.441769999999999996e+01,2.233222000000000307e+01,5.000000000000000000e+01,3.557000000000000000e+03
1.568875600000000077e+02,7.097567999999999699e+01,5.870881999999999579e+01,6.100000000000000000e+01,1.510000000000000000e+03
1.932614399999999932e+02,1.085205200000000048e+02,2.826658000000000115e+01,5.600000000000000000e+01,4.170000000000000000e+02
1.560464000000000055e+02,6.815673999999999921e+01,5.087216000000000093e+01,3.200000000000000000e+01,1.778000000000000000e+03
4.690878000000000014e+01,1.301941600000000108e+02,3.430837999999999965e+01,3.300000000000000000e+01,4.210000000000000000e+02
3.193912400000000389e+02,1.223540999999999883e+02,1.653249999999999886e+01,7.300000000000000000e+01,2.054000000000000000e+03
9.985629999999999029e+01,3.651225999999999772e+01,1.202069999999999972e+01,5.000000000000000000e+00,2.230000000000000000e+03
2.657521600000000035e+02,1.492242999999999995e+02,1.733558000000000021e+01,7.100000000000000000e+01,6.140000000000000000e+02
1.976073199999999872e+02,8.904259999999999309e+01,6.880648000000000764e+01,4.800000000000000000e+01,1.313000000000000000e+03
1.299381399999999758e+02,1.344468799999999931e+02,1.189931999999999945e+01,2.900000000000000000e+01,3.353000000000000000e+03
2.554545800000000213e+02,1.026024799999999999e+02,1.029588000000000036e+01,6.600000000000000000e+01,2.456000000000000000e+03
1.114230999999999767e+02,7.834517999999999915e+01,4.090505999999999887e+01,2.300000000000000000e+01,1.971000000000000000e+03
2.527791200000000060e+02,7.732891999999999655e+01,1.030030000000000001e+01,4.700000000000000000e+01,6.630000000000000000e+02
7.816429999999999723e+01,3.421148000000000167e+01,2.332128000000000156e+01,4.000000000000000000e+00,1.017000000000000000e+03
2.235272199999999998e+02,7.624873999999999796e+01,1.545197999999999894e+01,4.200000000000000000e+01,1.296000000000000000e+03
5.445371999999999701e+01,1.185188999999999879e+02,1.045091999999999999e+01,2.800000000000000000e+01,7.780000000000000000e+02
3.110047999999999746e+01,7.687535999999998637e+01,6.433309999999998752e+01,1.800000000000000000e+01,7.580000000000000000e+02
1.307140199999999766e+02,1.331365199999999902e+02,3.386365999999999588e+01,2.900000000000000000e+01,2.139000000000000000e+03
2.593366999999999507e+02,7.904625999999998953e+01,2.755155999999999494e+01,4.700000000000000000e+01,3.629000000000000000e+03
3.016942399999999793e+02,2.723298000000000130e+01,1.918892000000000309e+01,6.900000000000000000e+01,2.159000000000000000e+03
2.248161599999999964e+02,9.895495999999999981e+01,5.094083999999999435e+01,4.300000000000000000e+01,2.334000000000000000e+03
2.334236000000000217e+02,6.656383999999999901e+01,3.104607999999999990e+01,3.800000000000000000e+01,2.392000000000000000e+03
8.871280000000000499e+00,3.566328000000000031e+01,7.340225999999999829e+01,2.400000000000000000e+01,1.577000000000000000e+03
4.029408000000000101e+01,5.776158000000000214e+01,6.679537999999999442e+01,2.400000000000000000e+01,3.219000000000000000e+03
2.172780199999999979e+02,1.443218400000000088e+02,1.366119999999999912e+01,5.200000000000000000e+01,1.485000000000000000e+03
7.630007999999999413e+01,3.824863999999999464e+01,5.428473999999999222e+01,0.000000000000000000e+00,9.990000000000000000e+02
2.614032200000000330e+02,1.606700600000000065e+02,3.643065999999999605e+01,7.100000000000000000e+01,3.645000000000000000e+03
8.497823999999999955e+01,1.376625999999999976e+02,4.316877999999999815e+01,1.600000000000000000e+01,3.026000000000000000e+03
4.478717999999999932e+01,1.250404399999999754e+02,1.716115999999999886e+01,2.800000000000000000e+01,9.580000000000000000e+02
2.374267600000000016e+02,6.907746000000000208e+01,3.498872000000000071e+01,3.800000000000000000e+01,2.250000000000000000e+03
9.116963999999998691e+01,7.451100000000000989e+01,4.655279999999999063e+01,3.000000000000000000e+00,2.682000000000000000e+03
9.797779999999998779e+01,6.669371999999999900e+01,1.231616000000000000e+01,8.000000000000000000e+00,1.527000000000000000e+03
4.765031999999999357e+01,1.481478599999999801e+02,4.892701999999999884e+01,2.700000000000000000e+01,1.094000000000000000e+03
8.489051999999999509e+01,1.474478000000000009e+02,2.428619999999999735e+01,2.600000000000000000e+01,1.492000000000000000e+03
1.617747200000000021e+02,1.261603999999999992e+01,1.486479999999999890e+01,9.000000000000000000e+00,3.468000000000000000e+03
2.324722800000000120e+02,1.085960000000000036e+02,1.654711999999999961e+01,5.500000000000000000e+01,1.378000000000000000e+03
2.687115200000000073e+02,1.292479399999999998e+02,9.927320000000001698e+00,6.800000000000000000e+01,3.599000000000000000e+03
2.636699999999999591e+02,1.081495800000000003e+02,4.180435999999999552e+01,6.200000000000000000e+01,3.079000000000000000e+03
2.256508600000000229e+02,6.656383999999999901e+01,2.616911999999999949e+01,4.200000000000000000e+01,3.210000000000000000e+02
3.148910000000000196e+02,8.456615999999999644e+01,1.061310000000000109e+01,6.300000000000000000e+01,2.033000000000000000e+03
5.142295999999999623e+01,7.289225999999999317e+01,6.516881999999999664e+01,1.300000000000000000e+01,1.239000000000000000e+03
1.640377599999999916e+02,4.028183999999999543e+01,3.861753999999999820e+01,3.200000000000000000e+01,3.324000000000000000e+03
1.250329600000000028e+02,1.282684000000000069e+01,2.483053999999999917e+01,5.000000000000000000e+00,2.652000000000000000e+03
2.096470599999999820e+02,1.329243600000000072e+02,1.308965999999999852e+01,5.200000000000000000e+01,2.961000000000000000e+03
6.431269999999999243e+01,8.730179999999998941e+00,4.878490000000000038e+01,2.000000000000000000e+00,1.705000000000000000e+03
8.530769999999999698e+01,1.602678400000000067e+02,2.590358000000000160e+01,2.600000000000000000e+01,1.710000000000000000e+02
3.051391199999999913e+02,3.404351999999999379e+01,1.837121999999999744e+01,7.200000000000000000e+01,2.930000000000000000e+02
8.884642000000000905e+01,6.485432000000000130e+01,3.777535999999999916e+01,3.000000000000000000e+00,2.117000000000000000e+03
1.755562799999999868e+02,1.622136599999999760e+02,2.368100000000000094e+01,5.100000000000000000e+01,2.080000000000000000e+03
1.146034599999999841e+02,1.216071199999999806e+02,1.189150000000000063e+01,2.900000000000000000e+01,2.550000000000000000e+02
2.642445999999999628e+01,3.669551999999999481e+01,6.338518000000000541e+01,2.400000000000000000e+01,1.004000000000000000e+03
1.815936599999999999e+02,1.217454999999999927e+02,1.224577999999999989e+01,5.600000000000000000e+01,2.580000000000000000e+03
2.572759599999999978e+02,4.174927999999999884e+01,3.739897999999999456e+01,6.500000000000000000e+01,1.362000000000000000e+03
2.885923399999999788e+02,1.594195400000000120e+02,3.957974000000000103e+01,7.000000000000000000e+01,3.653000000000000000e+03
1.619946999999999946e+02,1.052714799999999968e+02,5.605953999999999837e+01,5.400000000000000000e+01,2.630000000000000000e+03
7.511552000000000362e+01,3.196441999999999695e+01,5.120569999999999311e+01,0.000000000000000000e+00,7.350000000000000000e+02
1.729722800000000120e+02,1.131996000000000038e+02,1.200778000000000034e+01,3.700000000000000000e+01,2.836000000000000000e+03
2.569179399999999873e+02,2.471561999999999770e+01,1.929091999999999985e+01,6.000000000000000000e+01,1.704000000000000000e+03
5.149164000000000385e+01,3.636708000000000141e+01,5.160689999999999600e+01,2.000000000000000000e+00,3.459000000000000000e+03
5.932183999999998747e+01,1.107872999999999877e+02,3.245095999999999492e+01,1.200000000000000000e+01,1.469000000000000000e+03
3.171475800000000049e+02,1.176406800000000032e+02,1.682013999999999854e+01,7.300000000000000000e+01,2.349000000000000000e+03
3.241638200000000438e+02,3.849990000000000379e+01,1.478251999999999988e+01,7.200000000000000000e+01,1.708000000000000000e+03
1.235600799999999992e+02,1.237460599999999857e+02,1.189286000000000065e+01,2.900000000000000000e+01,2.900000000000000000e+01
1.912788999999999930e+02,6.178717999999999222e+01,3.739694000000000074e+01,3.100000000000000000e+01,3.321000000000000000e+03
1.516671999999999798e+02,4.669729999999999137e+01,1.188504000000000005e+01,1.500000000000000000e+01,6.660000000000000000e+02
2.118159200000000055e+02,1.083804399999999930e+02,4.767037999999999442e+01,4.900000000000000000e+01,2.950000000000000000e+02
6.776267999999998892e+01,2.310129999999999839e+01,5.416403999999999996e+01,2.000000000000000000e+00,1.070000000000000000e+02
8.379197999999999524e+01,2.278917999999999822e+01,5.048626000000000147e+01,0.000000000000000000e+00,1.733000000000000000e+03
1.536956399999999974e+02,1.259020000000000010e+02,3.869981999999999545e+01,4.500000000000000000e+01,2.940000000000000000e+03
1.975556399999999826e+02,7.961644000000001142e+01,4.778598000000000212e+01,4.800000000000000000e+01,2.687000000000000000e+03
2.233398799999999653e+02,1.085960000000000036e+02,3.618858000000000175e+01,4.900000000000000000e+01,1.717000000000000000e+03
4.295457999999999998e+01,9.445948000000001343e+01,6.648666000000000054e+01,3.900000000000000000e+01,1.720000000000000000e+03
2.908526600000000144e+02,1.521299399999999764e+02,3.578364000000000544e+01,7.000000000000000000e+01,3.627000000000000000e+03
4.812836000000000780e+01,9.451251999999999498e+01,5.457441999999998927e+01,3.900000000000000000e+01,3.066000000000000000e+03
6.715816000000000940e+01,4.481165999999999627e+01,4.829495999999999611e+01,0.000000000000000000e+00,2.991000000000000000e+03
2.283963599999999872e+02,9.279688000000000159e+01,1.032681999999999967e+01,5.500000000000000000e+01,1.985000000000000000e+03
2.747060599999999795e+02,3.351686000000000121e+01,1.860207999999999728e+01,6.000000000000000000e+01,5.590000000000000000e+02
1.474083600000000160e+02,1.348956799999999987e+02,1.190000000000000036e+01,4.000000000000000000e+01,2.777000000000000000e+03
2.715957399999999780e+02,1.331395799999999952e+02,3.218032000000000181e+01,7.400000000000000000e+01,1.245000000000000000e+03
1.737083799999999769e+02,1.035378199999999822e+02,6.217987999999999715e+01,5.400000000000000000e+01,1.921000000000000000e+03
1.956621799999999780e+02,1.585443800000000181e+02,2.589099999999999824e+01,5.100000000000000000e+01,2.590000000000000000e+02
6.209386000000000649e+01,5.581983999999999924e+01,5.464377999999999957e+01,1.300000000000000000e+01,3.427000000000000000e+03
2.732409999999999854e+02,4.157690000000000197e+01,9.222839999999999705e+00,6.000000000000000000e+01,5.850000000000000000e+02
1.271351799999999912e+02,9.231475999999999260e+01,1.072496000000000116e+01,2.200000000000000000e+01,2.438000000000000000e+03
4.618118000000000478e+01,1.340684599999999875e+02,6.081647999999999854e+01,2.700000000000000000e+01,3.203000000000000000e+03
1.124097799999999978e+02,9.124443999999999733e+01,5.548935999999999780e+01,2.300000000000000000e+01,1.904000000000000000e+03
7.732959999999999923e+01,4.944620000000000459e+01,4.112027999999999395e+01,0.000000000000000000e+00,3.155000000000000000e+03
4.538626000000000005e+01,4.201039999999999708e+01,1.650224000000000046e+01,1.000000000000000000e+01,1.459000000000000000e+03
1.061449400000000054e+02,7.014880000000000848e+01,3.515328000000000230e+01,8.000000000000000000e+00,3.592000000000000000e+03
2.922867800000000216e+02,1.497104999999999961e+02,3.096039999999999992e+01,7.000000000000000000e+01,3.204000000000000000e+03
1.056464999999999890e+02,1.000344599999999957e+02,3.785152000000000072e+01,2.300000000000000000e+01,2.736000000000000000e+03
2.201942000000000021e+01,9.466722000000000037e+01,6.779192000000000462e+01,1.800000000000000000e+01,1.803000000000000000e+03
6.942391999999999541e+01,1.445254999999999939e+02,1.562673999999999985e+01,2.100000000000000000e+01,2.993000000000000000e+03
2.818266800000000103e+02,1.297562399999999911e+02,4.500749999999999318e+01,7.400000000000000000e+01,3.209000000000000000e+03
6.250627999999999673e+01,9.070860000000000412e+01,1.856094000000000221e+01,1.100000000000000000e+01,2.502000000000000000e+03
1.824943199999999877e+02,4.896577999999999520e+01,1.226482000000000028e+01,2.500000000000000000e+01,1.839000000000000000e+03
2.926118200000000229e+02,1.032195799999999934e+02,2.696165999999999485e+01,6.400000000000000000e+01,8.300000000000000000e+01
2.875927399999999921e+02,1.390528600000000097e+02,2.767396000000000100e+01,7.000000000000000000e+01,2.347000000000000000e+03
1.528571999999999953e+01,1.113598600000000118e+02,7.093895999999999447e+01,3.400000000000000000e+01,3.186000000000000000e+03
4.695434000000000196e+01,3.005157999999999774e+01,3.467999999999999972e+01,1.000000000000000000e+01,9.600000000000000000e+01
1.070979600000000005e+02,9.922423999999999467e+01,1.072529999999999895e+01,2.200000000000000000e+01,3.122000000000000000e+03
1.065614399999999904e+02,1.095949200000000019e+02,1.198499999999999766e+01,2.200000000000000000e+01,3.099000000000000000e+03
1.120408800000000014e+02,5.864388000000000289e+01,3.074926000000000315e+01,1.400000000000000000e+01,1.749000000000000000e+03
2.347258000000000209e+02,1.081244199999999864e+02,4.843572000000000344e+01,6.200000000000000000e+01,2.013000000000000000e+03
1.425232399999999870e+02,1.436380999999999801e+02,1.191461999999999932e+01,4.000000000000000000e+01,1.940000000000000000e+03
2.747818799999999442e+02,1.604922400000000096e+02,9.238479999999999137e+00,7.000000000000000000e+01,1.744000000000000000e+03
1.379791399999999726e+02,1.081339400000000097e+02,4.191588000000000136e+01,3.000000000000000000e+01,1.548000000000000000e+03
7.689201999999998804e+01,4.687069999999999936e+01,2.334644000000000119e+01,4.000000000000000000e+00,7.860000000000000000e+02
5.566344000000000136e+01,9.889171999999999230e+01,6.068387999999999494e+01,3.900000000000000000e+01,3.357000000000000000e+03
1.800541400000000181e+02,4.414356000000000080e+01,1.219783999999999935e+01,5.000000000000000000e+01,1.157000000000000000e+03
5.021017999999999404e+01,1.023049800000000147e+02,6.044621999999998962e+01,3.900000000000000000e+01,2.260000000000000000e+03
2.208646799999999928e+02,1.085960000000000036e+02,4.328437999999999874e+01,4.900000000000000000e+01,5.000000000000000000e+02
6.250627999999999673e+01,7.657649999999999579e+01,3.175328000000000017e+01,7.000000000000000000e+00,4.870000000000000000e+02
8.438595999999999719e+01,3.994353999999999871e+01,4.042192000000000007e+01,0.000000000000000000e+00,2.770000000000000000e+02
2.612162199999999643e+02,8.600911999999999580e+01,3.927543999999999613e+01,5.800000000000000000e+01,1.192000000000000000e+03
1.323579200000000071e+02,4.682071999999999434e+01,3.427336000000000382e+01,1.400000000000000000e+01,2.832000000000000000e+03
1.263338000000000108e+02,1.623289200000000108e+02,2.901730000000000231e+01,3.600000000000000000e+01,1.949000000000000000e+03
1.914648799999999653e+02,5.483724000000000842e+01,3.737041999999999575e+01,3.100000000000000000e+01,3.568000000000000000e+03
1.862591400000000021e+02,1.443538000000000032e+01,2.844338000000000122e+01,5.700000000000000000e+01,3.090000000000000000e+02
1.315776199999999960e+02,1.623292600000000050e+02,2.711873999999999896e+01,3.600000000000000000e+01,2.154000000000000000e+03
2.696261200000000144e+02,6.791601999999998895e+01,1.602794000000000096e+01,5.300000000000000000e+01,4.630000000000000000e+02
1.469762199999999837e+02,1.286226800000000026e+02,3.868757999999999697e+01,4.500000000000000000e+01,3.172000000000000000e+03
5.606055999999999528e+01,8.784919999999999618e+00,9.534280000000000754e+00,6.000000000000000000e+00,3.303000000000000000e+03
6.012151999999999674e+01,1.655742199999999968e+02,1.440172000000000097e+01,3.500000000000000000e+01,3.711000000000000000e+03
5.824234000000000577e+01,1.162473599999999863e+02,3.747377999999999787e+01,3.300000000000000000e+01,6.460000000000000000e+02
3.142874999999999659e+02,9.550225999999999260e+01,2.841107999999999834e+01,6.300000000000000000e+01,7.450000000000000000e+02
2.548235399999999800e+02,3.836865999999999843e+01,2.587808000000000064e+01,6.500000000000000000e+01,1.494000000000000000e+03
4.682242000000000104e+01,1.875541999999999732e+01,4.808517999999999404e+01,2.000000000000000000e+00,1.581000000000000000e+03
9.026081999999999539e+01,4.869004000000000332e+01,3.050649999999999906e+01,0.000000000000000000e+00,3.467000000000000000e+03
4.997625999999999635e+01,7.243699999999999761e+01,5.090717999999999677e+01,1.300000000000000000e+01,2.779000000000000000e+03
2.093828800000000001e+02,1.481512600000000077e+02,1.306687999999999938e+01,5.200000000000000000e+01,1.880000000000000000e+03
1.625652199999999823e+02,7.095561999999999614e+01,5.860002000000000777e+01,3.200000000000000000e+01,2.930000000000000000e+03
3.187887599999999679e+02,2.690045999999999538e+01,1.583923999999999843e+01,7.200000000000000000e+01,4.320000000000000000e+02
2.083370399999999734e+02,8.222287999999998931e+01,1.316547999999999874e+01,4.200000000000000000e+01,3.672000000000000000e+03
5.300973999999999364e+01,1.401751999999999896e+02,1.070489999999999853e+01,2.800000000000000000e+01,1.376000000000000000e+03
1.108366000000000042e+02,7.928766000000000247e+01,2.382822000000000173e+01,8.000000000000000000e+00,3.400000000000000000e+02
4.999360000000000070e+01,1.659322400000000073e+02,1.344428000000000090e+01,3.500000000000000000e+01,3.706000000000000000e+03
2.412028000000000247e+02,7.063465999999999667e+01,2.246346000000000132e+01,4.700000000000000000e+01,2.004000000000000000e+03
2.745037599999999998e+02,1.007290800000000104e+02,1.053421999999999947e+01,6.600000000000000000e+01,3.538000000000000000e+03
6.565637999999999863e+01,1.635053199999999833e+02,5.461453999999999098e+01,2.000000000000000000e+01,9.430000000000000000e+02
4.862781999999999982e+01,1.465175599999999747e+02,2.178787999999999769e+01,2.800000000000000000e+01,1.646000000000000000e+03
4.472699999999999676e+01,1.265758799999999979e+02,6.097594000000000136e+01,2.700000000000000000e+01,3.379000000000000000e+03
2.442900000000000205e+02,6.656213999999999942e+01,2.381461999999999790e+01,4.700000000000000000e+01,1.534000000000000000e+03
1.009929199999999980e+02,7.075400000000000489e+01,3.847202000000000055e+01,3.000000000000000000e+00,1.553000000000000000e+03
2.575115800000000377e+02,2.823189999999999955e+01,3.781718000000000046e+01,6.500000000000000000e+01,2.090000000000000000e+03
1.873416999999999746e+02,1.423600399999999979e+02,3.777468000000000359e+01,4.600000000000000000e+01,4.940000000000000000e+02
7.539567999999999870e+01,1.484915999999999947e+01,1.960848000000000013e+01,1.000000000000000000e+00,3.331000000000000000e+03
1.528691000000000031e+02,1.030536599999999936e+02,6.164165999999999457e+01,5.400000000000000000e+01,1.794000000000000000e+03
4.271283999999999281e+01,9.986445999999999401e+01,6.651590000000000202e+01,3.900000000000000000e+01,1.493000000000000000e+03
2.675419200000000046e+02,1.645769999999999911e+01,4.075648000000000337e+01,6.500000000000000000e+01,1.773000000000000000e+03
7.700421999999998945e+01,1.649764999999999873e+02,5.002929999999999922e+01,2.000000000000000000e+01,2.852000000000000000e+03
2.074010199999999884e+02,2.008074000000000225e+01,2.792045999999999850e+01,4.400000000000000000e+01,3.293000000000000000e+03
2.770473000000000070e+02,1.054323000000000121e+02,1.356022000000000105e+01,6.600000000000000000e+01,3.350000000000000000e+03
2.206572800000000143e+02,1.474002000000000123e+02,3.320100000000000051e+01,5.200000000000000000e+01,4.330000000000000000e+02
2.693752000000000280e+01,7.124563999999999453e+01,5.745897999999999683e+01,1.800000000000000000e+01,3.740000000000000000e+02
2.734364999999999668e+02,1.380226600000000019e+02,4.125219999999999487e+01,7.400000000000000000e+01,1.340000000000000000e+02
2.836381999999999692e+01,8.835273999999999717e+01,6.789731999999999346e+01,1.800000000000000000e+01,1.284000000000000000e+03
6.811593999999999482e+01,5.015612000000000137e+01,4.790940000000000509e+01,0.000000000000000000e+00,3.136000000000000000e+03
2.047782599999999888e+02,1.234900399999999934e+02,1.281221999999999994e+01,5.200000000000000000e+01,2.943000000000000000e+03
2.629145199999999818e+02,4.704988000000000170e+01,1.873127999999999815e+01,6.000000000000000000e+01,3.510000000000000000e+03
9.371453999999999951e+01,1.251689600000000127e+02,1.276462000000000074e+01,2.100000000000000000e+01,1.807000000000000000e+03
7.772603999999999758e+01,1.937082000000000193e+01,3.772809999999999775e+01,1.000000000000000000e+00,1.895000000000000000e+03
9.409398000000000195e+01,1.035242199999999997e+02,4.079184000000000054e+01,1.700000000000000000e+01,6.370000000000000000e+02
2.817250199999999722e+02,1.047233999999999980e+02,3.943149999999999977e+01,6.400000000000000000e+01,1.606000000000000000e+03
2.083227599999999882e+02,4.890525999999999129e+01,1.301621999999999879e+01,4.400000000000000000e+01,1.798000000000000000e+03
2.066822599999999852e+02,8.769347999999999388e+01,6.493149999999999977e+01,4.800000000000000000e+01,4.930000000000000000e+02
2.658150599999999599e+02,1.349548399999999901e+02,1.083953999999999951e+01,6.800000000000000000e+01,2.769000000000000000e+03
9.198631999999999209e+01,1.552786800000000085e+02,2.163011999999999802e+01,2.600000000000000000e+01,8.730000000000000000e+02
7.892692000000000974e+01,1.304206000000000074e+02,2.472344000000000008e+01,2.100000000000000000e+01,2.049000000000000000e+03
2.724195599999999899e+02,6.850966000000001088e+01,3.899154000000000053e+01,5.300000000000000000e+01,2.415000000000000000e+03
5.510651999999999617e+01,1.051908999999999992e+02,6.052102000000000004e+01,3.900000000000000000e+01,1.817000000000000000e+03
2.578627999999999929e+02,6.649379999999999313e+01,1.930282000000000053e+01,4.700000000000000000e+01,2.143000000000000000e+03
4.937853999999999388e+01,2.070974000000000004e+01,4.047495999999999583e+01,2.000000000000000000e+00,1.774000000000000000e+03
3.897385999999999484e+01,1.177049400000000077e+02,3.615117999999999654e+01,3.300000000000000000e+01,2.253000000000000000e+03
7.704672000000000764e+01,1.354461399999999855e+02,3.932133999999999929e+01,1.600000000000000000e+01,1.412000000000000000e+03
9.336842000000000041e+01,3.644868000000000308e+01,1.453500000000000014e+01,4.000000000000000000e+00,7.330000000000000000e+02
2.609799199999999928e+02,2.850695999999999586e+01,2.160189999999999699e+01,6.000000000000000000e+01,1.304000000000000000e+03
2.772825799999999390e+02,1.537245399999999904e+02,4.065311999999999415e+01,7.400000000000000000e+01,2.740000000000000000e+03
3.987995999999999697e+01,1.653066399999999874e+02,3.153771999999999309e+01,3.500000000000000000e+01,1.770000000000000000e+03
9.053757999999999129e+01,7.482958000000000709e+01,4.093599999999999284e+01,3.000000000000000000e+00,2.340000000000000000e+03
8.430436000000000263e+01,1.274874199999999860e+02,2.256001999999999796e+01,2.100000000000000000e+01,5.800000000000000000e+02
2.176455600000000175e+02,6.656383999999999901e+01,1.890536000000000172e+01,4.200000000000000000e+01,1.661000000000000000e+03
4.611453999999999809e+01,1.185185600000000079e+02,2.362829999999999941e+01,3.300000000000000000e+01,7.440000000000000000e+02
1.353584199999999953e+02,1.103653599999999955e+02,1.193671999999999933e+01,2.200000000000000000e+01,1.461000000000000000e+03
8.179142000000000223e+01,1.021553799999999796e+02,1.458225999999999978e+01,1.100000000000000000e+01,1.645000000000000000e+03
1.748395599999999774e+02,3.700865999999999900e+01,3.851078000000000401e+01,5.700000000000000000e+01,2.823000000000000000e+03
7.716809999999999548e+01,1.526188599999999838e+02,4.108015999999999934e+01,2.000000000000000000e+01,2.500000000000000000e+02
7.591111999999999682e+01,6.654242000000000701e+01,5.446833999999999776e+01,3.000000000000000000e+00,6.770000000000000000e+02
1.790178199999999720e+02,8.757277999999999452e+01,7.699231999999999232e+01,5.400000000000000000e+01,2.794000000000000000e+03
1.974815199999999891e+02,1.085501000000000005e+02,2.368100000000000094e+01,5.600000000000000000e+01,3.770000000000000000e+02
1.976198999999999728e+02,8.789136000000000593e+01,7.458070000000000732e+01,4.800000000000000000e+01,2.408000000000000000e+03
7.968070000000000164e+01,2.098854000000000042e+01,4.748508000000000351e+01,2.000000000000000000e+00,2.277000000000000000e+03
1.667380399999999838e+02,8.506698000000000093e+01,1.072461999999999982e+01,2.500000000000000000e+01,2.248000000000000000e+03
2.180929999999999680e+01,1.426979999999999791e+02,6.563121999999999900e+01,3.400000000000000000e+01,1.986000000000000000e+03
1.269165600000000040e+02,6.641254000000000701e+01,3.196680000000000277e+01,1.400000000000000000e+01,8.710000000000000000e+02
1.501280199999999923e+02,1.087347199999999958e+02,1.830491999999999919e+01,3.700000000000000000e+01,3.540000000000000000e+02
7.609471999999999525e+01,9.891483999999999810e+01,1.072631999999999941e+01,1.100000000000000000e+01,1.479000000000000000e+03
2.579447400000000243e+02,1.049382800000000060e+02,2.788578000000000046e+01,6.600000000000000000e+01,4.100000000000000000e+01
2.672199400000000082e+02,1.292479399999999998e+02,1.531869999999999798e+01,6.800000000000000000e+01,3.351000000000000000e+03
2.571253399999999942e+02,1.086918800000000118e+02,3.143776000000000437e+01,6.600000000000000000e+01,4.000000000000000000e+00
3.057055599999999913e+02,7.051770000000000493e+01,1.819169999999999732e+01,6.300000000000000000e+01,2.958000000000000000e+03
9.476207999999999743e+01,7.148567999999998790e+01,2.239308000000000121e+01,8.000000000000000000e+00,4.310000000000000000e+02
5.014592000000000382e+01,9.178979999999999251e+00,1.986687999999999832e+01,6.000000000000000000e+00,2.262000000000000000e+03
4.370393999999999579e+01,1.654004799999999875e+02,1.880471999999999966e+01,3.500000000000000000e+01,3.032000000000000000e+03
5.625232000000000454e+01,8.755782000000000664e+01,6.300471999999999895e+01,1.300000000000000000e+01,1.204000000000000000e+03
1.996840400000000102e+02,1.280535200000000202e+02,3.662105999999999995e+01,4.600000000000000000e+01,1.981000000000000000e+03
1.364066399999999817e+02,1.283534000000000042e+01,2.127108000000000132e+01,9.000000000000000000e+00,9.190000000000000000e+02
9.171193999999999846e+01,1.228263599999999940e+02,4.584628000000000014e+01,1.600000000000000000e+01,2.680000000000000000e+03
1.090805000000000007e+02,6.664611999999999625e+01,3.787531999999999499e+01,1.400000000000000000e+01,5.000000000000000000e+01
2.821697399999999334e+02,1.496193799999999783e+02,3.900989999999999469e+01,7.400000000000000000e+01,8.230000000000000000e+02
1.548172999999999888e+02,8.031683999999999912e+01,6.777390000000001180e+01,5.400000000000000000e+01,1.041000000000000000e+03
9.606156000000000006e+01,1.261637999999999948e+01,3.924721999999999156e+01,1.000000000000000000e+00,1.267000000000000000e+03
1.923441200000000038e+02,1.059276799999999952e+02,1.072461999999999982e+01,5.600000000000000000e+01,1.249000000000000000e+03
7.203749999999999432e+01,1.398702199999999891e+02,5.627102000000000004e+01,2.700000000000000000e+01,4.130000000000000000e+02
2.200143399999999758e+02,1.421288399999999967e+02,3.354337999999999909e+01,5.200000000000000000e+01,5.820000000000000000e+02
7.404928000000001020e+01,1.321974400000000003e+02,5.180648000000000053e+01,1.600000000000000000e+01,1.674000000000000000e+03
7.919858000000000686e+01,2.701232000000000255e+01,1.520513999999999655e+01,1.000000000000000000e+00,3.703000000000000000e+03
1.001639999999999873e+02,1.258713999999999800e+01,2.955926000000000187e+01,1.000000000000000000e+00,8.780000000000000000e+02
4.925545999999999935e+01,1.503996799999999894e+02,1.287104000000000070e+01,2.800000000000000000e+01,1.441000000000000000e+03
7.844310000000000116e+01,8.951179999999999026e+00,3.923225999999999658e+01,1.000000000000000000e+00,1.873000000000000000e+03
4.128177999999999770e+01,1.650938000000000159e+02,2.342633999999999972e+01,3.500000000000000000e+01,2.688000000000000000e+03
1.824426399999999830e+02,1.615598400000000083e+02,2.613477999999999923e+01,5.100000000000000000e+01,1.195000000000000000e+03
1.297983999999999938e+01,7.023515999999999337e+01,7.209598000000001150e+01,1.800000000000000000e+01,3.269000000000000000e+03
2.868379399999999464e+02,1.597996599999999887e+02,2.295952000000000126e+01,7.000000000000000000e+01,3.542000000000000000e+03
8.683123999999999398e+01,7.241694000000001097e+01,2.334813999999999723e+01,3.000000000000000000e+00,1.965000000000000000e+03
2.296462000000000003e+01,6.342088000000000392e+01,6.848076000000000363e+01,1.800000000000000000e+01,2.300000000000000000e+03
9.062257999999999925e+01,3.272567999999999699e+01,2.864363999999999777e+01,1.000000000000000000e+00,4.820000000000000000e+02
3.130369799999999714e+02,4.880359999999999587e+01,1.724411999999999878e+01,7.200000000000000000e+01,1.154000000000000000e+03
6.228188000000000102e+01,1.287185599999999965e+02,4.877027999999999253e+01,2.700000000000000000e+01,9.710000000000000000e+02
8.213516000000001327e+01,1.235621199999999931e+02,4.446009999999999707e+01,1.600000000000000000e+01,2.840000000000000000e+03
9.192579999999999529e+01,7.181853999999999871e+01,3.648472000000000293e+01,3.000000000000000000e+00,2.114000000000000000e+03
1.562850799999999936e+02,7.479388000000000147e+01,6.512257999999999925e+01,5.400000000000000000e+01,1.108000000000000000e+03
1.033321200000000033e+02,6.207787999999999329e+01,1.200811999999999991e+01,8.000000000000000000e+00,3.003000000000000000e+03
2.250511000000000195e+02,1.382062599999999861e+02,1.904815999999999576e+01,5.200000000000000000e+01,1.671000000000000000e+03
1.959671600000000069e+02,1.584444200000000080e+02,3.143537999999999855e+01,5.100000000000000000e+01,2.490000000000000000e+02
5.061171999999999827e+01,4.003873999999999711e+01,4.377159999999999229e+01,1.000000000000000000e+01,3.154000000000000000e+03
1.980975999999999999e+02,1.221334399999999931e+02,3.676487999999999801e+01,4.600000000000000000e+01,2.834000000000000000e+03
2.072432600000000207e+02,8.631171999999997979e+01,5.907976000000000028e+01,4.800000000000000000e+01,2.560000000000000000e+02
1.980469399999999780e+02,7.295651999999999759e+01,1.072461999999999982e+01,3.100000000000000000e+01,8.380000000000000000e+02
2.762380999999999744e+02,2.797690000000000055e+01,1.506947999999999865e+01,6.000000000000000000e+01,1.352000000000000000e+03
5.742667999999999751e+01,9.379920000000000258e+00,4.789545999999999992e+01,2.000000000000000000e+00,2.083000000000000000e+03
1.053105799999999874e+02,8.042053999999998837e+01,2.623916000000000182e+01,8.000000000000000000e+00,1.770000000000000000e+02
2.615208599999999706e+02,9.612174000000000262e+01,5.387537999999999272e+01,6.200000000000000000e+01,1.460000000000000000e+02
7.594715999999999667e+01,9.196864000000000772e+01,1.072631999999999941e+01,1.100000000000000000e+01,1.509000000000000000e+03
1.976603599999999972e+02,7.395951999999999771e+01,6.686881999999998527e+01,4.800000000000000000e+01,2.360000000000000000e+03
4.690742000000000189e+01,3.583566000000000429e+01,3.798854000000000042e+01,1.000000000000000000e+01,3.664000000000000000e+03
4.127906000000000120e+01,3.669551999999999481e+01,6.026601999999999748e+01,2.400000000000000000e+01,2.012000000000000000e+03
9.302740000000000009e+01,1.292367200000000196e+02,1.629382000000000019e+01,2.100000000000000000e+01,1.038000000000000000e+03
9.297911999999999466e+01,1.989577999999999847e+01,1.652705999999999875e+01,1.000000000000000000e+00,8.340000000000000000e+02
7.263182000000000471e+01,3.079821999999999704e+01,4.586939999999999884e+01,0.000000000000000000e+00,1.133000000000000000e+03
4.354108000000000089e+01,9.642365999999999815e+01,6.110717999999999961e+01,3.900000000000000000e+01,2.737000000000000000e+03
2.243976200000000176e+02,1.187028399999999948e+02,1.441531999999999947e+01,5.500000000000000000e+01,2.364000000000000000e+03
1.863924199999999871e+02,1.301938200000000165e+02,3.789300000000000068e+01,4.600000000000000000e+01,1.970000000000000000e+02
1.250499599999999987e+02,1.022356199999999973e+02,1.072496000000000116e+01,2.200000000000000000e+01,1.913000000000000000e+03
1.889488800000000026e+02,9.238819999999999766e+01,1.072461999999999982e+01,5.600000000000000000e+01,2.321000000000000000e+03
5.281219999999999715e+01,1.892134000000000071e+01,4.416328000000000031e+01,2.000000000000000000e+00,1.360000000000000000e+03
7.960284000000000049e+01,7.870489999999999498e+01,1.072631999999999941e+01,1.100000000000000000e+01,3.463000000000000000e+03
1.057882799999999861e+02,7.389763999999999555e+01,4.052289999999999992e+01,2.300000000000000000e+01,3.678000000000000000e+03
9.315796000000000276e+01,5.244601999999999720e+01,1.562606000000000073e+01,8.000000000000000000e+00,2.587000000000000000e+03
1.366895199999999875e+02,1.356103599999999858e+02,3.524848000000000070e+01,4.500000000000000000e+01,3.517000000000000000e+03
4.658102000000000942e+01,2.250188000000000343e+01,1.532413999999999987e+01,6.000000000000000000e+00,7.290000000000000000e+02
1.435425600000000088e+02,1.081727000000000061e+02,4.013598000000000354e+01,3.000000000000000000e+01,1.428000000000000000e+03
1.742605399999999918e+02,1.076813999999999965e+02,4.921976000000000084e+01,4.100000000000000000e+01,2.520000000000000000e+03
1.175566999999999922e+02,2.707725999999999900e+01,1.192277999999999949e+01,5.000000000000000000e+00,5.660000000000000000e+02
1.374048799999999915e+02,9.968289999999998940e+01,6.032688000000000272e+01,6.100000000000000000e+01,6.520000000000000000e+02
1.652389799999999980e+02,1.083246800000000007e+02,3.427982000000000085e+01,4.100000000000000000e+01,1.380000000000000000e+02
1.218206399999999974e+02,9.443262000000000000e+01,1.072496000000000116e+01,2.200000000000000000e+01,2.566000000000000000e+03
1.674744799999999998e+02,7.879023999999999717e+01,1.072461999999999982e+01,2.500000000000000000e+01,1.446000000000000000e+03
6.736181999999999448e+01,1.476191599999999937e+02,8.868560000000000443e+00,2.800000000000000000e+01,3.707000000000000000e+03
1.023287799999999947e+02,1.098407399999999967e+02,4.106553999999999860e+01,1.700000000000000000e+01,3.990000000000000000e+02
2.805421599999999671e+02,1.488700199999999825e+02,1.046213999999999977e+01,7.000000000000000000e+01,4.910000000000000000e+02
1.865651400000000137e+02,7.258897999999999229e+01,6.312337999999999738e+01,4.800000000000000000e+01,2.770000000000000000e+03
2.628179599999999709e+02,1.626559999999999917e+01,3.796541999999999462e+01,6.500000000000000000e+01,1.333000000000000000e+03
3.053573999999999842e+02,4.087139999999999418e+01,1.830321999999999960e+01,7.200000000000000000e+01,4.090000000000000000e+02
1.682313200000000109e+02,8.748539999999998429e+01,7.341925999999999419e+01,5.400000000000000000e+01,1.203000000000000000e+03
9.189690000000000225e+01,1.263572599999999966e+02,2.210169999999999746e+01,2.100000000000000000e+01,8.090000000000000000e+02
1.508495000000000061e+02,6.852053999999999689e+01,5.192445999999999628e+01,3.200000000000000000e+01,2.331000000000000000e+03
2.543244199999999751e+02,1.086918800000000118e+02,2.504474000000000089e+01,6.600000000000000000e+01,6.620000000000000000e+02
9.990185999999999922e+01,7.171143999999999608e+01,1.072563999999999851e+01,8.000000000000000000e+00,1.012000000000000000e+03
1.222558399999999921e+02,1.198160000000000025e+02,3.173900000000000077e+01,2.900000000000000000e+01,9.600000000000000000e+02
1.859572200000000066e+02,1.159066799999999802e+02,3.795318000000000325e+01,4.100000000000000000e+01,1.912000000000000000e+03
8.328979999999999961e+01,3.847541999999999973e+01,2.068900000000000006e+01,4.000000000000000000e+00,3.577000000000000000e+03
2.853670999999999935e+02,1.378346400000000074e+02,3.373004000000000246e+01,7.400000000000000000e+01,1.929000000000000000e+03
4.314056000000000068e+01,1.659322400000000073e+02,4.091526000000000352e+01,3.500000000000000000e+01,1.867000000000000000e+03
2.593958600000000274e+02,9.378763999999999612e+01,2.679438000000000031e+01,6.600000000000000000e+01,7.840000000000000000e+02
3.931521999999999650e+01,1.102011400000000094e+02,6.690485999999999933e+01,3.900000000000000000e+01,7.380000000000000000e+02
2.339907200000000103e+02,1.082716399999999908e+02,1.032681999999999967e+01,5.500000000000000000e+01,3.714000000000000000e+03
2.621423800000000028e+02,7.032084000000000401e+01,1.058657999999999966e+01,4.700000000000000000e+01,2.145000000000000000e+03
4.508195999999999515e+01,6.396895999999999560e+01,6.622213999999999601e+01,1.300000000000000000e+01,2.549000000000000000e+03
2.190759400000000028e+02,9.999230000000000018e+01,5.318925999999999732e+01,4.900000000000000000e+01,4.400000000000000000e+01
8.859005999999999403e+01,1.326054399999999873e+02,3.815683999999999543e+01,1.600000000000000000e+01,7.490000000000000000e+02
2.095328199999999867e+02,1.268074200000000076e+02,1.308626000000000111e+01,5.200000000000000000e+01,2.748000000000000000e+03
1.816405799999999715e+02,2.735674000000000206e+01,1.223422000000000054e+01,5.000000000000000000e+01,7.940000000000000000e+02
1.392670600000000150e+02,1.303386599999999760e+02,1.189490000000000158e+01,4.000000000000000000e+01,3.365000000000000000e+03
1.380903199999999913e+02,1.511537999999999897e+02,1.193162000000000056e+01,4.000000000000000000e+01,3.500000000000000000e+02
2.678638999999999442e+02,4.296205999999999392e+01,2.053871999999999787e+01,6.000000000000000000e+01,1.806000000000000000e+03
2.357359399999999710e+02,7.048166000000000508e+01,4.387971999999999895e+01,3.800000000000000000e+01,1.943000000000000000e+03
1.696933199999999715e+02,1.798191999999999879e+01,1.194827999999999868e+01,5.000000000000000000e+01,2.170000000000000000e+03
5.171739999999999782e+01,5.049475999999999942e+01,1.832804000000000144e+01,1.000000000000000000e+01,1.882000000000000000e+03
2.250511000000000195e+02,4.614343999999999824e+01,1.736278000000000077e+01,4.400000000000000000e+01,1.449000000000000000e+03
1.115441399999999845e+02,1.555353800000000035e+02,3.442228000000000065e+01,3.600000000000000000e+01,5.630000000000000000e+02
2.547915799999999820e+02,1.396743799999999851e+02,2.997236000000000189e+01,7.100000000000000000e+01,1.481000000000000000e+03
1.265765600000000006e+02,1.623228000000000009e+02,3.463716000000000150e+01,3.600000000000000000e+01,1.763000000000000000e+03
2.610928000000000111e+02,2.757671999999999812e+01,4.216067999999999927e+01,6.500000000000000000e+01,2.798000000000000000e+03
8.197162000000000148e+01,8.751940000000000452e+01,1.072631999999999941e+01,1.100000000000000000e+01,1.977000000000000000e+03
9.492051999999999623e+01,1.184954399999999879e+02,4.405413999999999675e+01,1.700000000000000000e+01,1.900000000000000000e+01
8.821334000000000231e+01,1.261093999999999937e+01,3.979802000000000106e+01,1.000000000000000000e+00,1.297000000000000000e+03
4.251053999999999888e+01,2.689910000000000068e+01,4.230313999999999908e+01,2.000000000000000000e+00,2.399000000000000000e+03
1.780338600000000042e+02,1.070347199999999930e+02,1.072461999999999982e+01,5.600000000000000000e+01,3.699000000000000000e+03
2.826851800000000026e+02,4.580819999999999226e+01,3.880079999999999529e+01,6.700000000000000000e+01,2.776000000000000000e+03
1.118861799999999960e+02,7.704739999999999611e+01,2.882961999999999492e+01,8.000000000000000000e+00,4.560000000000000000e+02
1.177222799999999978e+02,8.272165999999998576e+01,5.680890000000000128e+01,2.300000000000000000e+01,1.737000000000000000e+03
3.092436000000000149e+02,7.695560000000000400e+01,2.471630000000000038e+01,6.300000000000000000e+01,3.602000000000000000e+03
2.098282799999999781e+02,8.117023999999999262e+01,6.879356000000001359e+01,4.800000000000000000e+01,6.810000000000000000e+02
2.911671599999999671e+02,1.345380000000000109e+02,2.102627999999999986e+01,6.800000000000000000e+01,1.982000000000000000e+03
4.071330000000000382e+01,5.409909999999999997e+01,2.544287999999999528e+01,1.000000000000000000e+01,1.387000000000000000e+03
2.824264400000000137e+02,1.544534999999999911e+02,1.824371999999999971e+01,7.000000000000000000e+01,2.342000000000000000e+03
5.012688000000000699e+01,1.301081399999999917e+02,6.543843999999999994e+01,2.700000000000000000e+01,2.968000000000000000e+03
9.313007999999999242e+01,7.555140000000000100e+01,5.458189999999999742e+01,3.000000000000000000e+00,3.460000000000000000e+03
3.174967599999999948e+02,7.871645999999999788e+01,1.677730000000000032e+01,6.300000000000000000e+01,2.956000000000000000e+03
2.539983599999999910e+02,8.273457999999999402e+01,1.029826000000000086e+01,4.700000000000000000e+01,1.058000000000000000e+03
8.127258000000000493e+01,1.084637400000000014e+02,4.858633999999999986e+01,1.200000000000000000e+01,3.552000000000000000e+03
1.159692399999999992e+02,1.685719999999999885e+01,3.805654000000000536e+01,5.000000000000000000e+00,2.084000000000000000e+03
1.145878199999999936e+02,3.775359999999999872e+01,1.190067999999999948e+01,5.000000000000000000e+00,1.393000000000000000e+03
1.091083799999999968e+02,7.715823999999999216e+01,3.621544000000000096e+01,2.300000000000000000e+01,2.069000000000000000e+03
1.099648399999999810e+02,1.055346399999999960e+02,4.026483999999999952e+01,2.300000000000000000e+01,8.260000000000000000e+02
6.752638000000000318e+01,1.546595399999999927e+02,5.422455999999999676e+01,2.000000000000000000e+01,9.650000000000000000e+02
1.975036200000000122e+02,8.661091999999999302e+01,2.059209999999999852e+01,5.600000000000000000e+01,3.056000000000000000e+03
9.022307999999998174e+01,7.201879999999999882e+01,1.909474000000000160e+01,8.000000000000000000e+00,8.960000000000000000e+02
1.462639199999999846e+02,2.059243999999999986e+01,3.868043999999999727e+01,9.000000000000000000e+00,1.612000000000000000e+03
6.764469999999998606e+01,7.467011999999999716e+01,2.508757999999999910e+01,1.100000000000000000e+01,2.664000000000000000e+03
2.602275000000000205e+02,1.084559199999999919e+02,2.467652000000000001e+01,6.600000000000000000e+01,1.430000000000000000e+02
2.884250599999999736e+02,3.622461999999999449e+01,3.979495999999999611e+01,6.700000000000000000e+01,3.531000000000000000e+03
2.132415399999999863e+02,7.671896000000000981e+01,5.544992000000000587e+01,4.300000000000000000e+01,1.383000000000000000e+03
1.918443199999999820e+02,1.211022200000000169e+02,3.732995999999999981e+01,4.600000000000000000e+01,3.201000000000000000e+03
2.649215399999999931e+02,1.362896800000000042e+02,1.795948000000000278e+01,6.800000000000000000e+01,2.151000000000000000e+03
7.292999999999999261e+01,4.733853999999999473e+01,1.891011999999999915e+01,4.000000000000000000e+00,9.480000000000000000e+02
3.908809999999999718e+01,1.137395199999999846e+02,3.093863999999999592e+01,3.300000000000000000e+01,1.771000000000000000e+03
2.135873200000000054e+02,1.022791399999999982e+02,1.827533999999999992e+01,5.500000000000000000e+01,3.169000000000000000e+03
3.157545999999999609e+01,1.248350800000000049e+02,6.763110000000000355e+01,3.400000000000000000e+01,1.072000000000000000e+03
4.054228000000000520e+01,1.361516400000000147e+02,2.605147999999999797e+01,2.800000000000000000e+01,3.490000000000000000e+03
2.207926000000000215e+02,6.910840000000000316e+01,2.897412000000000276e+01,3.800000000000000000e+01,2.725000000000000000e+03
9.426703999999999439e+01,1.365589599999999848e+02,4.429690000000000083e+01,1.600000000000000000e+01,3.002000000000000000e+03
4.157043999999999784e+01,1.315232199999999807e+02,6.143256000000000228e+01,3.400000000000000000e+01,3.870000000000000000e+02
8.403032000000000323e+01,3.297353999999999985e+01,2.201534000000000191e+01,1.000000000000000000e+00,2.648000000000000000e+03
5.580623999999999540e+01,6.894826000000000477e+01,5.190813999999999595e+01,1.300000000000000000e+01,2.780000000000000000e+03
8.845677999999998065e+01,1.029373800000000045e+02,2.321010000000000062e+01,1.700000000000000000e+01,2.820000000000000000e+03
6.492810000000000059e+01,1.108756999999999806e+02,3.747581999999999880e+01,1.200000000000000000e+01,8.520000000000000000e+02
3.028264399999999910e+02,8.966921999999999571e+01,1.065491999999999884e+01,6.300000000000000000e+01,2.892000000000000000e+03
6.259740000000000038e+01,1.454509799999999871e+02,1.527177999999999969e+01,2.800000000000000000e+01,7.900000000000000000e+01
2.777674199999999587e+02,4.121513999999999811e+01,2.533714000000000155e+01,6.900000000000000000e+01,9.570000000000000000e+02
6.113539999999998997e+01,3.709842000000000439e+01,8.501699999999999591e+00,4.000000000000000000e+00,3.268000000000000000e+03
4.787302000000000390e+01,1.441464000000000034e+01,2.275008000000000052e+01,6.000000000000000000e+00,6.790000000000000000e+02
2.039530799999999999e+02,1.446608200000000011e+02,1.275408000000000008e+01,5.200000000000000000e+01,2.064000000000000000e+03
2.297257600000000082e+02,7.942807999999999424e+01,5.079055999999999926e+01,4.300000000000000000e+01,1.720000000000000000e+02
2.968237399999999866e+02,7.281915999999999656e+01,3.148059999999999903e+01,6.400000000000000000e+01,3.505000000000000000e+03
1.589666599999999903e+02,1.072859800000000092e+02,5.019420000000000215e+01,4.100000000000000000e+01,8.500000000000000000e+02
2.471014600000000030e+02,7.261278000000000077e+01,1.878601999999999705e+01,4.700000000000000000e+01,2.220000000000000000e+02
7.134763999999999839e+01,1.415110599999999863e+02,2.474350000000000094e+01,2.100000000000000000e+01,2.868000000000000000e+03
1.084674799999999806e+02,1.048277800000000042e+02,1.072529999999999895e+01,2.200000000000000000e+01,3.096000000000000000e+03
3.208675200000000132e+02,8.214195999999999742e+01,2.099840000000000018e+01,6.300000000000000000e+01,2.957000000000000000e+03
1.263705199999999991e+02,1.552797000000000196e+02,3.791373999999999711e+01,3.600000000000000000e+01,6.700000000000000000e+02
1.262725999999999971e+01,1.105067999999999842e+02,3.730207999999999657e+01,3.300000000000000000e+01,3.647000000000000000e+03
1.384578600000000108e+02,1.548564000000000078e+02,3.867533999999999850e+01,4.500000000000000000e+01,1.186000000000000000e+03
5.626693999999999818e+01,6.989005999999999119e+01,6.298976000000000397e+01,1.300000000000000000e+01,1.728000000000000000e+03
1.967885999999999669e+01,4.251053999999999888e+01,6.879593999999998744e+01,2.400000000000000000e+01,6.110000000000000000e+02
2.441526399999999626e+02,1.016015199999999936e+02,5.538667999999999125e+01,6.200000000000000000e+01,1.244000000000000000e+03
1.546578399999999931e+02,1.082505599999999930e+02,2.137988000000000000e+01,3.700000000000000000e+01,5.210000000000000000e+02
1.096904599999999874e+02,8.069151999999999703e+01,5.393419999999999703e+01,2.300000000000000000e+01,1.394000000000000000e+03
4.768262000000000000e+01,1.252951000000000050e+02,2.338655999999999935e+01,3.300000000000000000e+01,8.150000000000000000e+02
2.781064000000000078e+02,4.428772000000000730e+01,9.765480000000000160e+00,6.000000000000000000e+01,1.740000000000000000e+02
3.191692199999999957e+02,9.648893999999999949e+01,1.398352000000000039e+01,6.300000000000000000e+01,1.995000000000000000e+03
4.446486000000000161e+01,1.190112199999999802e+02,1.758990000000000009e+01,3.300000000000000000e+01,1.046000000000000000e+03
1.662389199999999789e+02,1.126331600000000037e+02,3.863963999999999999e+01,4.100000000000000000e+01,1.490000000000000000e+02
1.447985199999999963e+02,1.467137400000000014e+02,3.868281999999999954e+01,4.500000000000000000e+01,1.276000000000000000e+03
1.112082199999999972e+02,3.912957999999999714e+01,3.644561999999999813e+01,5.000000000000000000e+00,2.896000000000000000e+03
2.914191000000000145e+02,3.876169999999999760e+01,2.179603999999999786e+01,6.900000000000000000e+01,1.610000000000000000e+03
2.733049200000000383e+02,4.507992000000000132e+01,4.206547999999999377e+01,6.700000000000000000e+01,2.499000000000000000e+03
2.880877800000000093e+02,1.292479399999999998e+02,2.928692000000000206e+01,6.800000000000000000e+01,1.813000000000000000e+03
1.177284000000000077e+02,1.348004799999999932e+02,1.189864000000000033e+01,2.900000000000000000e+01,2.375000000000000000e+03
2.244520199999999761e+02,1.056835599999999999e+02,4.052561999999999642e+01,4.900000000000000000e+01,1.213000000000000000e+03
2.738920999999999708e+02,1.440960800000000006e+02,3.642623999999999995e+01,7.400000000000000000e+01,1.725000000000000000e+03
7.858521999999999252e+01,1.284009999999999962e+01,5.315662000000000376e+01,2.000000000000000000e+00,3.401000000000000000e+03
2.581987199999999802e+02,8.686897999999999342e+01,1.708533999999999864e+01,4.700000000000000000e+01,1.784000000000000000e+03
2.738614999999999782e+02,7.706304000000000087e+01,5.159738000000000113e+01,5.800000000000000000e+01,2.877000000000000000e+03
2.017763999999999953e+02,1.085960000000000036e+02,2.007394000000000034e+01,5.600000000000000000e+01,4.480000000000000000e+02
3.159093000000000302e+02,9.183876000000000772e+01,1.696124000000000009e+01,6.300000000000000000e+01,1.289000000000000000e+03
1.899535800000000165e+02,4.980931999999999249e+01,3.752409999999999712e+01,3.100000000000000000e+01,3.579000000000000000e+03
6.095486000000000359e+01,8.500000000000000000e+00,1.192515999999999998e+01,6.000000000000000000e+00,3.620000000000000000e+03
2.583003800000000183e+02,1.044789399999999944e+02,3.910374000000000194e+01,6.200000000000000000e+01,2.198000000000000000e+03
2.208626399999999705e+02,3.434951999999999828e+01,3.332849999999999824e+01,4.400000000000000000e+01,8.460000000000000000e+02
2.260218000000000131e+02,8.397830000000000439e+01,7.439982000000000539e+01,4.300000000000000000e+01,2.123000000000000000e+03
1.345512600000000134e+02,5.759361999999999426e+01,1.190033999999999814e+01,1.900000000000000000e+01,9.900000000000000000e+01
7.837612000000000023e+01,1.451545000000000130e+02,2.408492000000000033e+01,2.600000000000000000e+01,2.751000000000000000e+03
2.024652399999999659e+02,8.257988000000000284e+01,1.311821999999999910e+01,3.100000000000000000e+01,1.089000000000000000e+03
9.368189999999998463e+01,6.291155999999999437e+01,1.294107999999999947e+01,8.000000000000000000e+00,1.782000000000000000e+03
1.214320199999999943e+02,1.366052000000000000e+01,1.223931999999999931e+01,5.000000000000000000e+00,7.990000000000000000e+02
1.855148800000000051e+02,1.429632000000000147e+01,3.428083999999999776e+01,5.700000000000000000e+01,3.490000000000000000e+02
1.863152399999999886e+02,4.488611999999999824e+01,1.229065999999999903e+01,5.000000000000000000e+01,1.550000000000000000e+03
1.614200999999999908e+02,2.669679999999999964e+01,1.195269999999999833e+01,5.000000000000000000e+01,2.615000000000000000e+03
2.565735199999999736e+02,1.086918800000000118e+02,4.182339999999999947e+01,6.200000000000000000e+01,2.047000000000000000e+03
1.961776199999999903e+02,6.661960000000000548e+01,4.288861999999999597e+01,3.100000000000000000e+01,2.873000000000000000e+03
9.576779999999999404e+01,1.357643799999999885e+02,1.205300000000000082e+01,2.100000000000000000e+01,1.827000000000000000e+03
5.526767999999999148e+01,5.320897999999999683e+01,9.744400000000000617e+00,4.000000000000000000e+00,3.070000000000000000e+03
1.733693999999999846e+02,6.897885999999999740e+01,5.335109999999999530e+01,3.200000000000000000e+01,3.149000000000000000e+03
1.077208399999999955e+02,1.526049199999999928e+02,3.886029999999999518e+01,3.600000000000000000e+01,8.180000000000000000e+02
2.052450800000000299e+02,1.033171600000000012e+02,5.441801999999999140e+01,4.900000000000000000e+01,1.265000000000000000e+03
3.170690399999999727e+02,1.424739399999999989e+02,1.425280000000000058e+01,7.300000000000000000e+01,8.350000000000000000e+02
2.682395999999999390e+02,3.419312000000000040e+01,9.993959999999999511e+00,6.000000000000000000e+01,7.500000000000000000e+02
2.641463400000000092e+02,2.935083999999999804e+01,1.751985999999999777e+01,6.000000000000000000e+01,7.980000000000000000e+02
2.113086400000000253e+02,9.364347999999999672e+01,1.319506000000000157e+01,5.600000000000000000e+01,2.116000000000000000e+03
1.260199800000000039e+02,1.073458199999999891e+02,2.742575999999999681e+01,2.200000000000000000e+01,2.130000000000000000e+02
1.208876799999999889e+02,1.503275999999999897e+02,3.150949999999999918e+01,3.600000000000000000e+01,6.200000000000000000e+01
2.877644399999999791e+02,1.488761399999999924e+02,1.561280000000000179e+01,7.000000000000000000e+01,2.535000000000000000e+03
1.841677999999999926e+01,1.296708999999999889e+02,7.110862000000000194e+01,3.400000000000000000e+01,2.816000000000000000e+03
2.779177000000000248e+02,1.093773199999999832e+02,2.259946000000000055e+01,6.600000000000000000e+01,2.288000000000000000e+03
9.374887999999998556e+01,1.435564999999999998e+02,1.257864000000000004e+01,2.600000000000000000e+01,2.671000000000000000e+03
2.188542599999999823e+02,1.268193199999999905e+02,3.383203999999999922e+01,5.200000000000000000e+01,2.963000000000000000e+03
5.531935999999999609e+01,7.504819999999999425e+01,5.254767999999999972e+01,1.300000000000000000e+01,1.045000000000000000e+03
2.705131799999999771e+02,5.006975999999999516e+01,3.036845999999999535e+01,5.300000000000000000e+01,3.252000000000000000e+03
1.975284399999999891e+02,8.874305999999999983e+01,3.217623999999999995e+01,3.100000000000000000e+01,2.175000000000000000e+03
6.250627999999999673e+01,8.467971999999998900e+01,2.670938000000000301e+01,7.000000000000000000e+00,1.053000000000000000e+03
9.545329999999999870e+01,8.081051999999999680e+01,4.972058000000000533e+01,2.300000000000000000e+01,8.670000000000000000e+02
2.817909799999999905e+02,2.230841999999999814e+01,1.774527999999999750e+01,6.900000000000000000e+01,3.325000000000000000e+03
1.115420999999999907e+02,1.056468399999999974e+02,1.569575999999999816e+01,2.200000000000000000e+01,3.153000000000000000e+03
4.568342000000000525e+01,1.537021000000000015e+02,2.997269999999999968e+01,3.500000000000000000e+01,5.280000000000000000e+02
1.505601599999999962e+02,1.757935999999999765e+01,3.867635999999999541e+01,9.000000000000000000e+00,2.112000000000000000e+03
8.582347999999998933e+01,1.425997399999999971e+02,2.795888000000000062e+01,2.600000000000000000e+01,1.253000000000000000e+03
2.125292399999999873e+02,1.525039400000000001e+02,3.502646000000000015e+01,5.200000000000000000e+01,1.110000000000000000e+02
2.721414399999999887e+02,4.296307999999999794e+01,3.553543999999999414e+01,6.700000000000000000e+01,2.804000000000000000e+03
2.038725000000000023e+02,1.882987999999999928e+01,1.588616000000000206e+01,4.400000000000000000e+01,2.396000000000000000e+03
1.999162599999999941e+02,1.774256000000000100e+01,2.639658000000000015e+01,4.400000000000000000e+01,2.481000000000000000e+03
7.123951999999999884e+01,8.925441999999999609e+01,1.072665999999999897e+01,1.100000000000000000e+01,1.589000000000000000e+03
1.846414199999999823e+02,1.610586800000000096e+02,3.216603999999999530e+01,5.100000000000000000e+01,1.077000000000000000e+03
2.641905399999999986e+02,6.705683999999999401e+01,1.754468000000000316e+01,5.300000000000000000e+01,5.540000000000000000e+02
2.709024799999999686e+02,6.824105999999999028e+01,4.442065999999999093e+01,5.800000000000000000e+01,2.888000000000000000e+03
6.559857999999999834e+01,3.629261999999999944e+01,5.462167999999999068e+01,2.000000000000000000e+00,3.060000000000000000e+03
1.176162000000000063e+02,2.303295999999999921e+01,3.101173999999999964e+01,5.000000000000000000e+00,3.213000000000000000e+03
8.175945999999999003e+01,7.315303999999999007e+01,3.762066000000000088e+01,3.000000000000000000e+00,2.183000000000000000e+03
7.914486000000000843e+01,1.658890600000000006e+02,2.525349999999999540e+01,2.600000000000000000e+01,3.687000000000000000e+03
1.447104600000000119e+02,2.560200000000000031e+01,3.868316000000000088e+01,9.000000000000000000e+00,1.092000000000000000e+03
9.244021999999999650e+01,1.284689999999999799e+01,2.011915999999999727e+01,1.000000000000000000e+00,9.100000000000000000e+02
8.339010000000000389e+01,1.410394800000000259e+02,2.086681999999999704e+01,2.100000000000000000e+01,2.603000000000000000e+03
2.619152599999999893e+02,3.986670000000000158e+01,3.589992000000000161e+01,6.500000000000000000e+01,5.310000000000000000e+02
2.923612400000000093e+02,1.555350399999999809e+02,3.043272000000000332e+01,7.000000000000000000e+01,2.859000000000000000e+03
2.284708199999999749e+02,1.042266599999999954e+02,2.124796000000000262e+01,5.500000000000000000e+01,1.364000000000000000e+03
1.123404199999999946e+02,1.255103199999999930e+02,3.074619999999999820e+01,2.900000000000000000e+01,5.560000000000000000e+02
2.550605199999999684e+02,3.221907999999999817e+01,3.148875999999999920e+01,6.500000000000000000e+01,1.585000000000000000e+03
7.909148000000000422e+01,1.204609799999999922e+02,5.298287999999999442e+01,1.200000000000000000e+01,2.095000000000000000e+03
7.054217999999998767e+01,1.008351599999999877e+02,2.651897999999999911e+01,1.100000000000000000e+01,2.120000000000000000e+02
7.538989999999998304e+01,4.986507999999999186e+01,1.213833999999999769e+01,4.000000000000000000e+00,6.250000000000000000e+02
2.029256000000000029e+02,1.162544999999999789e+02,3.635143999999999664e+01,4.900000000000000000e+01,3.052000000000000000e+03
4.154187999999999903e+01,5.756199999999999761e+01,6.143731999999999971e+01,2.400000000000000000e+01,2.926000000000000000e+03
5.110403999999999769e+01,2.335800000000000054e+01,1.177793999999999919e+01,6.000000000000000000e+00,8.900000000000000000e+02
1.356158000000000072e+02,4.248810000000000286e+01,1.189694000000000074e+01,1.500000000000000000e+01,3.040000000000000000e+03
1.786013199999999870e+02,6.651623999999999626e+01,2.484448000000000079e+01,2.500000000000000000e+01,3.447000000000000000e+03
2.499741199999999992e+02,6.949294000000000437e+01,2.595389999999999731e+01,4.700000000000000000e+01,6.980000000000000000e+02
2.749882600000000252e+02,6.918693999999999278e+01,2.660602000000000089e+01,5.300000000000000000e+01,8.680000000000000000e+02
2.214630799999999908e+02,4.492351999999999634e+01,3.315952000000000055e+01,4.400000000000000000e+01,1.760000000000000000e+02
3.190876200000000154e+02,1.380413599999999974e+02,1.657364000000000104e+01,7.300000000000000000e+01,1.052000000000000000e+03
4.917419999999999902e+01,1.057950799999999987e+02,6.561761999999998807e+01,3.900000000000000000e+01,2.669000000000000000e+03
9.009727999999999781e+01,3.923463999999999885e+01,3.134493999999999758e+01,0.000000000000000000e+00,2.308000000000000000e+03
1.585892599999999959e+02,1.298395400000000279e+02,3.866275999999999868e+01,4.500000000000000000e+01,2.237000000000000000e+03
6.889454000000000633e+01,8.001015999999999906e+01,1.072665999999999897e+01,1.100000000000000000e+01,3.151000000000000000e+03
2.639719200000000114e+02,7.764001999999999271e+01,1.070455999999999896e+01,4.700000000000000000e+01,1.243000000000000000e+03
1.309989400000000046e+02,3.480137999999999465e+01,3.393471999999999156e+01,9.000000000000000000e+00,1.263000000000000000e+03
2.595165600000000268e+02,2.818395999999999546e+01,2.759949999999999903e+01,6.500000000000000000e+01,1.650000000000000000e+02
8.681118000000000734e+01,5.469376000000000460e+01,4.880903999999999598e+01,3.000000000000000000e+00,3.040000000000000000e+02
6.250627999999999673e+01,8.520127999999998281e+01,2.065296000000000021e+01,1.100000000000000000e+01,2.320000000000000000e+03
1.974971600000000080e+02,1.048610999999999933e+02,3.182944000000000173e+01,5.600000000000000000e+01,2.190000000000000000e+02
7.905271999999999366e+01,7.410571999999999093e+01,5.692551999999999168e+01,3.000000000000000000e+00,3.500000000000000000e+03
1.991046799999999735e+02,1.072275000000000063e+02,5.026321999999999690e+01,4.900000000000000000e+01,2.053000000000000000e+03
9.494635999999999854e+01,7.722317999999998506e+01,4.262682000000000215e+01,3.000000000000000000e+00,2.674000000000000000e+03
1.784119399999999871e+02,7.659825999999999624e+01,7.243359999999999843e+01,5.400000000000000000e+01,8.750000000000000000e+02
2.235149799999999800e+02,7.047281999999999869e+01,4.383653999999999229e+01,3.800000000000000000e+01,1.196000000000000000e+03
2.058808799999999906e+02,2.628335999999999828e+01,3.600600000000000023e+01,4.400000000000000000e+01,2.880000000000000000e+03
2.125730999999999824e+02,9.821716000000000690e+01,5.896450000000000102e+01,4.300000000000000000e+01,3.662000000000000000e+03
1.152878800000000012e+02,5.590483999999999298e+01,1.189252000000000109e+01,8.000000000000000000e+00,2.218000000000000000e+03
1.022016200000000055e+02,8.384705999999998483e+01,1.072563999999999851e+01,8.000000000000000000e+00,2.640000000000000000e+03
2.895120399999999563e+02,4.198183999999999827e+01,1.795030000000000214e+01,6.900000000000000000e+01,2.070000000000000000e+03
2.154025800000000004e+02,1.468572200000000123e+02,3.470550000000000068e+01,5.200000000000000000e+01,3.150000000000000000e+02
1.344074399999999798e+02,6.895029999999999859e+01,5.322529999999999717e+01,6.100000000000000000e+01,1.911000000000000000e+03
3.886301999999999879e+01,1.255698199999999929e+02,6.201294000000000040e+01,3.400000000000000000e+01,1.158000000000000000e+03
2.621770599999999831e+02,1.541067000000000178e+02,4.311301999999999879e+01,7.100000000000000000e+01,3.347000000000000000e+03
2.049180000000000064e+02,6.482269999999999754e+01,3.613927999999999940e+01,3.100000000000000000e+01,2.287000000000000000e+03
1.765041999999999973e+02,1.307027999999999857e+01,3.587612000000000023e+01,5.700000000000000000e+01,3.200000000000000000e+02
2.166503799999999842e+02,7.919585999999999615e+01,1.032681999999999967e+01,4.200000000000000000e+01,2.376000000000000000e+03
1.976297600000000045e+02,7.604201999999999373e+01,7.227753999999998769e+01,4.800000000000000000e+01,2.656000000000000000e+03
2.723889599999999973e+02,2.668965999999999994e+01,4.205460000000000065e+01,6.700000000000000000e+01,1.810000000000000000e+02
1.418466400000000078e+02,6.763960000000000150e+01,1.072461999999999982e+01,1.900000000000000000e+01,4.550000000000000000e+02
1.541801400000000228e+02,1.286832000000000065e+01,2.539426000000000272e+01,9.000000000000000000e+00,1.324000000000000000e+03
5.741342000000000212e+01,1.428272000000000048e+02,4.789171999999999940e+01,2.700000000000000000e+01,1.629000000000000000e+03
1.194488000000000198e+02,1.409711399999999912e+02,3.126810000000000045e+01,2.900000000000000000e+01,2.660000000000000000e+03
3.884295999999999793e+01,1.054856799999999879e+02,6.201803999999999917e+01,3.900000000000000000e+01,7.410000000000000000e+02
2.511005400000000236e+02,6.870923999999999410e+01,1.030335999999999963e+01,4.700000000000000000e+01,1.525000000000000000e+03
1.358429199999999923e+02,6.728531999999999869e+01,4.833303999999999689e+01,6.100000000000000000e+01,2.142000000000000000e+03
2.609520400000000109e+02,8.351521999999998513e+01,1.050973999999999897e+01,4.700000000000000000e+01,1.266000000000000000e+03
1.597775599999999940e+02,1.579011000000000138e+02,3.864405999999999608e+01,4.500000000000000000e+01,2.010000000000000000e+03
2.632432999999999765e+02,8.827284000000000219e+01,1.065763999999999889e+01,4.700000000000000000e+01,1.659000000000000000e+03
2.551370200000000068e+02,1.451752400000000023e+02,3.179373999999999612e+01,7.100000000000000000e+01,9.280000000000000000e+02
2.194720399999999927e+02,2.631701999999999941e+01,2.835803999999999903e+01,4.400000000000000000e+01,3.596000000000000000e+03
2.264491799999999841e+02,6.701603999999998962e+01,4.763739999999999952e+01,3.800000000000000000e+01,5.500000000000000000e+02
1.796801400000000228e+02,1.064509400000000028e+02,5.277207999999999544e+01,4.100000000000000000e+01,2.707000000000000000e+03
1.796315199999999948e+02,3.432674000000000092e+01,3.837239999999999895e+01,5.700000000000000000e+01,2.168000000000000000e+03
2.802072599999999625e+02,1.417711600000000089e+02,1.035640000000000072e+01,6.800000000000000000e+01,2.577000000000000000e+03
2.168156199999999671e+02,1.085960000000000036e+02,3.967867999999999995e+01,4.900000000000000000e+01,1.215000000000000000e+03
1.713552400000000091e+02,1.080904199999999946e+02,1.072461999999999982e+01,3.700000000000000000e+01,2.814000000000000000e+03
1.315609599999999944e+02,1.623255200000000116e+02,3.304765999999999337e+01,3.600000000000000000e+01,1.947000000000000000e+03
1.929568000000000154e+02,6.633773999999999660e+01,2.297346000000000288e+01,3.100000000000000000e+01,9.900000000000000000e+02
2.545596999999999639e+02,1.041185399999999817e+02,4.822865999999999786e+01,6.200000000000000000e+01,2.426000000000000000e+03
6.940624000000001104e+01,1.392534600000000182e+02,4.625938000000000017e+01,2.700000000000000000e+01,1.700000000000000000e+02
2.574384799999999700e+02,2.196433999999999997e+01,3.768730000000000047e+01,6.500000000000000000e+01,1.699000000000000000e+03
2.893464599999999791e+02,4.726816000000000173e+01,1.765925999999999974e+01,6.900000000000000000e+01,2.495000000000000000e+03
2.035273999999999717e+02,5.884311999999999188e+01,3.629907999999999646e+01,3.100000000000000000e+01,2.506000000000000000e+03
2.815913999999999646e+02,1.388951000000000136e+02,1.633734000000000108e+01,6.800000000000000000e+01,1.845000000000000000e+03
2.262536800000000312e+02,9.900391999999999371e+01,6.726695999999999742e+01,4.300000000000000000e+01,2.187000000000000000e+03
6.849775999999999954e+01,2.149343999999999610e+01,4.790906000000000375e+01,2.000000000000000000e+00,9.160000000000000000e+02
1.669797800000000052e+02,1.066437200000000018e+02,5.206487999999999516e+01,4.100000000000000000e+01,3.466000000000000000e+03
4.161090000000000089e+01,1.608740599999999858e+02,4.064053999999999434e+01,3.500000000000000000e+01,1.626000000000000000e+03
1.462350199999999916e+02,2.058326000000000278e+01,1.194079999999999941e+01,9.000000000000000000e+00,3.504000000000000000e+03
2.229413999999999874e+02,9.280061999999999500e+01,7.479659999999999798e+01,4.300000000000000000e+01,2.588000000000000000e+03
1.814382799999999918e+02,1.615680000000000049e+01,3.835948000000000491e+01,5.700000000000000000e+01,1.099000000000000000e+03
1.975345599999999990e+02,1.003272000000000048e+02,4.431628000000000611e+01,4.900000000000000000e+01,2.098000000000000000e+03
1.602858599999999853e+02,2.110107999999999961e+01,1.195065999999999917e+01,5.000000000000000000e+01,2.992000000000000000e+03
1.153344599999999929e+02,6.906963999999999260e+01,1.319438000000000066e+01,8.000000000000000000e+00,1.879000000000000000e+03
3.412988000000000000e+01,7.232582000000000733e+01,5.017414000000000129e+01,1.800000000000000000e+01,2.020000000000000000e+02
1.060211800000000011e+02,1.318414599999999837e+02,3.954811999999999728e+01,2.900000000000000000e+01,1.079000000000000000e+03
1.140733999999999959e+01,8.769007999999998049e+01,7.235199999999998965e+01,1.800000000000000000e+01,2.409000000000000000e+03
1.852772199999999998e+02,5.604899999999999949e+01,3.802117999999999398e+01,3.100000000000000000e+01,3.675000000000000000e+03
4.043313999999999453e+01,1.308071799999999882e+02,2.644247999999999976e+01,3.300000000000000000e+01,1.399000000000000000e+03
9.738279999999998893e+01,1.555731199999999887e+02,4.304876000000000147e+01,2.000000000000000000e+01,3.170000000000000000e+03
1.473406999999999698e+02,1.283160000000000167e+01,3.454706000000000188e+01,9.000000000000000000e+00,7.120000000000000000e+02
3.965011999999999404e+01,4.303855999999999682e+01,6.686881999999998527e+01,2.400000000000000000e+01,1.391000000000000000e+03
6.667264000000000124e+01,8.669932000000000016e+01,1.072665999999999897e+01,1.100000000000000000e+01,1.831000000000000000e+03
1.419302799999999820e+02,6.091270000000000095e+01,3.869064000000000192e+01,1.400000000000000000e+01,3.485000000000000000e+03
3.071631399999999985e+02,1.052065400000000039e+02,1.784047999999999590e+01,6.300000000000000000e+01,5.400000000000000000e+02
9.004117999999998290e+01,5.408753999999999706e+01,3.163665999999999912e+01,3.000000000000000000e+00,2.487000000000000000e+03
6.729653999999999314e+01,7.471091999999998734e+01,1.751509999999999678e+01,1.100000000000000000e+01,2.653000000000000000e+03
2.221485199999999907e+02,4.951691999999999183e+01,1.417765999999999948e+01,4.400000000000000000e+01,1.595000000000000000e+03
2.757807999999999993e+02,1.321103999999999985e+02,1.967579999999999885e+01,6.800000000000000000e+01,7.400000000000000000e+02
2.318357999999999777e+02,8.634844000000001074e+01,7.005461999999999989e+01,4.300000000000000000e+01,1.433000000000000000e+03
8.210285999999999262e+01,1.185188999999999879e+02,1.926916000000000295e+01,2.100000000000000000e+01,1.184000000000000000e+03
8.379436000000001172e+01,2.323049999999999926e+01,4.481029999999999802e+01,0.000000000000000000e+00,1.275000000000000000e+03
2.250511000000000195e+02,3.527567999999999415e+01,1.846404000000000067e+01,4.400000000000000000e+01,7.810000000000000000e+02
2.718112999999999602e+02,4.401639999999999731e+01,1.492225999999999786e+01,6.000000000000000000e+01,1.823000000000000000e+03
6.593008000000000379e+01,1.541287999999999947e+01,1.564034000000000013e+01,6.000000000000000000e+00,2.828000000000000000e+03
1.663426199999999824e+02,1.625645399999999938e+02,2.843760000000000332e+01,5.100000000000000000e+01,2.622000000000000000e+03
1.873675400000000195e+02,6.668113999999998498e+01,2.190586000000000055e+01,2.500000000000000000e+01,3.242000000000000000e+03
1.614714400000000012e+02,1.179313800000000043e+02,3.863453999999999411e+01,4.100000000000000000e+01,1.614000000000000000e+03
2.442043199999999672e+02,1.085966800000000063e+02,3.711439999999999628e+01,6.200000000000000000e+01,2.036000000000000000e+03
1.837547000000000139e+02,6.670629999999999882e+01,2.611166000000000054e+01,2.500000000000000000e+01,3.363000000000000000e+03
2.717303799999999683e+02,1.002802799999999905e+02,5.259697999999999496e+01,6.200000000000000000e+01,3.023000000000000000e+03
1.114737599999999986e+02,2.200242000000000075e+01,3.782432000000000016e+01,5.000000000000000000e+00,2.733000000000000000e+03
6.930083999999999378e+01,4.698799999999999244e+01,9.405420000000001224e+00,4.000000000000000000e+00,3.163000000000000000e+03
1.438046999999999969e+02,1.623272199999999827e+02,3.155233999999999739e+01,4.500000000000000000e+01,2.400000000000000000e+02
1.325558000000000050e+02,7.975039999999999907e+01,1.072461999999999982e+01,1.900000000000000000e+01,2.977000000000000000e+03
2.768922600000000216e+02,5.560190000000000055e+01,2.494069999999999965e+01,5.300000000000000000e+01,2.104000000000000000e+03
2.305305400000000020e+02,7.477891999999999939e+01,1.032681999999999967e+01,4.200000000000000000e+01,1.497000000000000000e+03
2.112236399999999605e+02,1.085960000000000036e+02,2.335867999999999967e+01,5.600000000000000000e+01,2.572000000000000000e+03
8.311708000000000141e+01,1.543967200000000162e+02,2.038334000000000046e+01,2.600000000000000000e+01,6.120000000000000000e+02
1.069816799999999972e+02,1.051116799999999927e+02,2.286227999999999838e+01,1.700000000000000000e+01,1.547000000000000000e+03
1.140387199999999837e+02,1.059399200000000008e+02,3.268453999999999837e+01,1.700000000000000000e+01,1.809000000000000000e+03
1.970034799999999962e+02,1.364277199999999937e+02,1.248887999999999998e+01,5.200000000000000000e+01,2.449000000000000000e+03
5.553900000000000148e+01,1.549635000000000105e+02,4.594521999999999906e+01,3.500000000000000000e+01,2.730000000000000000e+03
9.332796000000000447e+01,1.035092600000000118e+02,1.457035999999999909e+01,1.700000000000000000e+01,2.884000000000000000e+03
2.076968200000000024e+02,8.758535999999999433e+01,1.245487999999999928e+01,5.600000000000000000e+01,2.398000000000000000e+03
1.647507399999999791e+02,1.391650600000000111e+02,3.859237999999999857e+01,4.500000000000000000e+01,2.021000000000000000e+03
2.548803199999999833e+02,1.626559999999999917e+01,2.921857999999999933e+01,6.500000000000000000e+01,1.103000000000000000e+03
6.328182000000000329e+01,1.383891800000000103e+02,5.465568000000000382e+01,2.700000000000000000e+01,3.840000000000000000e+02
1.069616200000000106e+02,8.851933999999999969e+01,1.072529999999999895e+01,8.000000000000000000e+00,2.414000000000000000e+03
1.974947799999999916e+02,9.268399999999999750e+01,1.709995999999999938e+01,5.600000000000000000e+01,2.672000000000000000e+03
9.832765999999999451e+01,7.106680000000000064e+01,2.759031999999999485e+01,8.000000000000000000e+00,1.000000000000000000e+02
2.096412800000000232e+02,1.020894199999999898e+02,1.032681999999999967e+01,5.600000000000000000e+01,1.193000000000000000e+03
2.603325600000000009e+02,1.601151800000000094e+02,2.312135999999999925e+01,7.100000000000000000e+01,1.109000000000000000e+03
9.132739999999999725e+01,1.164731199999999944e+02,2.503148000000000195e+01,1.700000000000000000e+01,1.417000000000000000e+03
2.826283999999999992e+02,1.046917799999999943e+02,2.013377999999999801e+01,6.600000000000000000e+01,2.808000000000000000e+03
1.815195400000000348e+02,6.644042000000000314e+01,3.094918000000000191e+01,2.500000000000000000e+01,3.520000000000000000e+03
2.772247799999999529e+02,7.602909999999999968e+01,1.069299999999999962e+01,5.900000000000000000e+01,1.047000000000000000e+03
5.722879999999999967e+01,4.271114000000000033e+01,1.514428000000000019e+01,4.000000000000000000e+00,1.983000000000000000e+03
5.521055999999999386e+01,1.445781999999999989e+01,5.337184000000000594e+01,2.000000000000000000e+00,7.190000000000000000e+02
5.203597999999999502e+01,1.347365599999999972e+02,5.192956000000000216e+01,2.700000000000000000e+01,1.287000000000000000e+03
1.676067399999999736e+02,1.083409999999999940e+02,4.495921999999999485e+01,4.100000000000000000e+01,7.660000000000000000e+02
7.245569999999999311e+01,1.659322400000000073e+02,4.649839999999999662e+01,2.000000000000000000e+01,2.875000000000000000e+03
1.081373399999999805e+02,1.258951999999999849e+01,2.828901999999999717e+01,5.000000000000000000e+00,1.398000000000000000e+03
5.694830000000000325e+01,5.074737999999999971e+01,5.385769999999999413e+01,1.300000000000000000e+01,3.587000000000000000e+03
2.549636199999999917e+02,1.296239799999999889e+02,3.109265999999999863e+01,7.100000000000000000e+01,3.050000000000000000e+03
1.890576799999999764e+02,1.479615399999999852e+02,3.760705999999999705e+01,4.600000000000000000e+01,8.120000000000000000e+02
1.978534800000000189e+02,1.341565200000000004e+02,3.677406000000000574e+01,4.600000000000000000e+01,1.852000000000000000e+03
1.321019000000000005e+02,1.087289399999999944e+02,2.444531999999999883e+01,2.200000000000000000e+01,1.319000000000000000e+03
5.748720000000000141e+01,2.916179999999999950e+01,1.507492000000000232e+01,6.000000000000000000e+00,1.999000000000000000e+03
1.546058199999999943e+02,1.466681800000000067e+02,3.867058000000000106e+01,4.500000000000000000e+01,1.358000000000000000e+03
5.926675999999999789e+01,3.161387999999999820e+01,8.720660000000000522e+00,4.000000000000000000e+00,3.392000000000000000e+03
1.142070200000000000e+02,1.543450400000000116e+02,1.193774000000000157e+01,3.600000000000000000e+01,3.135000000000000000e+03
7.466399999999998727e+01,8.500000000000000000e+00,4.495275999999999783e+01,2.000000000000000000e+00,2.281000000000000000e+03
1.201019399999999990e+02,1.149431199999999791e+02,3.720993999999999602e+01,3.000000000000000000e+01,1.610000000000000000e+02
1.980068200000000047e+02,1.476592799999999954e+02,1.252151999999999887e+01,5.100000000000000000e+01,1.727000000000000000e+03
7.642520000000000380e+01,1.234896999999999991e+02,2.103069999999999951e+01,2.100000000000000000e+01,5.790000000000000000e+02
4.016555999999999926e+01,4.744564000000000448e+01,2.744310000000000116e+01,1.000000000000000000e+01,1.136000000000000000e+03
4.113320000000000221e+01,4.229157999999999618e+01,3.933834000000000231e+01,1.000000000000000000e+01,3.301000000000000000e+03
1.432263599999999997e+02,1.041671599999999955e+02,5.821479999999999677e+01,3.000000000000000000e+01,3.315000000000000000e+03
1.160603599999999886e+02,4.759252000000000038e+01,1.189048000000000016e+01,8.000000000000000000e+00,2.710000000000000000e+03
1.749646799999999871e+02,6.658899999999999864e+01,2.884220000000000184e+01,2.500000000000000000e+01,3.661000000000000000e+03
2.070685000000000002e+02,6.656383999999999901e+01,2.397577999999999676e+01,3.100000000000000000e+01,1.406000000000000000e+03
2.207745799999999861e+02,6.793845999999999208e+01,4.985079999999999956e+01,3.800000000000000000e+01,5.100000000000000000e+02
4.656810000000000116e+01,4.112129999999999797e+01,3.714329999999999643e+01,1.000000000000000000e+01,3.423000000000000000e+03
9.865168000000001314e+01,1.084610199999999907e+02,1.244807999999999915e+01,1.700000000000000000e+01,3.590000000000000000e+03
2.073898000000000152e+01,1.102382000000000062e+02,3.317209999999999326e+01,3.300000000000000000e+01,2.923000000000000000e+03
2.595121399999999880e+02,1.383459999999999752e+02,2.798880000000000123e+01,7.100000000000000000e+01,9.880000000000000000e+02
2.605348600000000374e+02,4.331396000000000157e+01,4.159321999999999520e+01,6.500000000000000000e+01,1.796000000000000000e+03
6.421273999999999660e+01,9.945339999999999847e+00,5.466485999999999734e+01,2.000000000000000000e+00,1.224000000000000000e+03
4.018018000000000001e+01,1.617590799999999831e+02,3.565478000000000236e+01,3.500000000000000000e+01,1.205000000000000000e+03
2.204376399999999876e+02,1.318210600000000170e+02,1.399643999999999977e+01,5.200000000000000000e+01,2.000000000000000000e+03
1.679661199999999894e+02,6.365548000000000428e+01,1.197072000000000180e+01,2.500000000000000000e+01,1.900000000000000000e+02
3.583498000000000161e+01,1.053690599999999904e+02,6.725743999999998834e+01,3.900000000000000000e+01,6.530000000000000000e+02
4.765065999999999491e+01,1.153184799999999797e+02,3.880045999999999395e+01,3.300000000000000000e+01,1.050000000000000000e+02
4.474365999999999133e+01,3.455216000000000065e+01,1.721658000000000044e+01,6.000000000000000000e+00,1.129000000000000000e+03
1.117780599999999964e+02,1.737502000000000280e+01,3.226294000000000040e+01,5.000000000000000000e+00,1.689000000000000000e+03
7.602161999999998443e+01,8.483306000000000324e+01,4.494834000000000884e+01,7.000000000000000000e+00,5.070000000000000000e+02
3.218637200000000007e+02,3.141600000000000037e+01,1.376625999999999905e+01,7.200000000000000000e+01,1.101000000000000000e+03
2.780652600000000234e+02,7.821088000000000306e+01,4.835072000000000259e+01,5.800000000000000000e+01,3.110000000000000000e+03
4.199237999999999715e+01,5.431873999999999825e+01,4.137731999999999744e+01,1.000000000000000000e+01,2.735000000000000000e+03
5.657600000000000051e+01,1.125957599999999985e+02,6.226283999999999708e+01,3.900000000000000000e+01,1.897000000000000000e+03
2.636258000000000266e+02,8.865874000000000876e+01,5.684187999999999619e+01,5.800000000000000000e+01,3.298000000000000000e+03
9.943674000000000035e+01,1.625482199999999864e+02,3.563777999999999935e+01,2.600000000000000000e+01,1.692000000000000000e+03
7.126366000000000156e+01,1.117957400000000092e+02,3.814153999999999911e+01,1.200000000000000000e+01,7.030000000000000000e+02
2.860066400000000044e+02,3.421522000000000219e+01,2.129521999999999693e+01,6.900000000000000000e+01,8.310000000000000000e+02
1.230827199999999948e+02,6.815980000000000416e+01,4.425507999999999953e+01,1.400000000000000000e+01,2.970000000000000000e+03
1.073424200000000042e+02,1.616523199999999747e+02,1.227944000000000102e+01,3.600000000000000000e+01,2.858000000000000000e+03
9.366728000000000520e+01,7.819116000000001065e+01,1.072597999999999985e+01,8.000000000000000000e+00,2.684000000000000000e+03
4.386918000000000006e+01,5.591299999999999670e+01,3.416286000000000200e+01,1.000000000000000000e+01,2.276000000000000000e+03
5.211588000000000420e+01,2.753761999999999688e+01,4.495071999999999690e+01,2.000000000000000000e+00,2.226000000000000000e+03
1.305338199999999915e+02,1.282922000000000118e+01,3.322955999999999932e+01,9.000000000000000000e+00,3.580000000000000000e+02
9.780949999999999989e+01,7.100526000000000693e+01,5.075656000000000034e+01,3.000000000000000000e+00,3.370000000000000000e+03
2.329724199999999712e+02,6.675695999999999231e+01,4.657489999999999952e+01,3.800000000000000000e+01,1.676000000000000000e+03
7.762675999999999021e+01,1.819475999999999871e+01,5.366662000000000177e+01,2.000000000000000000e+00,3.543000000000000000e+03
1.845890599999999893e+02,7.990645999999999560e+01,7.682877999999999474e+01,4.800000000000000000e+01,3.373000000000000000e+03
2.602662599999999884e+02,1.084525199999999927e+02,3.595635999999999655e+01,6.200000000000000000e+01,2.371000000000000000e+03
1.782038599999999633e+02,7.240095999999999776e+01,1.072461999999999982e+01,2.500000000000000000e+01,1.359000000000000000e+03
3.436992000000000047e+01,5.221515999999999025e+01,6.739412000000000091e+01,2.400000000000000000e+01,3.554000000000000000e+03
2.577529800000000364e+02,1.568314599999999928e+02,1.787651999999999930e+01,7.100000000000000000e+01,1.125000000000000000e+03
2.039340399999999818e+02,6.904685999999999524e+01,3.304459999999999553e+01,3.100000000000000000e+01,2.155000000000000000e+03
2.703900999999999613e+02,1.202437199999999962e+02,3.174579999999999913e+01,6.600000000000000000e+01,1.799000000000000000e+03
1.735060799999999972e+02,1.288905999999999885e+01,1.317057999999999929e+01,5.000000000000000000e+01,2.984000000000000000e+03
8.021926000000000556e+01,1.289531599999999969e+02,4.695501999999999754e+01,1.600000000000000000e+01,2.500000000000000000e+03
1.355824800000000039e+02,2.295169999999999888e+01,1.193433999999999884e+01,9.000000000000000000e+00,2.792000000000000000e+03
2.408583799999999826e+02,7.145610000000000639e+01,4.789341999999999899e+01,5.800000000000000000e+01,2.082000000000000000e+03
1.436380999999999801e+02,9.923104000000000724e+01,6.245120000000000715e+01,6.100000000000000000e+01,4.710000000000000000e+02
1.791694599999999866e+02,1.017062400000000082e+02,6.716325999999999397e+01,5.400000000000000000e+01,2.303000000000000000e+03
1.699877600000000086e+02,1.391446599999999876e+02,3.859237999999999857e+01,4.500000000000000000e+01,2.201000000000000000e+03
3.024687599999999748e+02,7.454601999999999862e+01,3.186513999999999669e+01,6.400000000000000000e+01,3.609000000000000000e+03
5.496099999999999852e+01,3.580064000000000135e+01,9.834839999999999804e+00,4.000000000000000000e+00,1.998000000000000000e+03
2.775447200000000407e+02,1.053014000000000010e+02,2.683279999999999887e+01,6.600000000000000000e+01,1.785000000000000000e+03
1.845846400000000074e+02,5.755893999999999266e+01,1.228420000000000201e+01,2.500000000000000000e+01,1.914000000000000000e+03
2.129555999999999827e+01,8.932003999999999166e+01,6.876431999999999789e+01,1.800000000000000000e+01,1.633000000000000000e+03
1.920336999999999819e+02,7.006788000000000238e+01,5.648181999999999192e+01,4.800000000000000000e+01,2.689000000000000000e+03
1.969228999999999701e+02,1.215703999999999922e+02,1.249329999999999963e+01,5.600000000000000000e+01,2.973000000000000000e+03
1.516284399999999835e+02,9.893795999999998969e+01,6.500391999999999371e+01,5.400000000000000000e+01,2.120000000000000000e+03
3.073392600000000243e+02,8.607338000000001443e+01,1.066409999999999947e+01,6.300000000000000000e+01,2.018000000000000000e+03
1.699870799999999917e+02,1.083576599999999956e+02,3.965759999999999508e+01,4.100000000000000000e+01,4.780000000000000000e+02
2.155868600000000015e+02,1.101100200000000058e+02,3.467047999999999774e+01,4.900000000000000000e+01,1.936000000000000000e+03
1.757833999999999719e+01,1.184155399999999929e+02,7.066525999999998930e+01,3.400000000000000000e+01,3.360000000000000000e+03
8.784886000000000195e+01,4.499967999999999790e+01,4.822865999999999786e+01,0.000000000000000000e+00,7.000000000000000000e+02
5.336639999999999162e+01,1.353067400000000191e+02,6.464793999999999130e+01,2.700000000000000000e+01,2.756000000000000000e+03
1.518623599999999954e+02,2.028099999999999881e+01,1.193195999999999835e+01,9.000000000000000000e+00,3.549000000000000000e+03
9.376859999999999218e+01,5.683881999999999124e+01,1.249261999999999873e+01,8.000000000000000000e+00,2.247000000000000000e+03
2.843042599999999993e+02,7.536100000000000421e+01,1.050667999999999935e+01,5.900000000000000000e+01,2.150000000000000000e+02
1.296362199999999802e+02,1.044330399999999912e+02,5.443876000000000204e+01,3.000000000000000000e+01,1.147000000000000000e+03
4.891783999999999821e+01,9.492528000000000077e+01,6.055263999999999669e+01,3.900000000000000000e+01,2.268000000000000000e+03
1.639258999999999844e+02,1.625760999999999967e+02,2.131221999999999994e+01,5.100000000000000000e+01,3.464000000000000000e+03
2.148731999999999971e+02,1.231928799999999882e+02,1.342082000000000086e+01,5.200000000000000000e+01,2.353000000000000000e+03
2.819453399999999874e+02,2.800953999999999766e+01,1.677865999999999858e+01,6.900000000000000000e+01,2.978000000000000000e+03
2.728931799999999726e+02,6.863443999999999789e+01,2.137954000000000221e+01,5.300000000000000000e+01,6.820000000000000000e+02
2.666041999999999916e+02,2.829480000000000217e+01,3.930094000000000420e+01,6.500000000000000000e+01,3.073000000000000000e+03
7.320097999999998706e+01,7.401765999999999224e+01,1.531496000000000102e+01,1.100000000000000000e+01,3.456000000000000000e+03
1.894361000000000104e+02,1.102222200000000072e+02,1.232363999999999926e+01,5.600000000000000000e+01,1.472000000000000000e+03
7.666252000000000066e+01,1.489213600000000213e+02,1.291014000000000017e+01,2.600000000000000000e+01,1.288000000000000000e+03
2.170951000000000306e+02,1.057787599999999912e+02,1.032681999999999967e+01,5.500000000000000000e+01,3.234000000000000000e+03
2.023557600000000036e+02,1.085960000000000036e+02,1.361904000000000003e+01,5.600000000000000000e+01,6.350000000000000000e+02
8.501121999999999446e+01,1.514281799999999976e+02,4.312151999999999674e+01,2.000000000000000000e+01,2.369000000000000000e+03
6.240767999999999915e+01,5.046858000000000288e+01,4.774925999999999959e+01,1.300000000000000000e+01,3.624000000000000000e+03
1.591893599999999935e+02,1.624604999999999961e+02,1.764090000000000202e+01,4.000000000000000000e+01,2.681000000000000000e+03
2.725650800000000231e+02,1.570412399999999877e+02,4.205834000000000117e+01,7.400000000000000000e+01,2.469000000000000000e+03
8.770572000000001367e+01,9.169017999999999802e+01,4.817119999999999891e+01,2.300000000000000000e+01,5.150000000000000000e+02
2.610910999999999831e+02,1.024528799999999933e+02,1.051891999999999960e+01,6.600000000000000000e+01,1.978000000000000000e+03
1.677631399999999928e+02,4.848434000000000310e+01,3.862570000000000192e+01,3.200000000000000000e+01,3.580000000000000000e+03
2.427202199999999834e+02,1.042875199999999865e+02,4.707572000000000401e+01,6.200000000000000000e+01,1.121000000000000000e+03
2.861314199999999914e+02,1.626559999999999917e+01,3.942980000000000018e+01,6.700000000000000000e+01,1.080000000000000000e+03
2.174639999999999702e+02,9.113461999999998397e+01,7.514271999999999707e+01,4.300000000000000000e+01,2.887000000000000000e+03
6.224889999999999191e+01,1.278733199999999925e+02,5.464513999999999783e+01,2.700000000000000000e+01,8.910000000000000000e+02
1.539866800000000069e+02,3.738163999999999731e+01,3.772775999999999641e+01,9.000000000000000000e+00,3.127000000000000000e+03
1.027928799999999967e+02,5.929260000000000019e+01,4.087105999999999284e+01,3.000000000000000000e+00,1.596000000000000000e+03
5.629924000000000461e+01,1.296182000000000016e+02,9.472739999999999938e+00,2.800000000000000000e+01,6.960000000000000000e+02
2.711588399999999979e+02,1.552103400000000022e+02,1.500148000000000081e+01,7.000000000000000000e+01,7.540000000000000000e+02
8.259959999999999525e+01,6.919816000000000145e+01,5.594563999999999737e+01,3.000000000000000000e+00,6.390000000000000000e+02
7.235539999999998884e+01,7.418187999999999249e+01,3.524099999999999966e+01,7.000000000000000000e+00,8.900000000000000000e+01
2.861361800000000244e+02,1.520221600000000137e+02,2.180725999999999942e+01,7.000000000000000000e+01,1.917000000000000000e+03
1.359075200000000052e+02,6.643667999999999552e+01,1.842426000000000030e+01,1.900000000000000000e+01,1.329000000000000000e+03
1.916460999999999899e+02,7.721263999999999328e+01,7.560478000000000520e+01,4.800000000000000000e+01,3.183000000000000000e+03
5.838819999999999055e+01,4.931903999999999400e+01,1.484235999999999933e+01,4.000000000000000000e+00,1.631000000000000000e+03
1.385306199999999990e+02,5.648079999999999501e+01,3.869369999999999976e+01,1.400000000000000000e+01,3.600000000000000000e+03
2.921126999999999612e+02,1.602722599999999886e+02,2.447693999999999903e+01,7.000000000000000000e+01,2.871000000000000000e+03
8.466985999999999990e+01,2.904381999999999664e+01,4.359581999999999624e+01,0.000000000000000000e+00,6.500000000000000000e+02
3.073276999999999930e+02,1.244253800000000041e+02,1.737127999999999872e+01,7.300000000000000000e+01,1.361000000000000000e+03
1.357793399999999906e+02,1.127429800000000029e+02,3.869574000000000069e+01,3.000000000000000000e+01,1.148000000000000000e+03
2.479038600000000088e+02,8.223103999999999303e+01,1.314371999999999829e+01,4.700000000000000000e+01,3.704000000000000000e+03
1.284985800000000040e+02,1.207527000000000044e+02,1.189490000000000158e+01,2.200000000000000000e+01,2.352000000000000000e+03
2.093009399999999971e+02,1.474800999999999931e+02,3.558507999999999782e+01,5.200000000000000000e+01,6.400000000000000000e+01
8.885934000000000310e+01,4.143137999999999721e+01,3.770463999999999771e+01,0.000000000000000000e+00,2.070000000000000000e+02
9.511466000000000065e+01,7.188007999999999242e+01,4.165952000000000055e+01,3.000000000000000000e+00,2.905000000000000000e+03
5.491034000000000503e+01,1.185185600000000079e+02,5.310187999999999420e+01,2.700000000000000000e+01,2.661000000000000000e+03
3.989933999999999514e+01,1.486700999999999908e+02,2.972858000000000089e+01,3.500000000000000000e+01,7.680000000000000000e+02
2.034063599999999781e+02,3.220922000000000196e+01,3.628649999999999665e+01,4.400000000000000000e+01,3.076000000000000000e+03
4.073676000000000386e+01,1.563374399999999866e+02,3.783247999999999678e+01,3.500000000000000000e+01,1.930000000000000000e+03
1.864053400000000238e+02,8.773937999999999704e+01,7.943930000000000291e+01,4.800000000000000000e+01,2.666000000000000000e+03
9.082589999999999009e+01,1.032154999999999916e+02,2.927298000000000044e+01,1.700000000000000000e+01,2.582000000000000000e+03
1.948964999999999748e+02,5.568043999999999727e+01,1.241747999999999941e+01,3.100000000000000000e+01,1.580000000000000000e+02
1.117753400000000141e+02,1.264194800000000072e+02,1.189286000000000065e+01,2.900000000000000000e+01,3.600000000000000000e+02
2.193894200000000012e+02,1.204076000000000022e+02,1.389273999999999987e+01,5.500000000000000000e+01,2.739000000000000000e+03
3.199722999999999615e+02,8.170709999999999695e+01,1.110065999999999953e+01,6.300000000000000000e+01,2.182000000000000000e+03
1.604160800000000222e+02,3.594683999999999457e+01,3.859884000000000270e+01,5.700000000000000000e+01,3.140000000000000000e+03
5.276595999999999265e+01,1.347114000000000189e+01,1.810839999999999961e+01,6.000000000000000000e+00,1.636000000000000000e+03
1.918021599999999864e+02,5.043934000000000140e+01,1.233384000000000036e+01,2.500000000000000000e+01,2.694000000000000000e+03
6.951028000000000873e+01,1.599863200000000063e+02,5.371489999999999299e+01,2.000000000000000000e+01,6.840000000000000000e+02
5.070352000000000459e+01,8.500000000000000000e+00,5.107038000000000721e+01,2.000000000000000000e+00,3.251000000000000000e+03
2.359225999999999885e+02,1.034572399999999988e+02,5.431363999999999947e+01,6.200000000000000000e+01,1.327000000000000000e+03
1.652865799999999865e+02,3.337949999999999307e+01,3.859816000000000003e+01,5.700000000000000000e+01,3.017000000000000000e+03
5.328888000000000602e+01,1.434429400000000214e+02,3.904117999999999711e+01,2.700000000000000000e+01,1.731000000000000000e+03
2.715923399999999788e+02,1.068694799999999958e+02,2.696913999999999945e+01,6.600000000000000000e+01,1.145000000000000000e+03
1.161817399999999765e+02,1.219144799999999975e+02,3.081522000000000006e+01,2.900000000000000000e+01,6.970000000000000000e+02
2.158149999999999977e+02,7.303811999999999216e+01,1.032681999999999967e+01,4.200000000000000000e+01,3.185000000000000000e+03
2.604087200000000166e+02,8.009345999999999322e+01,3.522196000000000282e+01,5.800000000000000000e+01,4.570000000000000000e+02
3.122787799999999834e+02,8.346421999999999741e+01,3.288581999999999539e+01,6.300000000000000000e+01,3.716000000000000000e+03
1.073369799999999969e+02,1.738522000000000034e+01,3.902656000000000347e+01,5.000000000000000000e+00,3.708000000000000000e+03
7.952667999999999893e+01,7.327476000000000056e+01,1.628905999999999921e+01,1.100000000000000000e+01,3.583000000000000000e+03
1.622055000000000007e+02,7.949302000000000135e+01,1.072461999999999982e+01,1.900000000000000000e+01,3.511000000000000000e+03
4.048107999999999862e+01,2.507125999999999877e+01,3.683865999999999730e+01,6.000000000000000000e+00,2.853000000000000000e+03
2.615341199999999731e+02,1.445224399999999889e+02,2.070804000000000045e+01,7.100000000000000000e+01,3.130000000000000000e+02
2.575897800000000188e+02,9.775306000000000495e+01,1.482740000000000258e+01,6.600000000000000000e+01,2.330000000000000000e+03
1.205048399999999873e+02,1.623228000000000009e+02,2.262121999999999744e+01,3.600000000000000000e+01,3.157000000000000000e+03
9.690203999999999951e+01,6.665223999999999194e+01,3.827991999999999706e+01,3.000000000000000000e+00,1.404000000000000000e+03
4.894367999999999341e+01,1.109970799999999969e+02,3.211334000000000088e+01,3.300000000000000000e+01,1.820000000000000000e+03
4.226608000000000231e+01,2.567238000000000397e+01,2.124115999999999715e+01,6.000000000000000000e+00,7.890000000000000000e+02
2.632198399999999765e+02,6.697048000000000911e+01,2.395096000000000203e+01,5.300000000000000000e+01,1.033000000000000000e+03
9.932453999999998473e+01,7.946581999999999368e+01,1.072563999999999851e+01,8.000000000000000000e+00,2.467000000000000000e+03
1.456420600000000150e+02,1.081873199999999855e+02,1.406171999999999933e+01,3.700000000000000000e+01,1.600000000000000000e+02
2.094263999999999726e+02,6.656383999999999901e+01,4.174757999999999214e+01,3.800000000000000000e+01,1.480000000000000000e+02
6.690893999999998698e+01,5.207643999999999807e+01,5.437926000000000215e+01,1.300000000000000000e+01,2.831000000000000000e+03
1.410874200000000087e+02,1.004591199999999986e+02,1.072461999999999982e+01,3.700000000000000000e+01,3.700000000000000000e+02
7.378918000000000177e+01,1.536187999999999931e+02,4.504625999999999664e+01,2.000000000000000000e+01,3.480000000000000000e+02
2.028201999999999998e+02,2.981731999999999871e+01,1.270511999999999908e+01,4.400000000000000000e+01,2.078000000000000000e+03
2.915057999999999652e+02,3.682743999999999573e+01,3.389119999999999777e+01,6.700000000000000000e+01,3.502000000000000000e+03
2.024733999999999980e+02,1.187575799999999902e+02,1.270511999999999908e+01,5.600000000000000000e+01,2.032000000000000000e+03
7.810343999999999198e+01,2.553501999999999938e+01,5.344289999999999452e+01,2.000000000000000000e+00,6.900000000000000000e+01
2.920103599999999915e+02,4.768806000000000012e+01,2.982513999999999754e+01,6.900000000000000000e+01,3.600000000000000000e+01
2.610098399999999970e+02,3.432368000000000308e+01,2.159646000000000043e+01,6.000000000000000000e+01,1.608000000000000000e+03
1.725914799999999900e+02,1.582958399999999983e+02,1.197513999999999967e+01,5.100000000000000000e+01,3.361000000000000000e+03
6.626497999999999422e+01,1.634774400000000014e+02,1.449997999999999720e+01,2.600000000000000000e+01,3.263000000000000000e+03
2.674987399999999980e+02,6.783408000000000015e+01,1.053523999999999816e+01,5.300000000000000000e+01,1.500000000000000000e+02
7.014709999999999468e+01,1.133627999999999858e+01,4.726918000000000575e+01,2.000000000000000000e+00,1.902000000000000000e+03
1.974907000000000039e+02,7.134968000000000643e+01,2.362081999999999837e+01,3.100000000000000000e+01,1.097000000000000000e+03
6.250627999999999673e+01,8.246258000000000266e+01,1.194386000000000081e+01,1.100000000000000000e+01,2.079000000000000000e+03
2.029153999999999769e+02,8.058339999999999748e+01,7.707766000000000872e+01,4.800000000000000000e+01,3.689000000000000000e+03
3.392961999999999989e+01,6.814076000000000022e+01,5.434084000000000003e+01,1.800000000000000000e+01,9.100000000000000000e+01
3.026744600000000105e+02,7.460721999999999809e+01,1.108332000000000050e+01,5.900000000000000000e+01,3.382000000000000000e+03
2.301684399999999471e+02,1.085960000000000036e+02,2.468128000000000100e+01,5.500000000000000000e+01,1.199000000000000000e+03
1.245933399999999978e+02,4.608938000000000557e+01,1.189421999999999890e+01,1.500000000000000000e+01,3.416000000000000000e+03
1.492994400000000041e+02,5.686295999999999395e+01,1.189456000000000024e+01,1.900000000000000000e+01,3.374000000000000000e+03
1.046224199999999911e+02,6.666175999999998680e+01,3.031847999999999743e+01,8.000000000000000000e+00,3.566000000000000000e+03
2.928351999999999862e+02,7.198174000000000206e+01,2.775657999999999959e+01,5.300000000000000000e+01,1.342000000000000000e+03
2.657552200000000084e+02,6.729959999999999809e+01,4.594317999999999813e+01,5.800000000000000000e+01,3.197000000000000000e+03
6.555947999999999354e+01,1.491906400000000019e+02,5.462644000000000233e+01,2.000000000000000000e+01,1.096000000000000000e+03
1.459963400000000036e+02,3.439508000000000010e+01,3.682267999999999830e+01,9.000000000000000000e+00,2.166000000000000000e+03
2.015567599999999970e+02,4.526726000000000028e+01,1.266499999999999915e+01,4.400000000000000000e+01,2.462000000000000000e+03
1.493194999999999766e+02,4.179313999999999396e+01,1.189456000000000024e+01,1.500000000000000000e+01,5.570000000000000000e+02
5.974921999999999400e+01,1.411312800000000038e+02,8.622059999999999391e+00,2.800000000000000000e+01,3.440000000000000000e+02
9.739810000000001367e+01,1.139917999999999978e+02,4.305657999999999674e+01,1.700000000000000000e+01,1.140000000000000000e+02
1.224210799999999892e+02,6.823731999999998266e+01,3.460961999999999961e+01,1.400000000000000000e+01,4.010000000000000000e+02
9.847487999999999886e+01,1.465954200000000185e+02,1.202647999999999939e+01,2.600000000000000000e+01,2.424000000000000000e+03
5.127947999999999951e+01,9.883834000000000231e+01,6.520247999999999422e+01,3.900000000000000000e+01,2.548000000000000000e+03
2.697053400000000352e+02,1.057165399999999948e+02,4.934147999999999712e+01,6.200000000000000000e+01,2.916000000000000000e+03
2.896850999999999772e+02,9.483075999999999794e+01,1.045636000000000010e+01,5.900000000000000000e+01,1.309000000000000000e+03
2.772308999999999628e+02,3.428083999999999776e+01,4.653920000000000101e+01,6.700000000000000000e+01,1.093000000000000000e+03
1.753288200000000074e+02,1.292169999999999774e+01,1.977542000000000044e+01,5.000000000000000000e+01,3.231000000000000000e+03
2.629073799999999892e+02,8.858700000000000330e+01,5.158649999999999380e+01,5.800000000000000000e+01,3.574000000000000000e+03
1.277634999999999934e+02,8.406601999999999464e+01,1.072496000000000116e+01,1.900000000000000000e+01,3.102000000000000000e+03
2.843739599999999541e+02,1.539825999999999908e+02,1.255619999999999870e+01,7.000000000000000000e+01,1.502000000000000000e+03
1.807324399999999969e+02,3.301467999999999137e+01,1.221143999999999785e+01,5.000000000000000000e+01,6.050000000000000000e+02
8.419487999999998351e+01,9.599729999999999563e+01,4.571844000000000108e+01,1.200000000000000000e+01,8.060000000000000000e+02
2.250511000000000195e+02,1.131877000000000066e+02,1.481992000000000154e+01,5.500000000000000000e+01,1.898000000000000000e+03
2.708269999999999982e+02,3.120621999999999829e+01,2.422194000000000003e+01,6.000000000000000000e+01,3.431000000000000000e+03
7.597809999999999775e+01,1.338923399999999901e+02,1.248649999999999949e+01,2.100000000000000000e+01,1.354000000000000000e+03
1.166210200000000015e+02,9.303896000000000299e+01,1.072529999999999895e+01,2.200000000000000000e+01,2.874000000000000000e+03
2.440931400000000053e+02,9.800568000000001234e+01,1.031423999999999985e+01,5.500000000000000000e+01,3.007000000000000000e+03
2.609272200000000339e+02,9.718594000000000221e+01,4.297701999999998890e+01,6.200000000000000000e+01,2.512000000000000000e+03
1.275329800000000091e+02,1.623224600000000066e+02,2.246277999999999864e+01,3.600000000000000000e+01,2.441000000000000000e+03
5.828994000000000142e+01,1.355365800000000149e+02,8.961040000000000560e+00,2.800000000000000000e+01,4.150000000000000000e+02
3.062549999999999883e+01,1.133349200000000110e+02,3.831494000000000000e+01,3.300000000000000000e+01,2.939000000000000000e+03
4.643856000000000250e+01,3.574114000000000146e+01,2.611574000000000240e+01,1.000000000000000000e+01,5.050000000000000000e+02
1.412288599999999974e+02,1.126345199999999949e+02,3.869301999999999708e+01,3.000000000000000000e+01,1.427000000000000000e+03
1.842051999999999978e+01,7.000123999999999569e+01,7.082233999999999696e+01,1.800000000000000000e+01,2.727000000000000000e+03
1.338607200000000148e+02,1.087170399999999972e+02,1.765246000000000137e+01,2.200000000000000000e+01,1.117000000000000000e+03
8.465931999999999391e+01,2.457112000000000052e+01,3.959367999999999910e+01,1.000000000000000000e+00,1.864000000000000000e+03
2.242711400000000026e+02,1.269893200000000064e+02,1.439832000000000001e+01,5.200000000000000000e+01,2.316000000000000000e+03
7.136668000000000234e+01,1.655738800000000026e+02,1.641520000000000223e+01,2.600000000000000000e+01,2.703000000000000000e+03
2.602903999999999769e+02,2.241211999999999804e+01,2.838558000000000092e+01,6.500000000000000000e+01,4.160000000000000000e+02
2.735888199999999983e+02,1.296148000000000025e+02,2.683551999999999893e+01,6.800000000000000000e+01,2.800000000000000000e+01
2.198344800000000134e+02,7.071456000000000586e+01,2.227985999999999933e+01,4.200000000000000000e+01,1.024000000000000000e+03
4.446893999999999636e+01,4.471441999999999695e+01,4.559331999999999141e+01,1.000000000000000000e+01,3.061000000000000000e+03
2.853232399999999984e+02,1.409344200000000171e+02,1.319777999999999984e+01,6.800000000000000000e+01,2.186000000000000000e+03
2.735123199999999883e+02,1.063635599999999926e+02,1.795131999999999906e+01,6.600000000000000000e+01,3.533000000000000000e+03
4.505067999999999984e+01,7.956203999999999610e+01,6.622621999999999787e+01,1.300000000000000000e+01,1.273000000000000000e+03
1.975155199999999809e+02,7.254205999999999221e+01,3.962087999999999965e+01,3.100000000000000000e+01,2.596000000000000000e+03
1.495445799999999963e+02,4.158369999999999322e+01,3.731976000000000226e+01,3.200000000000000000e+01,3.162000000000000000e+03
5.871323999999999899e+01,1.513428399999999954e+02,4.825381999999999749e+01,2.700000000000000000e+01,9.140000000000000000e+02
9.378627999999999076e+01,3.319760000000000133e+01,4.448492000000000246e+01,0.000000000000000000e+00,7.960000000000000000e+02
2.028103399999999681e+02,2.180079999999999885e+01,3.635959999999999326e+01,4.400000000000000000e+01,2.738000000000000000e+03
2.089809999999999945e+02,3.979189999999999827e+01,3.559935999999999723e+01,4.400000000000000000e+01,1.537000000000000000e+03
6.394107999999999947e+01,7.368140000000001066e+01,5.807812000000000552e+01,1.300000000000000000e+01,1.348000000000000000e+03
7.722283999999999082e+01,2.138872000000000284e+01,1.330487999999999893e+01,1.000000000000000000e+00,3.494000000000000000e+03
2.908339599999999905e+02,1.626559999999999917e+01,3.522263999999999129e+01,6.900000000000000000e+01,3.191000000000000000e+03
1.165081399999999974e+02,8.035661999999999239e+01,1.072529999999999895e+01,8.000000000000000000e+00,2.124000000000000000e+03
3.138251000000000204e+02,9.668511999999999773e+01,1.717271999999999821e+01,6.300000000000000000e+01,1.642000000000000000e+03
2.709031599999999571e+02,1.292479399999999998e+02,4.358800000000000097e+01,7.400000000000000000e+01,6.040000000000000000e+02
1.975580200000000275e+02,9.752526000000000295e+01,5.224575999999999709e+01,4.800000000000000000e+01,9.400000000000000000e+02
5.979545999999999850e+01,1.619617200000000139e+02,4.854962000000000444e+01,2.000000000000000000e+01,1.594000000000000000e+03
2.797074599999999691e+02,1.556288800000000094e+02,4.589898000000000167e+01,7.400000000000000000e+01,1.552000000000000000e+03
1.423144800000000032e+02,1.283771999999999913e+01,3.709977999999999554e+01,9.000000000000000000e+00,5.130000000000000000e+02
1.507366199999999878e+02,1.581734399999999994e+02,1.194386000000000081e+01,4.000000000000000000e+01,8.540000000000000000e+02
7.343081999999999709e+01,2.283474000000000004e+01,5.215565999999999747e+01,2.000000000000000000e+00,7.200000000000000000e+01
3.012689000000000306e+02,1.009871399999999966e+02,2.155260000000000176e+01,6.300000000000000000e+01,3.830000000000000000e+02
1.975961000000000070e+02,9.335515999999999792e+01,7.259985999999999251e+01,4.800000000000000000e+01,1.522000000000000000e+03
2.704196799999999712e+02,3.296640000000000015e+01,4.030019999999999669e+01,6.700000000000000000e+01,2.613000000000000000e+03
2.096596399999999960e+02,6.639893999999999608e+01,3.352026000000000039e+01,3.100000000000000000e+01,2.480000000000000000e+03
1.975093999999999994e+02,7.975073999999999330e+01,2.492267999999999972e+01,3.100000000000000000e+01,2.048000000000000000e+03
2.063375000000000057e+02,2.517937999999999832e+01,1.288973999999999975e+01,4.400000000000000000e+01,2.105000000000000000e+03
2.151778399999999749e+02,1.164214399999999898e+02,1.345584000000000024e+01,5.500000000000000000e+01,2.931000000000000000e+03
2.603736999999999853e+02,1.493426200000000108e+02,2.298331999999999908e+01,7.100000000000000000e+01,5.180000000000000000e+02
1.044354199999999935e+02,7.034974000000001126e+01,1.334465999999999930e+01,8.000000000000000000e+00,5.480000000000000000e+02
2.902862199999999575e+02,1.379580599999999890e+02,3.679513999999999641e+01,7.400000000000000000e+01,3.166000000000000000e+03
2.452528800000000047e+02,1.086116400000000084e+02,1.091467999999999883e+01,5.500000000000000000e+01,3.719000000000000000e+03
8.578437999999999874e+01,5.356053999999999604e+01,4.205221999999999838e+01,3.000000000000000000e+00,5.900000000000000000e+01
2.311411799999999630e+02,6.944159999999999400e+01,3.793923999999999808e+01,3.800000000000000000e+01,2.540000000000000000e+03
6.793947999999998899e+01,8.625459999999998573e+00,9.025299999999999656e+00,6.000000000000000000e+00,3.573000000000000000e+03
9.112033999999999878e+01,5.972813999999999623e+01,2.609601999999999933e+01,3.000000000000000000e+00,2.386000000000000000e+03
1.349935999999999865e+02,1.622979799999999955e+02,1.751339999999999719e+01,3.600000000000000000e+01,3.591000000000000000e+03
2.821833399999999870e+02,1.407875399999999786e+02,4.480656000000000461e+01,7.400000000000000000e+01,4.670000000000000000e+02
3.143531199999999899e+02,1.271038999999999959e+02,1.487500000000000000e+01,7.300000000000000000e+01,1.170000000000000000e+03
1.814848599999999976e+02,5.163341999999999388e+01,3.835165999999999542e+01,3.200000000000000000e+01,3.000000000000000000e+02
2.794857799999999770e+02,1.724106000000000094e+01,1.510688000000000031e+01,6.900000000000000000e+01,3.407000000000000000e+03
1.416406000000000063e+02,3.929583999999999833e+01,3.613349999999999795e+01,9.000000000000000000e+00,1.643000000000000000e+03
1.637378799999999899e+02,1.083141399999999948e+02,4.069051999999999936e+01,4.100000000000000000e+01,3.140000000000000000e+02
7.979493999999999687e+01,1.589091999999999985e+02,3.539638000000000062e+01,2.000000000000000000e+01,3.643000000000000000e+03
2.829330399999999486e+02,4.232489999999999952e+01,3.364130000000000109e+01,6.700000000000000000e+01,3.280000000000000000e+03
8.497823999999999955e+01,1.443364599999999882e+02,3.846692000000000178e+01,1.600000000000000000e+01,3.195000000000000000e+03
2.917050399999999968e+02,1.494306799999999953e+02,2.289185999999999765e+01,7.000000000000000000e+01,2.432000000000000000e+03
9.302501999999999782e+01,8.751735999999999649e+01,1.072597999999999985e+01,1.100000000000000000e+01,2.115000000000000000e+03
2.769534600000000069e+02,1.411057799999999816e+02,4.660822000000000287e+01,7.400000000000000000e+01,3.730000000000000000e+02
2.029133599999999831e+02,9.906273999999999091e+01,6.453642000000000678e+01,4.800000000000000000e+01,2.430000000000000000e+02
6.901966000000000179e+01,2.984248000000000189e+01,3.781479999999999819e+01,2.000000000000000000e+00,3.093000000000000000e+03
2.036096799999999973e+02,5.339155999999999835e+01,3.628649999999999665e+01,3.100000000000000000e+01,2.654000000000000000e+03
1.256357799999999827e+02,1.073009399999999971e+02,4.318441999999998870e+01,3.000000000000000000e+01,2.270000000000000000e+02
6.572743999999998721e+01,1.534865400000000193e+02,8.569700000000000983e+00,2.800000000000000000e+01,3.617000000000000000e+03
5.542713999999999430e+01,1.614003800000000126e+02,5.343405999999999523e+01,3.500000000000000000e+01,3.492000000000000000e+03
1.159250399999999814e+02,1.002187399999999968e+02,5.331063999999999226e+01,2.300000000000000000e+01,2.685000000000000000e+03
2.769707999999999970e+02,4.189616000000000184e+01,3.204704000000000264e+01,6.700000000000000000e+01,2.789000000000000000e+03
2.507598599999999749e+02,1.086901799999999980e+02,4.077518000000000598e+01,6.200000000000000000e+01,1.889000000000000000e+03
1.564557599999999979e+02,1.738317999999999941e+01,1.194862000000000002e+01,9.000000000000000000e+00,3.610000000000000000e+03
1.590611799999999789e+02,8.648818000000001405e+01,7.035143999999999664e+01,5.400000000000000000e+01,1.039000000000000000e+03
1.794659399999999891e+02,1.261719599999999986e+02,3.840571999999999520e+01,4.100000000000000000e+01,1.564000000000000000e+03
8.049227999999999383e+01,1.323429600000000050e+02,5.232328000000000401e+01,1.600000000000000000e+01,1.989000000000000000e+03
2.160244399999999985e+02,2.378537999999999997e+01,1.762526000000000082e+01,4.400000000000000000e+01,2.122000000000000000e+03
1.542022399999999891e+02,1.348018399999999986e+02,1.189421999999999890e+01,4.000000000000000000e+01,3.715000000000000000e+03
1.238415999999999997e+02,1.608114999999999952e+02,1.200234000000000023e+01,3.600000000000000000e+01,3.259000000000000000e+03
1.594810799999999915e+02,1.245256799999999942e+02,3.865086000000000155e+01,4.100000000000000000e+01,2.020000000000000000e+03
2.854272799999999961e+02,9.146374000000000137e+01,1.047029999999999994e+01,5.900000000000000000e+01,1.155000000000000000e+03
1.125624399999999952e+02,9.635497999999999763e+01,1.072529999999999895e+01,2.200000000000000000e+01,2.899000000000000000e+03
1.675554000000000201e+02,1.258101999999999876e+01,2.471697999999999595e+01,5.000000000000000000e+01,3.074000000000000000e+03
2.307206000000000046e+01,1.294849200000000167e+02,6.735876000000000374e+01,3.400000000000000000e+01,2.524000000000000000e+03
8.496735999999998512e+01,1.513234600000000114e+02,4.983175999999999561e+01,2.000000000000000000e+01,1.973000000000000000e+03
5.870474000000000103e+01,8.500000000000000000e+00,5.384239999999999782e+01,2.000000000000000000e+00,1.691000000000000000e+03
2.690943599999999947e+02,5.657090000000000174e+01,3.123851999999999762e+01,5.300000000000000000e+01,3.034000000000000000e+03
6.908663999999998850e+01,1.793431999999999960e+01,9.345579999999999998e+00,6.000000000000000000e+00,3.489000000000000000e+03
1.655568799999999783e+02,4.027504000000000417e+01,1.195915999999999890e+01,1.500000000000000000e+01,2.655000000000000000e+03
2.907608599999999797e+02,8.968724000000000274e+01,1.046587999999999852e+01,5.900000000000000000e+01,1.426000000000000000e+03
5.401137999999999550e+01,1.329039600000000121e+02,4.510269999999999868e+01,2.700000000000000000e+01,1.875000000000000000e+03
1.585572999999999979e+02,1.440705800000000067e+02,1.193637999999999977e+01,4.000000000000000000e+01,2.593000000000000000e+03
2.605147999999999797e+02,7.728267999999999915e+01,5.376012000000000768e+01,5.800000000000000000e+01,2.989000000000000000e+03
1.855393599999999878e+02,1.084664599999999979e+02,3.607195999999999714e+01,4.100000000000000000e+01,2.497000000000000000e+03
2.885233199999999556e+02,1.587867999999999995e+02,1.642879999999999896e+01,7.000000000000000000e+01,1.700000000000000000e+03
3.619061999999999557e+01,6.490124000000000137e+01,6.272115999999999048e+01,1.800000000000000000e+01,1.624000000000000000e+03
1.115635199999999827e+02,8.527710000000000434e+01,1.072529999999999895e+01,8.000000000000000000e+00,2.125000000000000000e+03
8.289947999999999695e+01,1.022852600000000081e+02,2.787727999999999540e+01,1.700000000000000000e+01,3.506000000000000000e+03
2.842685599999999795e+02,4.047223999999999933e+01,4.362471999999999639e+01,6.700000000000000000e+01,2.333000000000000000e+03
2.390247599999999863e+02,6.656383999999999901e+01,3.932984000000000435e+01,3.800000000000000000e+01,2.148000000000000000e+03
7.511415999999999826e+01,1.013091200000000072e+02,3.659929999999999950e+01,1.200000000000000000e+01,1.150000000000000000e+02
1.364953799999999831e+02,3.121743999999999630e+01,1.191530000000000022e+01,1.500000000000000000e+01,3.536000000000000000e+03
8.036307999999999652e+01,3.046025999999999812e+01,5.238651999999999731e+01,0.000000000000000000e+00,5.390000000000000000e+02
5.119039999999999679e+01,3.472997999999999763e+01,4.422583999999999804e+01,2.000000000000000000e+00,2.942000000000000000e+03
1.309271999999999707e+02,1.448298000000000130e+01,1.198193999999999981e+01,9.000000000000000000e+00,2.073000000000000000e+03
1.539757999999999782e+01,1.149284999999999997e+02,3.889158000000000470e+01,3.300000000000000000e+01,3.611000000000000000e+03
2.622239799999999832e+02,9.390460000000000207e+01,5.995900000000000318e+01,6.200000000000000000e+01,8.400000000000000000e+02
1.129377999999999993e+01,1.043997200000000021e+02,7.238837999999999795e+01,3.900000000000000000e+01,1.690000000000000000e+02
4.518531999999999726e+01,8.023149999999999693e+01,5.959146000000000498e+01,1.300000000000000000e+01,1.209000000000000000e+03
4.701724000000000103e+01,1.279923200000000065e+02,4.828407999999999589e+01,2.700000000000000000e+01,3.236000000000000000e+03
2.036586399999999912e+02,6.656383999999999901e+01,1.852489999999999881e+01,3.100000000000000000e+01,1.112000000000000000e+03
8.022639999999999816e+01,1.636964000000000112e+02,3.111034000000000077e+01,2.600000000000000000e+01,6.480000000000000000e+02
1.065260799999999932e+02,5.528569999999999851e+01,3.935636000000000223e+01,1.400000000000000000e+01,2.540000000000000000e+02
1.713603400000000079e+02,1.259067599999999914e+02,1.196358000000000033e+01,3.700000000000000000e+01,3.065000000000000000e+03
1.147006999999999977e+02,1.623054599999999823e+02,1.837020000000000053e+01,3.600000000000000000e+01,2.815000000000000000e+03
1.113741399999999970e+02,1.624258199999999874e+02,2.878711999999999804e+01,3.600000000000000000e+01,2.052000000000000000e+03
1.340429599999999937e+02,1.302519599999999969e+02,1.189490000000000158e+01,2.900000000000000000e+01,3.400000000000000000e+03
2.477750000000000057e+02,7.094338000000000477e+01,4.604551999999999623e+01,5.800000000000000000e+01,1.167000000000000000e+03
1.724462999999999795e+02,1.058800800000000066e+02,5.624415999999998661e+01,4.100000000000000000e+01,3.465000000000000000e+03
2.848774999999999977e+02,3.035383999999999816e+01,3.654387999999999437e+01,6.700000000000000000e+01,8.990000000000000000e+02
1.516083799999999826e+02,1.550614199999999983e+02,3.867669999999999675e+01,4.500000000000000000e+01,1.395000000000000000e+03
2.328585199999999702e+02,9.155281999999999698e+01,5.761809999999999832e+01,4.300000000000000000e+01,1.483000000000000000e+03
7.636910000000000309e+01,1.590332999999999970e+02,2.052886000000000166e+01,2.600000000000000000e+01,1.229000000000000000e+03
2.082493199999999831e+02,1.107706400000000002e+02,3.572923999999999722e+01,4.900000000000000000e+01,1.521000000000000000e+03
8.408845999999999776e+01,1.318030399999999815e+02,4.109273999999999916e+01,1.600000000000000000e+01,9.420000000000000000e+02
1.336954800000000034e+02,1.226754000000000104e+02,1.189387999999999934e+01,2.200000000000000000e+01,2.447000000000000000e+03
8.470828000000000202e+01,4.987731999999999744e+01,2.363373999999999953e+01,4.000000000000000000e+00,2.000000000000000000e+00
1.578824000000000005e+01,1.249057999999999851e+02,7.084273999999999205e+01,3.400000000000000000e+01,3.150000000000000000e+03
1.209060400000000044e+02,6.841548000000000229e+01,1.399202000000000012e+01,8.000000000000000000e+00,2.042000000000000000e+03
2.257532000000000139e+01,8.420507999999999527e+01,6.756310000000000571e+01,1.800000000000000000e+01,1.423000000000000000e+03
2.875624799999999368e+02,1.535749399999999980e+02,2.742304000000000030e+01,7.000000000000000000e+01,2.768000000000000000e+03
1.878952199999999948e+02,1.087717800000000068e+02,2.419780000000000086e+01,5.600000000000000000e+01,6.030000000000000000e+02
2.866550199999999791e+02,2.702558000000000149e+01,2.704530000000000101e+01,6.900000000000000000e+01,1.997000000000000000e+03
7.731430000000000291e+01,2.355281999999999698e+01,4.114577999999999491e+01,0.000000000000000000e+00,2.108000000000000000e+03
1.440141399999999692e+02,1.513846599999999967e+02,1.193229999999999968e+01,4.000000000000000000e+01,8.360000000000000000e+02
2.350664799999999559e+02,1.085960000000000036e+02,2.144209999999999994e+01,5.500000000000000000e+01,1.357000000000000000e+03
2.802528199999999856e+02,1.325775600000000054e+02,2.246651999999999916e+01,6.800000000000000000e+01,6.170000000000000000e+02
2.624551799999999844e+02,7.755876000000000658e+01,5.911512000000000455e+01,5.800000000000000000e+01,2.416000000000000000e+03
2.702704200000000014e+02,2.686985999999999919e+01,1.510926000000000080e+01,6.000000000000000000e+01,8.080000000000000000e+02
1.978099599999999896e+02,1.004615000000000009e+02,1.628497999999999735e+01,5.600000000000000000e+01,1.499000000000000000e+03
7.242476000000000624e+01,1.151001999999999903e+01,1.042576000000000036e+01,1.000000000000000000e+00,3.397000000000000000e+03
9.031113999999999464e+01,1.145147199999999827e+02,3.025184000000000140e+01,1.700000000000000000e+01,1.043000000000000000e+03
4.243914000000000186e+01,3.672612000000000165e+01,4.217733999999999384e+01,1.000000000000000000e+01,3.130000000000000000e+03
1.189683800000000105e+02,1.568868799999999908e+02,1.194692000000000043e+01,3.600000000000000000e+01,2.972000000000000000e+03
7.456845999999998753e+01,5.591299999999999670e+01,1.853272000000000119e+01,4.000000000000000000e+00,4.990000000000000000e+02
5.611325999999998970e+01,6.431372000000000355e+01,6.090453999999999724e+01,1.300000000000000000e+01,1.992000000000000000e+03
1.194130999999999858e+02,7.294393999999999778e+01,1.072496000000000116e+01,8.000000000000000000e+00,1.848000000000000000e+03
2.342644199999999728e+02,8.594417999999998869e+01,6.500391999999999371e+01,4.300000000000000000e+01,1.137000000000000000e+03
2.576166399999999612e+02,1.414240200000000129e+02,1.810772000000000048e+01,7.100000000000000000e+01,2.620000000000000000e+02
1.843299800000000346e+02,6.670221999999999696e+01,3.917377999999999361e+01,3.100000000000000000e+01,3.177000000000000000e+03
1.755212599999999838e+02,1.335146000000000015e+02,3.850941999999999865e+01,4.600000000000000000e+01,1.670000000000000000e+02
5.146818000000000382e+01,6.635269999999999868e+01,6.515828000000000486e+01,1.300000000000000000e+01,2.686000000000000000e+03
1.475868600000000015e+02,1.623285799999999881e+02,2.613512000000000057e+01,4.000000000000000000e+01,2.532000000000000000e+03
1.581418199999999956e+02,1.255953199999999867e+02,1.191733999999999938e+01,3.700000000000000000e+01,2.153000000000000000e+03
7.208238000000000056e+01,4.870364000000000715e+01,5.576272000000000162e+01,0.000000000000000000e+00,2.911000000000000000e+03
1.982951400000000035e+02,7.922136000000000422e+01,1.032681999999999967e+01,3.100000000000000000e+01,1.025000000000000000e+03
1.164408200000000022e+02,6.224312000000000467e+01,1.191530000000000022e+01,8.000000000000000000e+00,1.905000000000000000e+03
1.732197999999999922e+02,6.757533999999999708e+01,1.072461999999999982e+01,2.500000000000000000e+01,9.290000000000000000e+02
2.671845800000000395e+02,4.037465999999999866e+01,3.959980000000000189e+01,6.500000000000000000e+01,2.906000000000000000e+03
5.030640000000000356e+01,3.000533999999999679e+01,3.991599999999999682e+01,2.000000000000000000e+00,2.526000000000000000e+03
1.975444200000000023e+02,7.586589999999999634e+01,5.251266000000000389e+01,4.800000000000000000e+01,2.601000000000000000e+03
1.309679999999999893e+02,1.102494200000000149e+02,3.869675999999999760e+01,3.000000000000000000e+01,1.076000000000000000e+03
8.062249999999998806e+01,1.368782200000000273e+02,1.666169999999999973e+01,2.100000000000000000e+01,1.377000000000000000e+03
5.246947999999999013e+01,1.280395800000000008e+02,5.218558000000000163e+01,2.700000000000000000e+01,3.055000000000000000e+03
1.022196399999999983e+02,1.154150399999999905e+02,4.110361999999999938e+01,1.700000000000000000e+01,1.640000000000000000e+02
6.305436000000000263e+01,8.044978000000000407e+01,5.117781999999999698e+01,7.000000000000000000e+00,2.606000000000000000e+03
1.882124399999999866e+02,9.349489999999998702e+01,7.893168000000000006e+01,4.800000000000000000e+01,2.477000000000000000e+03
5.076845999999999748e+01,6.810811999999999955e+01,5.414329999999999643e+01,1.300000000000000000e+01,2.658000000000000000e+03
1.336672599999999989e+02,1.044653399999999976e+02,1.072461999999999982e+01,2.200000000000000000e+01,2.006000000000000000e+03
1.380250399999999900e+02,3.661731999999999942e+01,1.190509999999999913e+01,1.500000000000000000e+01,3.244000000000000000e+03
1.793819599999999923e+02,6.873405999999999949e+01,5.273060000000000258e+01,3.200000000000000000e+01,3.262000000000000000e+03
2.720962200000000166e+02,2.120035999999999987e+01,4.684452000000000282e+01,6.700000000000000000e+01,1.620000000000000000e+02
2.907785399999999640e+02,3.069655999999999807e+01,3.593153999999999826e+01,6.700000000000000000e+01,1.979000000000000000e+03
1.821621399999999937e+02,1.436721000000000004e+02,3.830780000000000030e+01,4.600000000000000000e+01,4.200000000000000000e+02
1.857498199999999997e+02,1.446530000000000094e+01,1.333003999999999856e+01,5.000000000000000000e+01,1.385000000000000000e+03
1.663705000000000211e+02,1.133022799999999819e+02,1.197003999999999913e+01,3.700000000000000000e+01,3.016000000000000000e+03
1.181904600000000158e+02,1.154963000000000051e+02,3.109061999999999770e+01,2.200000000000000000e+01,3.360000000000000000e+02
3.189747399999999971e+02,4.332245999999999952e+01,1.400358000000000125e+01,7.200000000000000000e+01,1.132000000000000000e+03
8.562321999999998923e+01,1.084705399999999997e+02,4.375970000000000226e+01,1.200000000000000000e+01,1.436000000000000000e+03
6.838929999999999154e+01,4.488067999999999813e+01,5.400254000000000332e+01,0.000000000000000000e+00,2.700000000000000000e+03
2.614355199999999968e+02,1.972135999999999711e+01,3.351991999999999194e+01,6.500000000000000000e+01,5.140000000000000000e+02
1.888213799999999765e+02,1.472390399999999886e+02,1.230086000000000013e+01,5.100000000000000000e+01,1.868000000000000000e+03
1.850160999999999945e+02,1.217030000000000030e+02,3.804599999999999937e+01,4.100000000000000000e+01,2.195000000000000000e+03
3.076897999999999911e+02,9.178333999999999548e+01,1.066070000000000029e+01,6.300000000000000000e+01,2.476000000000000000e+03
2.345384599999999864e+02,7.169852000000000203e+01,4.884338000000000335e+01,3.800000000000000000e+01,1.988000000000000000e+03
1.336495800000000145e+02,6.705649999999999977e+01,4.064258000000000237e+01,1.400000000000000000e+01,2.718000000000000000e+03
1.975933799999999962e+02,9.350884000000000640e+01,6.590492000000000417e+01,4.800000000000000000e+01,9.520000000000000000e+02
1.039441199999999981e+02,5.040567999999999671e+01,1.199723999999999968e+01,8.000000000000000000e+00,3.181000000000000000e+03
8.501121999999999446e+01,1.225869999999999891e+02,2.474859999999999616e+01,2.100000000000000000e+01,4.540000000000000000e+02
1.591774599999999964e+02,1.033854999999999933e+02,6.178038000000000096e+01,5.400000000000000000e+01,1.600000000000000000e+03
1.058032400000000024e+02,2.238185999999999609e+01,3.963651999999999731e+01,5.000000000000000000e+00,3.390000000000000000e+03
1.617135200000000168e+02,1.084824399999999969e+02,2.381326000000000320e+01,3.700000000000000000e+01,3.403000000000000000e+03
4.620055999999999585e+01,1.301268400000000156e+02,2.726051999999999609e+01,3.300000000000000000e+01,1.049000000000000000e+03
6.026465999999999212e+01,4.483342000000000382e+01,4.865467999999999904e+01,2.000000000000000000e+00,3.258000000000000000e+03
2.573840799999999831e+02,1.085395599999999945e+02,4.772206000000000614e+01,6.200000000000000000e+01,2.283000000000000000e+03
2.694914800000000241e+02,1.592270999999999788e+02,9.671979999999999578e+00,7.000000000000000000e+01,1.719000000000000000e+03
2.745319800000000328e+02,9.310627999999998394e+01,1.053557999999999950e+01,5.900000000000000000e+01,1.371000000000000000e+03
4.029442000000000235e+01,6.988802000000001158e+01,6.166478000000000037e+01,1.300000000000000000e+01,1.935000000000000000e+03
4.483885999999999683e+01,1.348181600000000060e+02,1.709894000000000247e+01,2.800000000000000000e+01,9.550000000000000000e+02
1.109872199999999793e+02,7.965009999999999479e+01,1.072529999999999895e+01,8.000000000000000000e+00,1.888000000000000000e+03
1.413532999999999902e+02,4.651370000000000005e+01,1.189421999999999890e+01,1.500000000000000000e+01,1.711000000000000000e+03
2.354493199999999717e+02,1.049675200000000075e+02,4.416022000000000247e+01,6.200000000000000000e+01,1.684000000000000000e+03
1.560851599999999735e+02,4.344213999999999487e+01,1.189387999999999934e+01,1.500000000000000000e+01,8.690000000000000000e+02
3.257070799999999622e+02,8.689618000000000109e+01,2.119219999999999970e+01,6.300000000000000000e+01,1.593000000000000000e+03
2.738166200000000003e+02,8.820313999999999055e+01,5.383525999999999812e+01,5.800000000000000000e+01,3.555000000000000000e+03
7.561328000000000316e+01,1.621422600000000216e+02,5.457781999999999556e+01,2.000000000000000000e+01,2.646000000000000000e+03
2.582065400000000182e+02,7.096819999999999595e+01,4.100672000000000139e+01,5.800000000000000000e+01,7.770000000000000000e+02
7.381535999999999831e+01,9.540060000000000429e+00,1.796321999999999974e+01,1.000000000000000000e+00,3.090000000000000000e+03
2.621784200000000169e+02,9.353025999999998419e+01,4.906234000000000606e+01,6.200000000000000000e+01,1.500000000000000000e+01
1.892664400000000171e+02,3.993197999999999581e+01,1.231003999999999898e+01,5.000000000000000000e+01,1.134000000000000000e+03
8.022198000000000206e+01,3.661834000000000344e+01,3.151289999999999836e+01,0.000000000000000000e+00,3.705000000000000000e+03
1.256456400000000002e+02,3.868384000000000356e+01,3.257064000000000448e+01,5.000000000000000000e+00,3.556000000000000000e+03
6.250627999999999673e+01,8.960597999999998819e+01,2.442559999999999931e+01,1.100000000000000000e+01,2.407000000000000000e+03
1.888666000000000054e+02,6.667059999999999320e+01,4.259894000000000602e+01,3.100000000000000000e+01,3.396000000000000000e+03
1.550008999999999730e+02,5.264695999999999998e+01,1.188979999999999926e+01,1.500000000000000000e+01,2.662000000000000000e+03
2.024978799999999808e+02,1.000439799999999906e+02,5.931367999999999796e+01,4.800000000000000000e+01,2.900000000000000000e+02
3.031943200000000047e+02,1.003992799999999903e+02,1.567739999999999867e+01,6.300000000000000000e+01,1.100000000000000000e+01
4.622605999999999682e+01,7.191169999999999618e+01,6.606676000000000215e+01,1.300000000000000000e+01,1.551000000000000000e+03
1.906087599999999611e+02,1.597517199999999775e+02,3.264271999999999707e+01,5.100000000000000000e+01,2.730000000000000000e+02
1.259530000000000030e+02,1.407246399999999937e+02,1.190918000000000099e+01,2.900000000000000000e+01,2.557000000000000000e+03
4.561711999999999989e+01,1.356664600000000007e+02,6.614937999999999363e+01,2.700000000000000000e+01,3.612000000000000000e+03
1.261240199999999732e+02,5.177723999999999904e+01,1.189319999999999844e+01,1.500000000000000000e+01,3.179000000000000000e+03
1.909637199999999950e+02,9.820287999999999329e+01,7.552114000000000260e+01,4.800000000000000000e+01,1.960000000000000000e+03
7.606004000000000076e+01,1.014825200000000081e+02,1.702583999999999875e+01,1.100000000000000000e+01,1.903000000000000000e+03
2.924159799999999905e+02,3.828705999999999676e+01,2.831316000000000344e+01,6.900000000000000000e+01,1.320000000000000000e+02
2.080691199999999697e+02,8.741502000000001260e+01,5.205264000000000379e+01,4.800000000000000000e+01,5.250000000000000000e+02
7.976977999999999724e+01,5.386619999999999209e+01,1.578756000000000093e+01,4.000000000000000000e+00,1.800000000000000000e+02
3.237955999999999790e+02,9.336026000000001090e+01,1.530033999999999850e+01,6.300000000000000000e+01,1.570000000000000000e+03
2.841176000000000101e+01,1.050725800000000021e+02,6.789323999999999160e+01,3.900000000000000000e+01,4.340000000000000000e+02
2.292983799999999803e+02,8.686727999999999383e+01,1.255008000000000123e+01,4.200000000000000000e+01,3.352000000000000000e+03
9.082249999999999091e+01,1.463349799999999732e+02,2.761446000000000112e+01,2.600000000000000000e+01,8.920000000000000000e+02
1.934783599999999808e+02,1.088312799999999925e+02,3.388269999999999271e+01,5.600000000000000000e+01,3.460000000000000000e+02
2.938647199999999771e+02,9.075687999999999533e+01,4.391167999999999694e+01,6.400000000000000000e+01,1.065000000000000000e+03
8.389636000000000138e+01,7.276170000000000471e+01,3.272635999999999967e+01,3.000000000000000000e+00,2.085000000000000000e+03
9.215393999999999153e+01,6.977412000000001058e+01,5.308657999999999788e+01,3.000000000000000000e+00,3.419000000000000000e+03
2.745330000000000226e+01,1.213731999999999971e+02,6.564108000000000231e+01,3.400000000000000000e+01,2.129000000000000000e+03
1.486405200000000093e+02,6.695177999999999940e+01,2.962759999999999394e+01,1.900000000000000000e+01,2.136000000000000000e+03
9.380633999999999162e+01,1.115798399999999901e+02,1.230256000000000149e+01,1.700000000000000000e+01,3.132000000000000000e+03
2.542013399999999592e+02,6.692797999999999092e+01,4.779243999999999915e+01,5.800000000000000000e+01,1.175000000000000000e+03
7.666931999999999903e+01,1.269148599999999902e+02,4.214605999999999852e+01,1.600000000000000000e+01,1.517000000000000000e+03
1.598122400000000027e+02,1.334404800000000080e+02,1.194624000000000130e+01,4.000000000000000000e+01,3.432000000000000000e+03
7.846520000000001005e+01,5.591299999999999670e+01,4.371209999999999951e+01,3.000000000000000000e+00,2.370000000000000000e+02
2.051219999999999999e+01,5.803697999999999269e+01,6.843384000000000356e+01,1.800000000000000000e+01,2.536000000000000000e+03
9.929326000000000363e+01,8.942986000000000502e+01,1.072563999999999851e+01,8.000000000000000000e+00,3.124000000000000000e+03
1.106091399999999965e+02,8.856591999999999132e+01,4.136643999999999721e+01,2.300000000000000000e+01,1.958000000000000000e+03
4.247551999999999595e+01,7.511144000000000176e+01,5.710435999999999979e+01,1.300000000000000000e+01,1.214000000000000000e+03
1.963319799999999873e+02,7.130140000000000100e+01,5.981484000000000378e+01,4.800000000000000000e+01,2.607000000000000000e+03
3.988879999999999626e+01,1.451347800000000063e+02,3.395002000000000209e+01,3.500000000000000000e+01,1.536000000000000000e+03
1.858541999999999916e+02,6.925595999999998753e+01,5.421673999999999438e+01,4.800000000000000000e+01,3.406000000000000000e+03
1.101627200000000073e+02,7.027324000000000126e+01,1.072529999999999895e+01,8.000000000000000000e+00,1.386000000000000000e+03
2.776637200000000121e+02,1.313314599999999928e+02,3.635993999999999460e+01,7.400000000000000000e+01,6.800000000000000000e+02
7.916933999999999116e+01,1.087085399999999993e+02,3.285658000000000101e+01,1.200000000000000000e+01,3.080000000000000000e+02
1.180728199999999930e+02,4.193287999999999727e+01,1.189659999999999940e+01,5.000000000000000000e+00,1.402000000000000000e+03
1.731800199999999847e+02,8.971920000000000073e+01,1.072461999999999982e+01,2.500000000000000000e+01,3.226000000000000000e+03
5.442719999999999203e+01,5.591299999999999670e+01,5.149061999999999983e+01,1.300000000000000000e+01,3.625000000000000000e+03
2.268799599999999828e+02,6.656383999999999901e+01,4.223004000000000246e+01,3.800000000000000000e+01,7.390000000000000000e+02
5.126349999999999341e+01,1.593341999999999992e+01,1.168817999999999913e+01,6.000000000000000000e+00,1.849000000000000000e+03
3.922104000000000212e+01,4.887160000000000082e+01,6.691472000000000264e+01,2.400000000000000000e+01,1.591000000000000000e+03
1.642176200000000108e+02,5.998755999999999489e+01,1.196901999999999866e+01,2.500000000000000000e+01,1.190000000000000000e+02
7.882695999999999970e+01,3.806401999999999930e+01,3.781989999999999696e+01,0.000000000000000000e+00,3.404000000000000000e+03
2.923510399999999549e+02,1.626559999999999917e+01,2.799661999999999651e+01,6.900000000000000000e+01,2.881000000000000000e+03
3.031191799999999716e+02,9.675413999999999248e+01,1.066070000000000029e+01,6.300000000000000000e+01,4.660000000000000000e+02
8.600197999999998899e+01,1.484902400000000000e+02,3.324928000000000594e+01,2.600000000000000000e+01,2.750000000000000000e+02
1.396033199999999965e+02,1.468215199999999925e+02,3.580471999999999611e+01,4.500000000000000000e+01,3.526000000000000000e+03
1.020778600000000154e+02,3.772809999999999775e+01,4.113795999999999964e+01,0.000000000000000000e+00,2.461000000000000000e+03
4.117909999999999826e+01,2.019327999999999790e+01,3.949371999999999616e+01,6.000000000000000000e+00,3.133000000000000000e+03
1.877187599999999748e+02,1.065760599999999982e+02,5.254258000000000095e+01,4.100000000000000000e+01,3.375000000000000000e+03
2.386439600000000212e+02,1.052731799999999964e+02,2.369562000000000168e+01,5.500000000000000000e+01,1.149000000000000000e+03
2.795044800000000009e+02,3.326899999999999835e+01,2.154954000000000036e+01,6.900000000000000000e+01,1.381000000000000000e+03
1.255514600000000058e+02,6.470913999999999078e+01,1.193637999999999977e+01,8.000000000000000000e+00,2.484000000000000000e+03
8.402624000000000137e+01,1.095588799999999878e+02,3.834792000000000201e+01,1.200000000000000000e+01,1.282000000000000000e+03
7.449264000000000863e+01,2.645132000000000261e+01,1.160895999999999972e+01,4.000000000000000000e+00,2.225000000000000000e+03
1.649662999999999897e+02,1.453836599999999919e+02,1.195406000000000013e+01,4.000000000000000000e+01,3.279000000000000000e+03
4.664119999999999777e+01,2.512021999999999977e+01,3.209872000000000014e+01,6.000000000000000000e+00,2.192000000000000000e+03
2.939619599999999764e+02,1.029907600000000087e+02,3.384802000000000533e+01,6.400000000000000000e+01,3.230000000000000000e+02
1.115631799999999885e+02,1.444864000000000033e+02,3.135887999999999920e+01,2.900000000000000000e+01,3.455000000000000000e+03
9.146578000000000941e+01,1.089230799999999988e+02,2.432326000000000121e+01,1.700000000000000000e+01,2.422000000000000000e+03
1.298330799999999954e+02,6.736691999999999325e+01,2.314481999999999928e+01,1.400000000000000000e+01,1.841000000000000000e+03
1.871876800000000287e+02,1.205850800000000049e+02,1.230187999999999882e+01,5.600000000000000000e+01,2.217000000000000000e+03
1.975627800000000036e+02,1.017895400000000024e+02,6.569208000000000425e+01,4.800000000000000000e+01,1.029000000000000000e+03
2.680723199999999906e+02,7.396971999999999525e+01,1.050123999999999924e+01,4.700000000000000000e+01,1.571000000000000000e+03
2.614735999999999763e+02,2.486317999999999628e+01,3.531172000000000111e+01,6.500000000000000000e+01,1.179000000000000000e+03
2.841294999999999504e+02,4.768806000000000012e+01,1.852898000000000067e+01,6.900000000000000000e+01,2.934000000000000000e+03
2.572429799999999886e+02,9.595717999999999392e+01,5.738689999999999714e+01,6.200000000000000000e+01,1.550000000000000000e+02
2.130069400000000144e+02,6.925222000000000833e+01,3.646907999999999817e+01,3.800000000000000000e+01,3.500000000000000000e+01
5.182381999999999778e+01,1.106740800000000036e+02,3.684443999999999875e+01,3.300000000000000000e+01,2.009000000000000000e+03
3.724325999999999937e+01,7.102497999999999934e+01,5.740763999999999356e+01,1.800000000000000000e+01,4.500000000000000000e+01
5.161982000000000426e+01,1.286488600000000133e+02,4.322896000000000072e+01,2.700000000000000000e+01,2.373000000000000000e+03
6.762429999999999097e+01,3.702531999999999357e+01,1.486004000000000147e+01,4.000000000000000000e+00,1.343000000000000000e+03
4.423637999999999693e+01,1.573846399999999903e+02,4.527439999999999998e+01,3.500000000000000000e+01,1.850000000000000000e+03
2.250511000000000195e+02,1.396539799999999900e+02,2.718571999999999989e+01,5.200000000000000000e+01,1.690000000000000000e+03
9.308553999999999462e+01,1.304882599999999968e+02,4.496126000000000289e+01,1.600000000000000000e+01,2.732000000000000000e+03
1.159474799999999846e+02,2.869599999999999795e+01,3.078325999999999496e+01,5.000000000000000000e+00,3.097000000000000000e+03
5.820935999999999666e+01,3.836423999999999523e+01,4.811305999999999727e+01,2.000000000000000000e+00,3.027000000000000000e+03
5.105134000000000327e+01,5.591299999999999670e+01,1.828145999999999916e+01,1.000000000000000000e+01,1.454000000000000000e+03
1.170701600000000013e+02,9.068241999999999337e+01,4.258670000000000044e+01,2.300000000000000000e+01,1.372000000000000000e+03
3.572516000000000247e+01,9.901479999999997972e+01,6.726797999999999433e+01,3.900000000000000000e+01,3.429000000000000000e+03
2.098044799999999839e+02,4.084929999999999950e+01,1.309816000000000003e+01,4.400000000000000000e+01,2.147000000000000000e+03
2.356274799999999914e+02,9.102105999999999142e+01,1.032681999999999967e+01,5.500000000000000000e+01,2.482000000000000000e+03
2.697838800000000106e+02,1.606700600000000065e+02,4.498879999999999768e+01,7.400000000000000000e+01,2.691000000000000000e+03
2.250511000000000195e+02,1.224904399999999782e+02,1.809004000000000190e+01,5.500000000000000000e+01,2.741000000000000000e+03
1.987330599999999947e+02,1.742602000000000118e+01,1.851605999999999952e+01,5.000000000000000000e+01,1.575000000000000000e+03
2.525639000000000181e+02,9.943299999999999272e+01,1.551555999999999891e+01,6.600000000000000000e+01,1.846000000000000000e+03
1.884769599999999912e+02,6.752230000000000132e+01,4.954649999999999466e+01,3.100000000000000000e+01,3.308000000000000000e+03
2.767389200000000073e+02,1.456876199999999812e+02,2.508349999999999724e+01,7.000000000000000000e+01,9.840000000000000000e+02
1.410044599999999946e+02,1.244899799999999885e+02,1.189252000000000109e+01,3.700000000000000000e+01,1.056000000000000000e+03
1.448420399999999972e+02,3.138233999999999924e+01,1.191495999999999889e+01,1.500000000000000000e+01,7.100000000000000000e+01
2.232389000000000010e+02,1.370370000000000061e+02,1.428577999999999903e+01,5.200000000000000000e+01,1.861000000000000000e+03
3.987860000000000582e+01,2.574582000000000193e+01,3.165060000000000429e+01,6.000000000000000000e+00,2.528000000000000000e+03
7.392824000000000240e+01,9.510854000000000497e+01,4.457331999999999539e+01,7.000000000000000000e+00,2.838000000000000000e+03
7.092977999999999383e+01,1.553191400000000044e+02,9.863059999999999050e+00,2.600000000000000000e+01,2.040000000000000000e+03
2.602509599999999637e+02,1.549454800000000034e+02,3.260871999999999815e+01,7.100000000000000000e+01,1.490000000000000000e+03
2.188467799999999670e+02,1.492657799999999781e+02,1.526429999999999865e+01,5.200000000000000000e+01,1.171000000000000000e+03
5.949081999999999226e+01,1.222731799999999964e+02,5.451389999999999958e+01,2.700000000000000000e+01,2.335000000000000000e+03
6.533916000000000679e+01,1.408106599999999844e+02,1.430515999999999899e+01,2.800000000000000000e+01,4.600000000000000000e+01
5.721282000000000068e+01,1.285183000000000106e+02,4.665853999999999502e+01,2.700000000000000000e+01,1.286000000000000000e+03
2.317280199999999866e+02,9.344016000000000588e+01,6.758248000000000388e+01,4.300000000000000000e+01,2.167000000000000000e+03
3.013001800000000117e+02,1.493847800000000063e+02,1.954115999999999786e+01,7.000000000000000000e+01,2.745000000000000000e+03
1.536405599999999936e+02,1.082434200000000004e+02,4.508127999999999247e+01,3.000000000000000000e+01,3.694000000000000000e+03
7.234349999999999170e+01,1.448172199999999918e+02,1.038564000000000043e+01,2.100000000000000000e+01,2.845000000000000000e+03
2.503936799999999891e+02,8.808855999999998687e+01,1.248547999999999902e+01,4.700000000000000000e+01,1.789000000000000000e+03
1.927582399999999723e+02,8.357573999999999614e+01,1.072461999999999982e+01,5.600000000000000000e+01,3.071000000000000000e+03
2.548072200000000294e+02,2.255321999999999960e+01,2.625479999999999947e+01,6.500000000000000000e+01,1.280000000000000000e+02
2.589218999999999937e+02,9.934493999999999403e+01,2.679982000000000042e+01,6.600000000000000000e+01,5.300000000000000000e+02
3.064110600000000204e+02,9.928442000000001144e+01,2.460817999999999728e+01,6.300000000000000000e+01,6.160000000000000000e+02
6.109970000000000567e+01,1.531101600000000076e+02,5.463222000000000378e+01,2.000000000000000000e+01,1.339000000000000000e+03
4.189887999999999835e+01,3.715077999999999747e+01,2.189702000000000126e+01,1.000000000000000000e+01,9.720000000000000000e+02
2.904705000000000155e+02,1.540444799999999645e+02,1.965098000000000056e+01,7.000000000000000000e+01,2.339000000000000000e+03
2.742327799999999911e+02,1.455635200000000111e+02,9.233039999999999026e+00,6.800000000000000000e+01,2.967000000000000000e+03
1.975590400000000102e+02,9.331911999999999807e+01,4.754729999999999990e+01,4.800000000000000000e+01,2.504000000000000000e+03
5.007349999999999568e+01,1.559675200000000075e+02,1.236307999999999829e+01,2.800000000000000000e+01,1.675000000000000000e+03
2.862997199999999793e+02,1.012843000000000160e+02,4.253705999999999676e+01,6.400000000000000000e+01,1.130000000000000000e+03
1.965913999999999930e+02,9.563961999999999364e+01,1.072461999999999982e+01,5.600000000000000000e+01,1.549000000000000000e+03
6.608307999999999538e+01,1.321301200000000051e+02,4.737118000000000251e+01,2.700000000000000000e+01,1.183000000000000000e+03
1.099689199999999971e+02,1.008433199999999914e+02,5.093064000000000391e+01,2.300000000000000000e+01,2.510000000000000000e+03
2.725844599999999787e+02,1.626559999999999917e+01,4.297055999999999187e+01,6.700000000000000000e+01,5.300000000000000000e+01
1.683513400000000217e+02,1.383738799999999856e+02,1.195745999999999931e+01,4.000000000000000000e+01,3.340000000000000000e+03
1.036761999999999944e+02,1.625563799999999901e+02,1.651856000000000080e+01,3.600000000000000000e+01,2.778000000000000000e+03
5.894375999999999038e+01,7.559628000000000725e+01,5.642775999999999215e+01,1.300000000000000000e+01,1.211000000000000000e+03
4.807701999999999742e+01,8.068539999999998713e+01,5.462711999999999790e+01,1.300000000000000000e+01,7.070000000000000000e+02
1.075732800000000111e+02,1.397569999999999979e+01,1.210535999999999746e+01,5.000000000000000000e+00,1.850000000000000000e+02
2.155599999999999739e+01,7.103858000000001027e+01,5.812231999999999488e+01,1.800000000000000000e+01,4.700000000000000000e+02
2.619009800000000041e+02,1.336383600000000058e+02,4.290697999999999723e+01,7.400000000000000000e+01,1.504000000000000000e+03
1.867348000000000070e+02,6.668555999999999528e+01,3.431279999999999575e+01,3.100000000000000000e+01,3.067000000000000000e+03
9.156403999999999144e+01,1.430563600000000122e+02,4.591700000000000159e+01,1.600000000000000000e+01,3.063000000000000000e+03
2.781318999999999733e+02,1.626559999999999917e+01,9.865099999999999980e+00,6.000000000000000000e+01,3.709000000000000000e+03
2.117761399999999696e+02,1.063727400000000074e+02,3.324213999999999913e+01,4.900000000000000000e+01,2.787000000000000000e+03
2.753405000000000200e+02,1.413420800000000099e+02,1.494198000000000093e+01,6.800000000000000000e+01,3.250000000000000000e+03
2.730203399999999760e+02,3.744895999999999958e+01,4.207499999999999574e+01,6.700000000000000000e+01,2.539000000000000000e+03
1.965084399999999789e+02,1.154898399999999867e+02,3.690937999999999874e+01,4.900000000000000000e+01,3.439000000000000000e+03
1.378771399999999971e+02,9.016120000000000800e+01,6.325733999999999924e+01,6.100000000000000000e+01,4.470000000000000000e+02
1.516131400000000156e+02,1.292747999999999919e+01,3.095291999999999888e+01,9.000000000000000000e+00,8.880000000000000000e+02
3.084095799999999485e+02,7.999146000000000356e+01,3.432435999999999865e+01,6.400000000000000000e+01,1.644000000000000000e+03
1.783758999999999730e+02,9.861360000000000525e+01,7.262671999999999173e+01,5.400000000000000000e+01,2.514000000000000000e+03
2.196556400000000053e+02,3.350631999999999522e+01,1.391007999999999889e+01,4.400000000000000000e+01,1.346000000000000000e+03
7.308095999999999037e+01,3.234555999999999898e+01,1.743622000000000227e+01,4.000000000000000000e+00,1.256000000000000000e+03
5.662121999999999389e+01,1.212504600000000039e+02,6.172190000000000509e+01,2.700000000000000000e+01,3.395000000000000000e+03
2.615239200000000324e+02,3.808883999999999759e+01,4.258057999999999055e+01,6.500000000000000000e+01,2.451000000000000000e+03
1.122119000000000000e+02,1.087228199999999845e+02,2.102627999999999986e+01,2.200000000000000000e+01,3.495000000000000000e+03
1.217999000000000080e+02,2.744514000000000209e+01,3.166249999999999787e+01,5.000000000000000000e+00,3.216000000000000000e+03
2.337387800000000198e+02,6.896934000000000253e+01,1.032681999999999967e+01,4.200000000000000000e+01,3.377000000000000000e+03
8.578879999999999484e+01,1.440205999999999875e+01,3.549055999999999500e+01,1.000000000000000000e+00,1.051000000000000000e+03
8.128040000000000020e+01,6.169707999999999970e+01,4.830209999999999582e+01,3.000000000000000000e+00,2.140000000000000000e+02
2.848387399999999730e+02,2.253417999999999921e+01,4.326057999999999737e+01,6.700000000000000000e+01,3.220000000000000000e+02
2.265287399999999707e+02,6.764231999999999800e+01,1.032681999999999967e+01,4.200000000000000000e+01,2.936000000000000000e+03
2.099132800000000145e+02,9.378185999999999467e+01,5.134781999999999869e+01,4.900000000000000000e+01,2.710000000000000000e+02
1.486337200000000109e+02,5.151033999999999935e+01,1.189115999999999929e+01,1.500000000000000000e+01,1.447000000000000000e+03
2.800073399999999992e+02,1.046091600000000028e+02,3.309797999999999973e+01,6.600000000000000000e+01,3.387000000000000000e+03
4.174587999999999965e+01,1.506845999999999819e+01,2.220097999999999772e+01,6.000000000000000000e+00,4.390000000000000000e+02
1.667203599999999994e+02,1.083348800000000125e+02,1.445543999999999940e+01,3.700000000000000000e+01,3.105000000000000000e+03
2.075220599999999820e+02,6.828900000000000148e+01,5.044239999999999213e+01,3.800000000000000000e+01,5.370000000000000000e+02
9.586198000000000263e+01,8.735313999999999623e+01,5.092383999999999844e+01,2.300000000000000000e+01,6.010000000000000000e+02
6.219280000000000541e+01,4.895999999999999375e+01,5.464479999999999649e+01,1.300000000000000000e+01,3.389000000000000000e+03
1.643491999999999962e+02,1.245824599999999975e+02,1.196425999999999945e+01,3.700000000000000000e+01,2.616000000000000000e+03
1.011942000000000093e+02,1.623248399999999947e+02,4.072826000000000590e+01,3.600000000000000000e+01,2.491000000000000000e+03
3.065711999999999904e+01,1.363416999999999746e+02,6.448134000000000299e+01,3.400000000000000000e+01,1.028000000000000000e+03
1.374422799999999825e+02,6.641389999999999816e+01,3.128985999999999734e+01,1.400000000000000000e+01,2.423000000000000000e+03
1.051766199999999856e+02,1.258305999999999969e+01,1.922019999999999840e+01,5.000000000000000000e+00,1.170000000000000000e+02
2.745357200000000262e+02,1.448753600000000006e+02,3.059456000000000131e+01,7.400000000000000000e+01,2.503000000000000000e+03
1.034235799999999870e+02,1.141706399999999917e+02,1.200675999999999810e+01,1.700000000000000000e+01,3.648000000000000000e+03
2.601856799999999907e+02,8.666225999999998919e+01,3.164991999999999805e+01,4.700000000000000000e+01,3.524000000000000000e+03
2.584418200000000070e+02,3.336113999999999891e+01,3.935636000000000223e+01,6.500000000000000000e+01,2.763000000000000000e+03
1.796522600000000125e+02,4.610909999999999798e+01,3.839755999999999858e+01,5.700000000000000000e+01,3.348000000000000000e+03
1.343207399999999723e+02,1.424096799999999803e+02,3.476261999999999830e+01,4.500000000000000000e+01,3.616000000000000000e+03
1.746059799999999882e+02,6.677021999999999480e+01,1.971625999999999834e+01,2.500000000000000000e+01,1.102000000000000000e+03
1.408242600000000095e+02,6.904142000000000223e+01,5.387062000000000239e+01,6.100000000000000000e+01,1.110000000000000000e+03
5.632610000000000383e+01,1.395067599999999857e+02,5.368430000000000035e+01,2.700000000000000000e+01,1.349000000000000000e+03
4.579051999999999367e+01,9.603299999999999059e+00,3.407480000000000331e+01,6.000000000000000000e+00,6.500000000000000000e+01
2.289264199999999789e+02,1.001129999999999995e+02,1.032681999999999967e+01,5.500000000000000000e+01,2.092000000000000000e+03
2.676939000000000419e+02,1.543599999999999852e+02,3.981705999999999790e+01,7.100000000000000000e+01,2.589000000000000000e+03
5.252353999999999701e+01,6.122957999999999856e+01,6.490497999999999479e+01,1.300000000000000000e+01,2.592000000000000000e+03
1.382885399999999834e+02,6.702420000000000755e+01,3.768593999999999511e+01,1.400000000000000000e+01,2.955000000000000000e+03
5.885399999999999210e+01,2.638705999999999818e+01,4.830481999999999942e+01,2.000000000000000000e+00,1.458000000000000000e+03
1.807654200000000060e+02,1.312304800000000000e+02,3.836423999999999523e+01,4.600000000000000000e+01,9.000000000000000000e+01
1.738147999999999911e+02,1.576869000000000085e+02,3.856959999999999411e+01,5.100000000000000000e+01,1.482000000000000000e+03
1.678950599999999724e+02,9.044033999999999196e+01,1.072461999999999982e+01,3.700000000000000000e+01,2.554000000000000000e+03
1.069466600000000085e+02,1.042606600000000014e+02,4.577488000000000312e+01,2.300000000000000000e+01,1.350000000000000000e+02
6.250627999999999673e+01,9.407187999999999306e+01,2.847125999999999735e+01,7.000000000000000000e+00,1.759000000000000000e+03
1.972030599999999936e+02,3.194095999999999691e+01,3.682233999999999696e+01,5.700000000000000000e+01,2.372000000000000000e+03
9.843510000000000559e+01,1.434555200000000070e+02,4.259451999999999572e+01,1.600000000000000000e+01,3.152000000000000000e+03
3.040827400000000011e+02,1.001282999999999959e+02,3.101989999999999981e+01,6.400000000000000000e+01,4.350000000000000000e+02
1.486374599999999759e+02,1.210287799999999976e+02,3.869505999999999801e+01,3.000000000000000000e+01,2.350000000000000000e+03
1.745389999999999873e+02,1.031427399999999892e+02,1.072461999999999982e+01,3.700000000000000000e+01,2.843000000000000000e+03
1.313647800000000245e+02,4.023798000000000030e+01,3.402584000000000231e+01,1.400000000000000000e+01,3.335000000000000000e+03
6.921244000000000085e+01,1.185185600000000079e+02,1.491342000000000034e+01,2.100000000000000000e+01,9.260000000000000000e+02
2.740774000000000115e+02,4.122500000000000142e+01,4.686593999999999482e+01,6.700000000000000000e+01,2.612000000000000000e+03
2.011181600000000174e+02,6.814517999999999631e+01,5.020915999999999713e+01,3.100000000000000000e+01,3.507000000000000000e+03
2.104355199999999968e+02,1.085960000000000036e+02,1.080452000000000012e+01,5.600000000000000000e+01,1.166000000000000000e+03
5.027137999999999352e+01,5.591299999999999670e+01,1.237055999999999933e+01,1.000000000000000000e+01,1.892000000000000000e+03
2.997732399999999870e+02,1.014437599999999975e+02,1.177181999999999995e+01,5.900000000000000000e+01,2.637000000000000000e+03
1.115152399999999915e+02,4.230008000000000123e+01,1.190645999999999916e+01,5.000000000000000000e+00,1.435000000000000000e+03
8.047357999999999834e+01,1.595188199999999767e+02,5.233484000000000691e+01,2.000000000000000000e+01,2.417000000000000000e+03
4.113320000000000221e+01,1.353914000000000151e+01,3.933800000000000097e+01,6.000000000000000000e+00,1.560000000000000000e+02
7.914689999999998804e+01,1.655004399999999976e+02,3.768968000000000274e+01,2.000000000000000000e+01,3.290000000000000000e+03
1.645661200000000122e+02,1.541070400000000120e+02,1.194998000000000005e+01,4.000000000000000000e+01,3.319000000000000000e+03
2.108492999999999995e+02,1.413815199999999948e+02,1.315527999999999942e+01,5.200000000000000000e+01,1.938000000000000000e+03
8.263223999999999592e+01,4.401912000000000091e+01,1.952245999999999881e+01,4.000000000000000000e+00,3.328000000000000000e+03
1.059575999999999851e+02,1.625540000000000020e+02,3.214428000000000196e+01,3.600000000000000000e+01,2.584000000000000000e+03
2.712214000000000169e+02,1.502354599999999891e+02,9.278259999999999508e+00,7.000000000000000000e+01,2.091000000000000000e+03
2.712577799999999684e+02,5.621661999999999182e+01,2.564212000000000202e+01,5.300000000000000000e+01,2.389000000000000000e+03
1.909865000000000066e+02,3.245333999999999719e+01,3.739455999999999847e+01,5.700000000000000000e+01,2.132000000000000000e+03
2.851345400000000154e+02,8.580715999999998189e+01,1.047982000000000014e+01,5.900000000000000000e+01,7.110000000000000000e+02
1.431165399999999863e+02,1.081696399999999869e+02,3.412001999999999668e+01,3.000000000000000000e+01,1.641000000000000000e+03
2.018073400000000106e+02,1.087245199999999983e+02,3.382489999999999952e+01,4.900000000000000000e+01,3.014000000000000000e+03
2.632762799999999856e+02,1.579296599999999842e+02,1.837190000000000012e+01,7.100000000000000000e+01,1.106000000000000000e+03
9.180714000000000397e+01,6.635439999999999827e+01,4.579766000000000048e+01,3.000000000000000000e+00,8.240000000000000000e+02
5.672491999999999024e+01,3.700798000000000343e+01,1.529932000000000158e+01,4.000000000000000000e+00,1.561000000000000000e+03
7.037931999999999277e+01,1.367286199999999781e+02,9.705300000000001148e+00,2.100000000000000000e+01,3.597000000000000000e+03
3.987962000000000273e+01,1.854937999999999931e+01,3.155471999999999611e+01,6.000000000000000000e+00,2.895000000000000000e+03
2.600455999999999790e+02,1.327927799999999934e+02,3.209736000000000189e+01,7.100000000000000000e+01,2.870000000000000000e+03
2.737945199999999772e+02,1.549257599999999968e+02,9.228960000000000719e+00,7.000000000000000000e+01,1.870000000000000000e+03
1.793846800000000030e+02,1.562119799999999827e+02,3.841115999999999531e+01,5.100000000000000000e+01,1.223000000000000000e+03
2.052787399999999991e+02,6.091371999999999787e+01,1.284588000000000108e+01,3.100000000000000000e+01,6.720000000000000000e+02
1.142223199999999963e+02,1.106975400000000036e+02,1.193195999999999835e+01,2.200000000000000000e+01,3.655000000000000000e+03
8.507106000000000279e+01,1.569470599999999934e+02,4.977667999999999893e+01,2.000000000000000000e+01,2.229000000000000000e+03
1.725329999999999870e+02,6.678483999999998844e+01,4.225825999999999993e+01,3.200000000000000000e+01,8.270000000000000000e+02
2.638430599999999799e+02,8.343055999999999983e+01,6.076174000000000319e+01,5.800000000000000000e+01,2.645000000000000000e+03
2.949530599999999936e+02,8.339656000000000802e+01,4.331769999999999499e+01,6.400000000000000000e+01,1.174000000000000000e+03
2.753843599999999583e+02,2.205613999999999919e+01,4.187814000000000192e+01,6.700000000000000000e+01,1.750000000000000000e+02
2.110903600000000040e+02,2.627553999999999945e+01,3.536918000000000006e+01,4.400000000000000000e+01,3.033000000000000000e+03
2.840550399999999627e+02,4.768806000000000012e+01,1.251234000000000002e+01,6.900000000000000000e+01,3.247000000000000000e+03
9.614043999999999812e+01,9.478077999999999292e+01,1.072563999999999851e+01,1.100000000000000000e+01,2.110000000000000000e+03
1.215414999999999992e+02,1.622949199999999905e+02,1.718291999999999931e+01,3.600000000000000000e+01,2.995000000000000000e+03
9.387536000000000058e+01,1.178375399999999900e+02,1.207781999999999911e+01,1.700000000000000000e+01,2.678000000000000000e+03
1.181833199999999948e+02,1.257425399999999911e+02,1.189150000000000063e+01,2.900000000000000000e+01,1.090000000000000000e+02
4.575618000000000052e+01,1.160831400000000002e+02,3.251623999999999626e+01,3.300000000000000000e+01,2.019000000000000000e+03
2.112538999999999874e+02,8.794711999999999819e+01,7.251112000000000535e+01,4.300000000000000000e+01,3.411000000000000000e+03
2.760419200000000046e+02,7.349541999999999575e+01,4.732833999999999719e+01,5.800000000000000000e+01,3.342000000000000000e+03
2.596753399999999488e+02,1.744608000000000203e+01,2.550339999999999918e+01,6.500000000000000000e+01,4.460000000000000000e+02
1.129201200000000114e+02,1.283364000000000082e+01,3.550926000000000471e+01,5.000000000000000000e+00,1.910000000000000000e+03
2.642677199999999971e+02,3.649016000000000304e+01,1.740119999999999933e+01,6.000000000000000000e+01,2.017000000000000000e+03
3.260926399999999603e+02,9.032881999999999323e+01,1.069503999999999877e+01,6.300000000000000000e+01,1.966000000000000000e+03
6.740703999999999496e+01,9.677385999999999910e+01,3.996665999999999741e+01,7.000000000000000000e+00,2.264000000000000000e+03
2.083951799999999821e+02,1.085960000000000036e+02,4.084555999999999898e+01,4.900000000000000000e+01,1.208000000000000000e+03
4.184311999999999898e+01,3.165841999999999601e+01,2.200343999999999767e+01,6.000000000000000000e+00,9.350000000000000000e+02
1.017620000000000005e+02,4.237760000000000105e+01,1.200947999999999993e+01,5.000000000000000000e+00,1.970000000000000000e+03
1.135100199999999973e+02,1.023362599999999958e+02,1.072529999999999895e+01,2.200000000000000000e+01,2.948000000000000000e+03
3.034710799999999722e+02,7.882491999999999166e+01,3.745474000000000103e+01,6.400000000000000000e+01,1.153000000000000000e+03
1.192985199999999963e+02,1.065570199999999943e+02,1.103504000000000040e+01,2.200000000000000000e+01,1.730000000000000000e+03
4.114204000000000150e+01,1.489519599999999855e+02,2.390302000000000149e+01,3.500000000000000000e+01,5.500000000000000000e+01
1.785618800000000306e+02,1.141536399999999816e+02,1.216417999999999999e+01,3.700000000000000000e+01,2.975000000000000000e+03
1.326265199999999709e+02,1.012169799999999924e+02,5.800977999999999213e+01,3.000000000000000000e+01,1.294000000000000000e+03
4.719573999999999359e+01,4.315891999999999484e+01,6.071482000000000312e+01,2.400000000000000000e+01,2.179000000000000000e+03
1.867881799999999828e+02,1.084753000000000043e+02,3.012638000000000460e+01,4.100000000000000000e+01,2.559000000000000000e+03
7.442225999999999431e+01,7.391259999999999764e+01,5.133388000000000062e+01,3.000000000000000000e+00,3.493000000000000000e+03
2.605940200000000004e+02,2.972109999999999985e+01,3.356241999999999592e+01,6.500000000000000000e+01,1.639000000000000000e+03
2.054704999999999870e+02,1.557621599999999944e+02,1.686876000000000175e+01,5.200000000000000000e+01,1.410000000000000000e+03
1.449151400000000081e+02,6.697795999999999594e+01,2.327265999999999835e+01,1.900000000000000000e+01,1.140000000000000000e+03
2.219754599999999982e+02,7.846349999999999625e+01,1.032681999999999967e+01,4.200000000000000000e+01,1.568000000000000000e+03
1.294842399999999998e+02,1.077524599999999992e+02,1.083273999999999937e+01,2.200000000000000000e+01,1.830000000000000000e+03
7.898913999999999191e+01,2.982003999999999877e+01,3.743909999999999627e+01,0.000000000000000000e+00,1.896000000000000000e+03
2.316923199999999952e+02,7.536950000000000216e+01,1.588616000000000206e+01,4.200000000000000000e+01,1.283000000000000000e+03
1.565917599999999936e+02,3.165977999999999781e+01,3.865323999999999671e+01,9.000000000000000000e+00,2.913000000000000000e+03
2.627190200000000004e+02,9.358907999999999561e+01,1.062363999999999997e+01,6.600000000000000000e+01,3.278000000000000000e+03
2.561624599999999532e+02,1.594419800000000009e+02,3.535898000000000252e+01,7.100000000000000000e+01,3.681000000000000000e+03
2.588858599999999797e+02,1.026732000000000085e+02,4.405379999999999541e+01,6.200000000000000000e+01,2.332000000000000000e+03
1.214435799999999972e+02,1.025477400000000046e+02,5.338442000000000576e+01,2.300000000000000000e+01,3.710000000000000000e+03
1.674887600000000134e+02,1.279742999999999853e+02,3.862433999999999656e+01,4.100000000000000000e+01,2.305000000000000000e+03
2.225045000000000357e+02,6.570908000000000015e+01,3.293138000000000432e+01,3.800000000000000000e+01,2.625000000000000000e+03
4.000542000000000087e+01,4.594079999999999586e+01,3.487957999999999714e+01,1.000000000000000000e+01,3.385000000000000000e+03
2.657915999999999599e+02,3.536578000000000088e+01,3.866411999999999694e+01,6.500000000000000000e+01,3.233000000000000000e+03
8.472120000000001028e+01,2.198780000000000001e+01,2.367828000000000088e+01,1.000000000000000000e+00,2.581000000000000000e+03
5.303285999999999945e+01,1.158679199999999980e+02,3.849887999999999977e+01,3.300000000000000000e+01,2.410000000000000000e+02
7.590228000000000463e+01,1.402856999999999914e+02,1.244127999999999901e+01,2.100000000000000000e+01,2.243000000000000000e+03
5.083917999999999893e+01,8.730179999999998941e+00,1.192685999999999957e+01,6.000000000000000000e+00,2.925000000000000000e+03
2.582265999999999906e+01,5.637709999999999155e+01,6.626667999999999381e+01,2.400000000000000000e+01,5.550000000000000000e+02
1.275561000000000007e+02,6.983804000000000656e+01,5.230288000000000181e+01,6.100000000000000000e+01,3.161000000000000000e+03
1.246021800000000042e+02,7.464087999999999568e+01,1.072496000000000116e+01,8.000000000000000000e+00,1.975000000000000000e+03
2.664399799999999914e+02,1.411108800000000087e+02,1.053557999999999950e+01,6.800000000000000000e+01,3.037000000000000000e+03
1.750942200000000071e+02,4.871553999999999718e+01,3.852846000000000259e+01,3.200000000000000000e+01,6.060000000000000000e+02
2.196818200000000161e+02,1.087098999999999904e+02,1.730328000000000088e+01,5.500000000000000000e+01,2.938000000000000000e+03
6.462958000000000425e+01,2.686713999999999558e+01,4.754764000000000124e+01,2.000000000000000000e+00,1.838000000000000000e+03
2.865526800000000094e+02,1.469194399999999803e+02,2.284222000000000463e+01,7.000000000000000000e+01,1.752000000000000000e+03
2.900604599999999778e+02,1.827295999999999765e+01,1.892337999999999809e+01,6.900000000000000000e+01,3.190000000000000000e+03
5.453531999999999869e+01,1.657357200000000148e+02,1.641928000000000054e+01,3.500000000000000000e+01,3.589000000000000000e+03
2.350596799999999860e+02,6.656383999999999901e+01,1.736448000000000036e+01,4.200000000000000000e+01,1.685000000000000000e+03
2.004752199999999789e+02,7.212555999999999301e+01,1.937897999999999854e+01,3.100000000000000000e+01,1.142000000000000000e+03
2.211108399999999961e+02,1.087068399999999997e+02,2.422398000000000096e+01,5.500000000000000000e+01,3.528000000000000000e+03
2.142408000000000001e+01,1.177736199999999940e+02,3.429172000000000509e+01,3.300000000000000000e+01,3.004000000000000000e+03
1.587307000000000130e+02,1.624350000000000023e+02,3.341655999999999693e+01,4.500000000000000000e+01,9.050000000000000000e+02
2.961525799999999435e+02,8.839047999999999661e+01,1.051891999999999960e+01,5.900000000000000000e+01,1.471000000000000000e+03
7.259476000000000795e+01,2.476287999999999556e+01,4.567219999999999658e+01,2.000000000000000000e+00,1.506000000000000000e+03
2.155151199999999960e+02,1.294009399999999914e+02,1.348474000000000039e+01,5.200000000000000000e+01,2.127000000000000000e+03
2.804554599999999596e+02,3.638101999999999947e+01,1.043426000000000009e+01,6.000000000000000000e+01,2.670000000000000000e+02
1.626461400000000026e+02,7.454737999999998976e+01,6.648087999999999909e+01,5.400000000000000000e+01,5.510000000000000000e+02
1.391942999999999984e+02,2.631497999999999493e+01,3.866853999999999303e+01,9.000000000000000000e+00,8.610000000000000000e+02
2.814101800000000253e+02,3.698519999999999897e+01,3.974871999999999872e+01,6.700000000000000000e+01,2.076000000000000000e+03
1.045088599999999985e+02,9.313347999999999161e+01,1.072563999999999851e+01,2.200000000000000000e+01,3.636000000000000000e+03
2.223644199999999671e+02,6.656383999999999901e+01,3.959741999999999962e+01,3.800000000000000000e+01,1.054000000000000000e+03
1.192828799999999916e+02,1.282887999999999984e+01,3.295721999999999952e+01,5.000000000000000000e+00,1.969000000000000000e+03
6.250627999999999673e+01,9.744433999999999685e+01,2.362014000000000280e+01,1.100000000000000000e+01,1.003000000000000000e+03
4.831060000000000088e+01,7.430495999999999412e+01,5.687520000000000664e+01,1.300000000000000000e+01,1.050000000000000000e+03
1.775677199999999800e+02,3.854342000000000468e+01,1.212542000000000009e+01,5.000000000000000000e+01,8.430000000000000000e+02
9.772925999999999647e+01,1.239639999999999986e+02,4.291105999999999199e+01,1.600000000000000000e+01,2.954000000000000000e+03
1.213286600000000135e+02,5.981484000000000378e+01,3.232516000000000389e+01,1.400000000000000000e+01,9.220000000000000000e+02
3.257064000000000306e+02,8.497552000000000305e+01,1.069231999999999871e+01,6.300000000000000000e+01,2.304000000000000000e+03
3.292770800000000122e+02,8.605570000000000164e+01,1.621527999999999992e+01,6.300000000000000000e+01,2.668000000000000000e+03
3.059959200000000124e+02,8.098868000000000222e+01,1.809820000000000206e+01,6.300000000000000000e+01,2.468000000000000000e+03
1.603174799999999891e+02,8.640216000000000918e+01,1.072461999999999982e+01,1.900000000000000000e+01,3.287000000000000000e+03
1.068766199999999884e+02,1.563496800000000064e+02,1.195915999999999890e+01,3.600000000000000000e+01,2.960000000000000000e+03
2.250511000000000195e+02,1.261148399999999867e+02,2.303907999999999845e+01,5.200000000000000000e+01,2.856000000000000000e+03
2.602094799999999282e+02,3.591454000000000235e+01,3.246354000000000184e+01,6.500000000000000000e+01,4.180000000000000000e+02
2.053205599999999720e+02,1.520469800000000191e+02,3.608113999999999777e+01,5.200000000000000000e+01,2.100000000000000000e+01
1.901273199999999690e+02,4.331667999999999097e+01,3.749962000000000018e+01,5.700000000000000000e+01,3.618000000000000000e+03
2.601849999999999952e+01,4.776796000000000220e+01,6.811049999999998761e+01,2.400000000000000000e+01,4.950000000000000000e+02
6.343312000000000239e+01,3.519340000000000401e+01,4.874987999999999744e+01,2.000000000000000000e+00,2.544000000000000000e+03
2.702017399999999725e+02,1.318247999999999820e+02,1.977270000000000039e+01,6.800000000000000000e+01,8.640000000000000000e+02
5.621492000000000644e+01,1.295886199999999917e+02,6.304211999999998994e+01,2.700000000000000000e+01,3.355000000000000000e+03
1.536538199999999961e+02,1.295331999999999972e+01,3.716913999999999874e+01,9.000000000000000000e+00,2.336000000000000000e+03
1.342469599999999730e+02,5.194758000000000209e+01,3.606073999999999558e+01,1.400000000000000000e+01,2.553000000000000000e+03
1.922846200000000181e+02,2.646627999999999759e+01,3.727113999999999550e+01,5.700000000000000000e+01,1.178000000000000000e+03
1.386673000000000116e+02,1.623292600000000050e+02,2.863480000000000203e+01,3.600000000000000000e+01,3.682000000000000000e+03
2.083744399999999928e+02,1.041807600000000065e+02,2.114119999999999777e+01,5.600000000000000000e+01,2.212000000000000000e+03
1.705575999999999794e+02,5.024349999999999739e+01,1.196425999999999945e+01,2.500000000000000000e+01,7.360000000000000000e+02
1.450059199999999748e+02,1.040284400000000034e+02,1.072461999999999982e+01,3.700000000000000000e+01,3.320000000000000000e+02
8.257341999999999871e+01,1.571306600000000060e+02,4.371753999999999962e+01,2.000000000000000000e+01,2.525000000000000000e+03
1.536422599999999932e+02,7.955592000000000041e+01,1.072461999999999982e+01,1.900000000000000000e+01,2.959000000000000000e+03
2.851681999999999562e+02,1.653827999999999676e+01,1.982948000000000022e+01,6.900000000000000000e+01,2.723000000000000000e+03
1.550964400000000012e+02,1.082536199999999837e+02,2.675459999999999994e+01,3.700000000000000000e+01,7.090000000000000000e+02
2.064847199999999816e+02,6.656383999999999901e+01,1.241747999999999941e+01,3.100000000000000000e+01,8.160000000000000000e+02
3.470006000000000057e+01,1.136875000000000000e+02,6.316213999999999373e+01,3.900000000000000000e+01,1.163000000000000000e+03
8.920171999999999457e+01,1.865444000000000102e+01,3.594140000000000157e+01,1.000000000000000000e+00,1.317000000000000000e+03
2.546219200000000171e+02,1.011255200000000087e+02,5.604492000000000473e+01,6.200000000000000000e+01,1.860000000000000000e+02
1.947948400000000220e+02,3.648438000000000159e+01,1.240388000000000090e+01,5.000000000000000000e+01,5.200000000000000000e+01
4.711141999999999541e+01,1.426116399999999942e+02,6.933552000000000248e+01,2.700000000000000000e+01,3.499000000000000000e+03
1.783449599999999862e+02,1.381542399999999873e+02,1.214649999999999963e+01,5.100000000000000000e+01,2.659000000000000000e+03
1.522142599999999959e+02,6.639689999999998804e+01,2.316216000000000008e+01,1.900000000000000000e+01,2.381000000000000000e+03
3.062312000000000012e+01,4.109512000000000143e+01,6.449255999999999744e+01,2.400000000000000000e+01,9.410000000000000000e+02
2.581089599999999677e+02,7.119599999999999795e+01,5.424699999999999989e+01,5.800000000000000000e+01,2.430000000000000000e+03
1.688467200000000048e+02,4.252923999999999438e+01,3.861991999999999337e+01,3.200000000000000000e+01,3.540000000000000000e+03
8.577791999999999462e+01,3.960795999999999850e+01,4.937989999999999924e+01,0.000000000000000000e+00,4.640000000000000000e+02
1.762196200000000204e+02,2.770387999999999806e+01,1.208223999999999876e+01,5.000000000000000000e+01,1.507000000000000000e+03
8.025122000000000355e+01,1.185185600000000079e+02,2.630512000000000228e+01,2.100000000000000000e+01,3.070000000000000000e+02
2.274501399999999762e+02,7.306770000000000209e+01,1.833211999999999975e+01,4.200000000000000000e+01,9.150000000000000000e+02
1.357154199999999946e+02,1.622799599999999884e+02,3.732077999999999918e+01,3.600000000000000000e+01,2.059000000000000000e+03
4.265809999999999746e+01,1.381919800000000009e+02,2.057441999999999638e+01,2.800000000000000000e+01,9.940000000000000000e+02
9.276424000000001513e+01,9.508508000000000493e+01,4.871927999999999770e+01,2.300000000000000000e+01,2.870000000000000000e+02
8.454100000000001103e+01,1.933036000000000243e+01,3.997652000000000072e+01,1.000000000000000000e+00,1.528000000000000000e+03
7.756658000000000186e+01,1.380277600000000007e+02,2.488357999999999848e+01,2.100000000000000000e+01,2.999000000000000000e+03
2.116448999999999785e+02,6.656383999999999901e+01,2.006917999999999935e+01,4.200000000000000000e+01,2.670000000000000000e+03
2.243748399999999776e+02,8.420201999999999032e+01,1.290333999999999826e+01,4.200000000000000000e+01,3.062000000000000000e+03
8.009311999999999898e+01,1.425959999999999752e+02,2.886702000000000368e+01,1.600000000000000000e+01,9.870000000000000000e+02
1.050480999999999909e+02,7.729661999999999011e+01,1.072563999999999851e+01,8.000000000000000000e+00,2.171000000000000000e+03
5.017787999999999471e+01,1.185188999999999879e+02,1.867653999999999925e+01,3.300000000000000000e+01,1.396000000000000000e+03
2.843491399999999771e+02,1.603011599999999817e+02,4.357507999999999981e+01,7.400000000000000000e+01,3.383000000000000000e+03
1.893514399999999682e+02,1.084933199999999971e+02,4.291854000000000013e+01,4.100000000000000000e+01,2.918000000000000000e+03
2.262866599999999551e+02,1.085960000000000036e+02,1.783164000000000016e+01,5.500000000000000000e+01,1.622000000000000000e+03
1.961854399999999998e+02,9.794719999999999516e+01,7.606479999999999109e+01,4.800000000000000000e+01,1.812000000000000000e+03
1.947537000000000091e+02,1.312553000000000054e+02,1.240592000000000006e+01,4.600000000000000000e+01,2.233000000000000000e+03
9.976959999999998274e+01,1.301652599999999893e+02,1.202580000000000027e+01,2.900000000000000000e+01,9.230000000000000000e+02
2.132578599999999938e+02,5.982810000000000628e+01,3.510873999999999739e+01,3.800000000000000000e+01,2.919000000000000000e+03
1.351907999999999959e+02,1.375976599999999905e+02,1.190374000000000088e+01,4.000000000000000000e+01,1.292000000000000000e+03
2.874954999999999359e+02,3.586728000000000094e+01,2.919919999999999760e+01,6.900000000000000000e+01,3.790000000000000000e+02
2.280206600000000208e+02,1.085963399999999837e+02,4.516151999999999589e+01,4.900000000000000000e+01,2.564000000000000000e+03
5.452240000000000464e+01,1.247255999999999858e+02,9.978999999999999204e+00,2.800000000000000000e+01,6.300000000000000000e+02
1.599934599999999989e+02,1.085490799999999894e+02,3.124633999999999645e+01,3.700000000000000000e+01,9.000000000000000000e+02
1.843752000000000066e+02,3.216161999999999210e+01,3.808612000000000108e+01,5.700000000000000000e+01,1.451000000000000000e+03
1.463910799999999881e+02,1.137616199999999935e+02,3.869438000000000244e+01,3.000000000000000000e+01,1.431000000000000000e+03
2.036684999999999945e+02,1.873433999999999955e+01,2.247332000000000107e+01,4.400000000000000000e+01,2.463000000000000000e+03
3.122379799999999932e+02,1.432760000000000105e+02,1.731212000000000018e+01,7.300000000000000000e+01,4.600000000000000000e+02
6.381255999999999773e+01,5.069943999999999562e+01,1.502222000000000079e+01,4.000000000000000000e+00,1.189000000000000000e+03
1.392194599999999980e+02,6.238626000000000005e+01,1.191903999999999897e+01,1.900000000000000000e+01,4.000000000000000000e+02
2.517931199999999876e+02,1.064482199999999921e+02,3.461778000000000333e+01,6.200000000000000000e+01,2.156000000000000000e+03
2.645393799999999942e+02,1.416528399999999976e+02,3.768321999999999861e+01,7.100000000000000000e+01,3.654000000000000000e+03
1.312097399999999823e+02,1.989781999999999940e+01,1.194250000000000078e+01,9.000000000000000000e+00,2.310000000000000000e+03
8.475621999999999900e+01,1.282564999999999884e+02,4.995041999999999405e+01,1.600000000000000000e+01,1.937000000000000000e+03
5.459720000000000084e+01,4.400653999999999400e+01,5.318721999999998928e+01,2.000000000000000000e+00,3.638000000000000000e+03
1.875644000000000062e+02,1.602715800000000002e+02,3.698622000000000298e+01,5.100000000000000000e+01,4.490000000000000000e+02
8.470691999999999666e+01,7.519678000000000395e+01,5.518574000000000268e+01,3.000000000000000000e+00,3.578000000000000000e+03
2.524843399999999747e+02,6.951912000000000091e+01,3.921254000000000417e+01,5.800000000000000000e+01,5.120000000000000000e+02
7.416487999999999658e+01,1.187347999999999928e+02,1.828180000000000049e+01,2.100000000000000000e+01,6.380000000000000000e+02
4.813073999999999586e+01,1.532475200000000086e+02,2.263005999999999673e+01,3.500000000000000000e+01,4.750000000000000000e+02
2.140327199999999834e+02,5.197546000000000532e+01,1.334873999999999938e+01,4.400000000000000000e+01,1.572000000000000000e+03
2.793229200000000105e+02,7.181615999999999644e+01,2.458166000000000295e+01,5.300000000000000000e+01,1.040000000000000000e+03
6.309584000000000259e+01,2.070463999999999771e+01,1.417799999999999905e+01,6.000000000000000000e+00,2.382000000000000000e+03
2.737710599999999772e+02,4.768806000000000012e+01,1.170721999999999952e+01,6.000000000000000000e+01,2.786000000000000000e+03
2.585339599999999791e+02,1.324877999999999929e+02,1.661681999999999704e+01,6.800000000000000000e+01,2.788000000000000000e+03
2.923405000000000200e+02,2.960788000000000508e+01,3.062719999999999487e+01,6.900000000000000000e+01,2.126000000000000000e+03
1.291439000000000021e+02,6.079675999999999902e+01,1.190918000000000099e+01,1.900000000000000000e+01,4.380000000000000000e+02
1.626607600000000105e+02,3.394594000000000023e+01,1.195610000000000106e+01,1.500000000000000000e+01,2.529000000000000000e+03
1.479877199999999959e+02,1.407440200000000061e+02,1.190883999999999965e+01,4.000000000000000000e+01,2.575000000000000000e+03
1.441276999999999759e+02,1.374211999999999989e+02,3.653130000000000166e+01,4.500000000000000000e+01,3.316000000000000000e+03
1.345169199999999989e+02,2.486827999999999861e+01,3.672034000000000020e+01,9.000000000000000000e+00,6.420000000000000000e+02
2.194285200000000202e+02,1.130605400000000031e+02,1.390056000000000047e+01,5.500000000000000000e+01,2.411000000000000000e+03
2.169573999999999785e+02,1.389892799999999795e+02,1.363025999999999804e+01,5.200000000000000000e+01,1.805000000000000000e+03
7.902483999999999753e+01,1.271572800000000001e+02,3.095666000000000295e+01,1.600000000000000000e+01,8.950000000000000000e+02
2.312244799999999714e+02,8.013051999999998998e+01,5.582493999999999801e+01,4.300000000000000000e+01,9.800000000000000000e+01
3.464158000000000470e+01,7.304594000000000165e+01,6.736862000000000705e+01,1.800000000000000000e+01,9.730000000000000000e+02
1.049365799999999922e+02,7.859372000000000469e+01,5.173134000000000299e+01,2.300000000000000000e+01,1.295000000000000000e+03
2.548351000000000397e+02,1.477357799999999770e+02,2.573051999999999495e+01,7.100000000000000000e+01,1.156000000000000000e+03
1.750612399999999980e+02,6.657675999999999306e+01,3.422678000000000509e+01,3.200000000000000000e+01,3.200000000000000000e+01
2.043229999999999791e+02,1.049630999999999972e+02,4.418334000000000117e+01,4.900000000000000000e+01,6.360000000000000000e+02
2.594604599999999550e+02,7.440185999999999922e+01,3.495540000000000447e+01,5.800000000000000000e+01,3.660000000000000000e+02
4.757211999999999108e+01,1.598679999999999879e+01,3.682947999999999666e+01,6.000000000000000000e+00,2.869000000000000000e+03
5.313383999999999929e+01,1.450613400000000013e+02,4.576536000000000115e+01,2.700000000000000000e+01,1.128000000000000000e+03
2.046633400000000051e+02,1.139387600000000020e+02,1.281017999999999901e+01,5.600000000000000000e+01,1.649000000000000000e+03
2.767463999999999942e+02,5.589430000000000831e+01,3.170738000000000412e+01,5.300000000000000000e+01,2.404000000000000000e+03
1.859796599999999955e+02,1.547101999999999862e+02,3.794229999999999592e+01,4.600000000000000000e+01,1.020000000000000000e+03
1.424739399999999989e+02,1.064438000000000102e+02,5.331233999999999895e+01,3.000000000000000000e+01,3.018000000000000000e+03
4.358459999999999468e+01,1.451834000000000024e+01,4.420781999999999812e+01,2.000000000000000000e+00,2.505000000000000000e+03
4.287944000000000244e+01,5.223011999999999944e+01,2.020042000000000115e+01,1.000000000000000000e+01,1.139000000000000000e+03
2.157075600000000009e+02,6.439939999999999998e+01,1.351398000000000010e+01,4.200000000000000000e+01,2.801000000000000000e+03
7.551909999999999457e+01,1.320951000000000022e+02,4.318509999999999849e+01,1.600000000000000000e+01,1.501000000000000000e+03
3.986670000000000158e+01,5.214069999999999538e+01,3.315884000000000498e+01,1.000000000000000000e+01,2.454000000000000000e+03
1.678066599999999937e+02,1.034650600000000082e+02,1.072461999999999982e+01,3.700000000000000000e+01,2.746000000000000000e+03
5.074873999999999796e+01,1.185855400000000088e+02,6.041459999999999297e+01,3.900000000000000000e+01,1.615000000000000000e+03
1.983444400000000201e+02,6.660396000000000072e+01,3.249175999999999931e+01,3.100000000000000000e+01,2.362000000000000000e+03
3.126381599999999708e+02,1.204997399999999885e+02,1.539724000000000004e+01,7.300000000000000000e+01,3.020000000000000000e+03
5.130361999999999512e+01,1.861635999999999669e+01,5.149538000000000437e+01,2.000000000000000000e+00,1.172000000000000000e+03
6.603072000000000230e+01,3.249958000000000169e+01,1.718258000000000152e+01,4.000000000000000000e+00,1.822000000000000000e+03
1.787026399999999740e+02,9.594323999999998875e+01,1.072461999999999982e+01,5.600000000000000000e+01,3.530000000000000000e+03
8.958727999999999270e+01,1.436748200000000111e+02,3.396293999999999613e+01,1.600000000000000000e+01,3.601000000000000000e+03
2.664970999999999890e+02,2.709392000000000067e+01,4.556714000000000198e+01,6.500000000000000000e+01,3.299000000000000000e+03
1.683108799999999974e+02,3.557895999999999503e+01,1.195711999999999975e+01,5.000000000000000000e+01,2.429000000000000000e+03
2.012541599999999846e+02,1.570623199999999997e+02,2.273137999999999792e+01,5.100000000000000000e+01,7.320000000000000000e+02
2.043053199999999947e+02,4.563785999999999632e+01,3.619571999999999434e+01,4.400000000000000000e+01,4.790000000000000000e+02
1.678583399999999983e+02,7.587202000000000623e+01,6.911180000000000234e+01,5.400000000000000000e+01,2.990000000000000000e+02
1.398980999999999995e+02,5.566003999999999508e+01,1.189591999999999850e+01,1.500000000000000000e+01,2.643000000000000000e+03
2.454949600000000203e+02,1.086150400000000076e+02,3.194266000000000005e+01,6.200000000000000000e+01,2.196000000000000000e+03
6.387342000000000297e+01,4.478955999999999449e+01,1.534827999999999903e+01,4.000000000000000000e+00,1.019000000000000000e+03
3.091269800000000032e+02,3.695596000000000458e+01,1.665149999999999864e+01,7.200000000000000000e+01,2.660000000000000000e+02
1.730824400000000196e+02,1.452847199999999930e+02,1.199520000000000053e+01,5.100000000000000000e+01,2.835000000000000000e+03
8.806408000000000413e+01,7.227209999999999468e+01,2.859298000000000073e+01,3.000000000000000000e+00,1.834000000000000000e+03
1.941998399999999947e+02,6.693648000000000309e+01,4.796175999999999817e+01,3.100000000000000000e+01,3.084000000000000000e+03
1.976001800000000230e+02,8.251698000000000377e+01,7.312890000000000157e+01,4.800000000000000000e+01,1.918000000000000000e+03
2.818249799999999823e+02,1.572149799999999971e+02,3.922308000000000305e+01,7.400000000000000000e+01,3.086000000000000000e+03
1.945711199999999792e+02,9.486918000000001427e+01,8.014140000000000441e+01,4.800000000000000000e+01,2.134000000000000000e+03
1.353757600000000139e+02,6.704460000000000264e+01,2.501379999999999626e+01,1.900000000000000000e+01,2.677000000000000000e+03
2.876474800000000300e+02,1.404512799999999970e+02,4.062353999999999843e+01,7.400000000000000000e+01,2.783000000000000000e+03
8.577452000000000965e+01,2.869395999999999702e+01,2.773958000000000368e+01,1.000000000000000000e+00,5.100000000000000000e+01
3.134976800000000026e+02,1.502004399999999862e+02,1.375197999999999787e+01,7.300000000000000000e+01,5.580000000000000000e+02
2.019960399999999936e+02,9.231475999999999260e+01,8.092543999999999471e+01,4.800000000000000000e+01,3.688000000000000000e+03
7.499209999999999354e+01,1.347114000000000189e+01,4.330953999999999837e+01,2.000000000000000000e+00,2.634000000000000000e+03
1.061558199999999914e+02,1.619627399999999966e+02,3.913161999999999807e+01,3.600000000000000000e+01,2.239000000000000000e+03
2.745887600000000361e+02,2.095657999999999888e+01,9.236439999999999984e+00,6.000000000000000000e+01,3.267000000000000000e+03
1.310444999999999993e+02,8.883248000000000388e+01,1.072461999999999982e+01,2.200000000000000000e+01,2.522000000000000000e+03
1.071173399999999987e+02,3.523691999999999780e+01,3.907789999999999964e+01,5.000000000000000000e+00,2.890000000000000000e+03
2.787126200000000154e+02,4.656333999999998952e+01,1.478829999999999956e+01,6.000000000000000000e+01,7.500000000000000000e+01
1.196344399999999979e+02,1.087153399999999976e+02,1.672425999999999746e+01,2.200000000000000000e+01,1.335000000000000000e+03
1.899257000000000062e+02,1.290922199999999975e+02,1.231785999999999781e+01,4.600000000000000000e+01,3.009000000000000000e+03
2.351042199999999696e+02,8.524411999999999523e+01,1.276496000000000031e+01,4.200000000000000000e+01,3.314000000000000000e+03
1.309931599999999889e+02,6.998253999999998598e+01,1.072461999999999982e+01,1.900000000000000000e+01,6.830000000000000000e+02
7.156422000000000594e+01,1.485283200000000079e+02,5.311343999999999710e+01,2.000000000000000000e+01,1.408000000000000000e+03
5.213559999999999661e+01,2.444294000000000011e+01,5.198837999999999937e+01,2.000000000000000000e+00,2.833000000000000000e+03
1.429142400000000066e+02,1.128973399999999998e+02,1.191802000000000028e+01,3.700000000000000000e+01,6.450000000000000000e+02
5.498004000000000246e+01,1.604891800000000046e+02,4.685777999999999821e+01,3.500000000000000000e+01,3.106000000000000000e+03
9.292098000000000013e+01,1.034613200000000006e+02,2.021979999999999933e+01,1.700000000000000000e+01,2.538000000000000000e+03
1.673881199999999865e+02,2.382957999999999643e+01,3.861753999999999820e+01,5.700000000000000000e+01,3.386000000000000000e+03
1.828149400000000071e+02,1.457600399999999752e+02,1.225767999999999880e+01,5.100000000000000000e+01,1.881000000000000000e+03
2.443885999999999967e+02,6.700141999999999598e+01,4.758503999999999934e+01,5.800000000000000000e+01,1.539000000000000000e+03
2.212930800000000033e+02,7.422063999999998885e+01,6.483426000000000045e+01,4.300000000000000000e+01,4.680000000000000000e+02
1.114744400000000013e+02,6.431950000000000500e+01,1.194930000000000092e+01,8.000000000000000000e+00,1.678000000000000000e+03
1.742972599999999659e+02,1.209515999999999849e+02,1.204110000000000014e+01,3.700000000000000000e+01,2.979000000000000000e+03
3.685260000000000247e+01,1.263579399999999850e+02,6.716291999999998552e+01,3.400000000000000000e+01,7.850000000000000000e+02
2.802133799999999724e+02,3.343900000000000006e+01,3.516755999999999460e+01,6.700000000000000000e+01,1.956000000000000000e+03
1.431998399999999947e+02,5.244500000000000028e+01,3.867533999999999850e+01,3.200000000000000000e+01,2.051000000000000000e+03
1.965777999999999679e+02,1.420917800000000000e+02,1.246983999999999959e+01,5.200000000000000000e+01,2.753000000000000000e+03
1.019364199999999983e+02,1.833483999999999980e+01,4.120969999999999800e+01,5.000000000000000000e+00,3.208000000000000000e+03
3.149974199999999769e+02,5.963362000000000052e+01,1.705745999999999896e+01,7.200000000000000000e+01,3.081000000000000000e+03
2.523449399999999798e+02,7.197086000000000183e+01,5.017889999999999873e+01,5.800000000000000000e+01,2.031000000000000000e+03
2.063497399999999971e+02,6.948138000000000147e+01,3.824830000000000041e+01,3.100000000000000000e+01,2.479000000000000000e+03
1.212246199999999874e+02,1.134389599999999803e+02,1.191394000000000020e+01,2.200000000000000000e+01,1.900000000000000000e+03
5.128491999999999962e+01,1.453125999999999749e+02,5.148449999999999704e+01,2.700000000000000000e+01,9.080000000000000000e+02
1.067603399999999851e+02,4.521762000000000370e+01,1.197343999999999831e+01,8.000000000000000000e+00,3.289000000000000000e+03
5.415554000000000201e+01,1.118399399999999986e+02,3.149794000000000338e+01,3.300000000000000000e+01,1.518000000000000000e+03
2.649708399999999529e+02,1.435330399999999713e+02,1.685210000000000008e+01,7.100000000000000000e+01,4.440000000000000000e+02
1.302845999999999833e+02,1.284825999999999979e+01,1.856297999999999959e+01,9.000000000000000000e+00,2.087000000000000000e+03
4.298993999999999716e+01,5.243786000000000058e+01,6.119557999999999964e+01,2.400000000000000000e+01,2.285000000000000000e+03
3.157739799999999946e+02,3.257811999999999841e+01,1.451017999999999830e+01,7.200000000000000000e+01,9.200000000000000000e+01
4.092205999999999477e+01,3.103791999999999973e+01,3.855259999999999820e+01,1.000000000000000000e+01,3.307000000000000000e+03
4.033725999999999345e+01,1.424273599999999931e+02,6.997335999999998535e+01,3.400000000000000000e+01,9.850000000000000000e+02
1.001775999999999982e+02,1.200839200000000062e+02,1.202851999999999855e+01,1.700000000000000000e+01,3.228000000000000000e+03
4.927416000000000196e+01,3.301637999999999806e+01,2.093108000000000146e+01,6.000000000000000000e+00,1.496000000000000000e+03
6.943276000000000181e+01,1.270073399999999992e+02,5.373461999999999961e+01,2.700000000000000000e+01,2.827000000000000000e+03
1.311458199999999863e+02,1.592515800000000183e+02,3.868077999999999861e+01,3.600000000000000000e+01,2.385000000000000000e+03
9.103159999999998320e+01,4.113286000000000087e+01,4.627195999999999287e+01,0.000000000000000000e+00,1.035000000000000000e+03
3.096301799999999957e+02,9.789143999999998869e+01,2.993564000000000291e+01,6.300000000000000000e+01,1.062000000000000000e+03
2.250511000000000195e+02,4.953459999999999752e+01,3.023279999999999745e+01,3.800000000000000000e+01,3.369000000000000000e+03
8.232862000000000080e+01,5.020134000000000185e+01,4.684723999999999222e+01,0.000000000000000000e+00,1.638000000000000000e+03
1.648795999999999822e+02,1.924094000000000193e+01,3.862740000000000151e+01,5.700000000000000000e+01,3.512000000000000000e+03
8.839218000000001041e+01,1.388927199999999971e+02,3.843054000000000059e+01,1.600000000000000000e+01,3.072000000000000000e+03
2.122388799999999947e+02,5.876152000000000442e+01,1.324809999999999910e+01,4.200000000000000000e+01,3.142000000000000000e+03
9.791796000000000788e+01,3.027801999999999438e+01,4.280701999999999430e+01,0.000000000000000000e+00,1.165000000000000000e+03
7.132859999999999445e+01,1.158152200000000107e+02,3.205859999999999843e+01,1.200000000000000000e+01,1.331000000000000000e+03
8.641440000000000055e+01,8.213584000000000174e+01,1.072597999999999985e+01,1.100000000000000000e+01,2.180000000000000000e+03
1.731708399999999699e+02,1.083801000000000130e+02,3.286542000000000030e+01,4.100000000000000000e+01,3.146000000000000000e+03
2.250511000000000195e+02,5.103264000000000067e+01,1.982879999999999754e+01,4.400000000000000000e+01,1.618000000000000000e+03
9.273534000000000788e+01,1.571343999999999994e+02,4.519348000000000098e+01,2.000000000000000000e+01,3.103000000000000000e+03
1.471142600000000016e+02,5.807981999999999800e+01,3.869369999999999976e+01,3.200000000000000000e+01,1.688000000000000000e+03
3.551129999999999853e+01,1.348337999999999965e+02,6.292209999999999326e+01,3.400000000000000000e+01,7.740000000000000000e+02
6.250627999999999673e+01,8.110733999999999355e+01,1.716727999999999810e+01,1.100000000000000000e+01,2.184000000000000000e+03
7.790895999999999333e+01,1.412659199999999942e+02,4.013869999999999294e+01,1.600000000000000000e+01,1.363000000000000000e+03
1.188939200000000085e+02,1.087449200000000076e+02,3.340635999999999939e+01,2.200000000000000000e+01,2.320000000000000000e+02
5.049033999999999622e+01,5.006738000000000000e+01,1.212406000000000184e+01,1.000000000000000000e+01,2.245000000000000000e+03
7.658227999999999724e+01,3.032426000000000244e+01,4.225690000000000168e+01,0.000000000000000000e+00,1.714000000000000000e+03
8.912555999999997880e+01,1.584729799999999784e+02,3.633274000000000115e+01,2.600000000000000000e+01,2.000000000000000000e+01
1.233812399999999769e+02,1.447298399999999958e+02,3.195489999999999853e+01,3.600000000000000000e+01,3.900000000000000000e+01
9.891993999999999687e+01,2.412062000000000239e+01,1.202069999999999972e+01,5.000000000000000000e+00,9.310000000000000000e+02
1.221565599999999847e+02,4.584253999999999962e+01,3.172199999999999775e+01,1.400000000000000000e+01,3.399000000000000000e+03
2.805611999999999853e+02,2.724555999999999401e+01,3.914827999999999264e+01,6.700000000000000000e+01,5.880000000000000000e+02
1.403594800000000191e+02,7.890617999999999199e+01,6.267832000000000647e+01,6.100000000000000000e+01,9.320000000000000000e+02
1.701934600000000160e+02,5.431703999999999866e+01,3.863147999999999627e+01,3.200000000000000000e+01,3.930000000000000000e+02
6.640879999999999939e+01,2.483223999999999876e+01,1.570800000000000018e+01,4.000000000000000000e+00,3.080000000000000000e+03
2.792460800000000063e+02,6.616468000000000416e+01,2.467754000000000048e+01,5.300000000000000000e+01,1.230000000000000000e+03
2.089755600000000015e+02,1.328060399999999959e+02,3.561840000000000117e+01,5.200000000000000000e+01,5.270000000000000000e+02
2.875522799999999961e+02,1.539666200000000060e+02,4.071737999999999857e+01,7.400000000000000000e+01,3.588000000000000000e+03
2.294316599999999937e+02,6.656383999999999901e+01,1.731517999999999802e+01,4.200000000000000000e+01,1.325000000000000000e+03
5.152121999999999957e+01,1.291986400000000117e+02,6.037312000000000722e+01,2.700000000000000000e+01,3.123000000000000000e+03
2.250511000000000195e+02,1.211100400000000121e+02,2.494851999999999848e+01,5.500000000000000000e+01,3.110000000000000000e+02
7.802320000000000277e+01,1.483443800000000010e+02,3.702906000000000120e+01,2.000000000000000000e+01,1.290000000000000000e+02
3.865017999999999887e+01,1.156476000000000113e+02,6.697455999999999676e+01,3.900000000000000000e+01,8.220000000000000000e+02
1.679467399999999770e+02,1.442606399999999951e+02,3.860325999999999880e+01,4.500000000000000000e+01,2.561000000000000000e+03
9.333577999999999975e+01,4.477664000000000044e+01,1.470908000000000015e+01,4.000000000000000000e+00,2.240000000000000000e+02
1.447366399999999942e+02,1.568685199999999895e+02,1.194692000000000043e+01,4.000000000000000000e+01,3.670000000000000000e+02
7.484827999999998838e+01,8.500000000000000000e+00,5.056445999999998975e+01,2.000000000000000000e+00,2.734000000000000000e+03
1.504091999999999985e+02,5.389272000000000418e+01,3.869675999999999760e+01,3.200000000000000000e+01,1.923000000000000000e+03
2.002294000000000267e+02,5.444283999999999679e+01,1.261909999999999954e+01,3.100000000000000000e+01,1.040000000000000000e+02
7.461470000000001335e+01,7.385173999999999239e+01,2.192864000000000146e+01,1.100000000000000000e+01,3.690000000000000000e+03
1.305735999999999706e+02,4.726850000000000307e+01,1.189353999999999978e+01,1.500000000000000000e+01,2.641000000000000000e+03
4.722497999999999507e+01,3.556535999999999831e+01,6.896797999999999718e+01,2.400000000000000000e+01,2.698000000000000000e+03
9.284991999999999734e+01,5.978764000000000323e+01,1.721181999999999945e+01,8.000000000000000000e+00,1.957000000000000000e+03
2.050295199999999909e+02,1.072540199999999828e+02,5.021936000000000178e+01,4.900000000000000000e+01,5.190000000000000000e+02
1.975869200000000205e+02,9.142803999999999576e+01,6.013817999999999842e+01,4.800000000000000000e+01,1.247000000000000000e+03
3.092918799999999919e+02,1.478738199999999949e+02,1.658724000000000132e+01,7.300000000000000000e+01,4.360000000000000000e+02
2.255223399999999856e+02,7.310509999999999309e+01,1.032681999999999967e+01,4.200000000000000000e+01,2.204000000000000000e+03
3.725890000000000413e+01,1.209543200000000098e+02,6.712041999999999575e+01,3.400000000000000000e+01,1.064000000000000000e+03
2.587886199999999803e+02,1.055853000000000037e+02,5.307977999999999952e+01,6.200000000000000000e+01,2.547000000000000000e+03
6.289354000000000156e+01,1.357487399999999980e+02,1.523573999999999806e+01,2.800000000000000000e+01,3.530000000000000000e+02
7.967491999999998598e+01,9.313960000000001571e+00,2.719490000000000052e+01,1.000000000000000000e+00,1.415000000000000000e+03
2.842094000000000165e+02,3.921254000000000417e+01,2.030752000000000024e+01,6.900000000000000000e+01,7.140000000000000000e+02
2.856809200000000146e+02,4.089451999999999288e+01,1.350786000000000087e+01,6.900000000000000000e+01,2.573000000000000000e+03
1.383888399999999876e+02,7.821836000000000411e+01,1.072461999999999982e+01,1.900000000000000000e+01,2.413000000000000000e+03
1.800510799999999847e+02,1.086898400000000038e+02,3.522399999999999665e+01,4.100000000000000000e+01,2.149000000000000000e+03
1.690887999999999920e+02,6.680897999999999115e+01,2.312611999999999668e+01,2.500000000000000000e+01,1.262000000000000000e+03
7.265629999999998745e+01,1.276380400000000179e+02,4.562596000000000629e+01,1.600000000000000000e+01,1.587000000000000000e+03
4.826912000000000091e+01,1.400997199999999907e+02,2.239477999999999724e+01,2.800000000000000000e+01,2.338000000000000000e+03
2.609146399999999630e+02,7.875997999999999877e+01,4.123077999999999577e+01,5.800000000000000000e+01,6.280000000000000000e+02
1.387196600000000046e+02,4.927517999999999887e+01,3.869097999999999615e+01,1.400000000000000000e+01,2.844000000000000000e+03
2.177417800000000057e+02,6.313221999999998957e+01,3.412682000000000215e+01,3.800000000000000000e+01,2.811000000000000000e+03
2.127515999999999963e+01,1.224081599999999952e+02,6.876805999999999131e+01,3.400000000000000000e+01,3.286000000000000000e+03
1.849593199999999911e+02,1.265044800000000009e+02,1.228284000000000020e+01,4.600000000000000000e+01,3.239000000000000000e+03
2.431764999999999759e+02,8.151160000000000139e+01,1.031593999999999944e+01,4.700000000000000000e+01,3.614000000000000000e+03
5.614862000000000819e+01,1.464978399999999681e+02,5.363499999999999801e+01,2.700000000000000000e+01,7.910000000000000000e+02
2.886712200000000053e+02,1.606700600000000065e+02,2.842603999999999687e+01,7.000000000000000000e+01,3.341000000000000000e+03
9.008469999999999800e+01,6.052611999999999881e+01,3.141600000000000037e+01,3.000000000000000000e+00,2.119000000000000000e+03
1.581118999999999915e+02,5.193500000000000227e+01,3.867329999999999757e+01,3.200000000000000000e+01,3.698000000000000000e+03
1.577861800000000017e+02,1.605361000000000047e+02,1.196901999999999866e+01,4.000000000000000000e+01,1.941000000000000000e+03
1.248112799999999822e+02,1.282649999999999935e+01,3.094170000000000087e+01,5.000000000000000000e+00,2.199000000000000000e+03
2.847584999999999695e+02,1.345138599999999940e+02,4.331396000000000157e+01,7.400000000000000000e+01,2.819000000000000000e+03
4.932074000000000069e+01,4.496839999999999549e+01,6.559008000000000038e+01,2.400000000000000000e+01,2.903000000000000000e+03
8.326089999999999236e+01,1.600029800000000080e+02,2.063766000000000034e+01,2.600000000000000000e+01,3.350000000000000000e+02
7.979697999999999070e+01,7.324313999999999680e+01,2.210849999999999937e+01,1.100000000000000000e+01,3.641000000000000000e+03
1.034103199999999845e+02,2.811664000000000030e+01,4.059157999999999333e+01,5.000000000000000000e+00,2.818000000000000000e+03
8.596968000000001098e+01,4.468280000000000030e+01,3.427199999999999847e+01,0.000000000000000000e+00,1.790000000000000000e+02
2.221152000000000015e+01,1.024831399999999917e+02,6.771269999999999811e+01,3.900000000000000000e+01,8.100000000000000000e+01
1.030818799999999982e+02,1.948336000000000112e+01,1.198737999999999815e+01,5.000000000000000000e+00,1.084000000000000000e+03
1.166091199999999901e+02,4.496023999999999887e+01,3.087369999999999592e+01,1.400000000000000000e+01,3.686000000000000000e+03
4.174587999999999965e+01,7.502439999999999998e+01,6.663013999999999726e+01,1.300000000000000000e+01,1.776000000000000000e+03
1.798226000000000013e+01,3.627698000000000178e+01,6.682393999999999323e+01,2.400000000000000000e+01,9.820000000000000000e+02
8.336323999999999046e+01,1.659322400000000073e+02,2.182051999999999836e+01,2.600000000000000000e+01,3.680000000000000000e+03
1.975267399999999611e+02,9.948671999999999116e+01,3.663703999999999894e+01,4.900000000000000000e+01,3.333000000000000000e+03
2.823373599999999897e+02,1.473281200000000126e+02,4.471952000000000282e+01,7.400000000000000000e+01,7.480000000000000000e+02
1.886857199999999750e+02,6.667195999999999856e+01,2.849471999999999383e+01,3.100000000000000000e+01,2.784000000000000000e+03
1.675938199999999938e+02,7.202594000000000563e+01,6.151109999999999900e+01,5.400000000000000000e+01,4.270000000000000000e+02
8.596491999999999223e+01,2.931479999999999819e+01,4.927313999999999794e+01,0.000000000000000000e+00,4.400000000000000000e+02
1.807168000000000063e+02,6.672771999999999082e+01,1.145051999999999914e+01,2.500000000000000000e+01,2.197000000000000000e+03
1.943028599999999813e+02,9.089117999999999142e+01,1.072461999999999982e+01,5.600000000000000000e+01,1.974000000000000000e+03
9.347688000000000841e+01,1.084865199999999845e+02,3.031031999999999726e+01,1.700000000000000000e+01,6.600000000000000000e+02
1.763559599999999818e+02,1.124410599999999789e+02,3.850703999999999638e+01,4.100000000000000000e+01,1.909000000000000000e+03
2.750365399999999454e+02,1.384235199999999963e+02,9.241540000000000532e+00,6.800000000000000000e+01,2.929000000000000000e+03
1.952089599999999905e+02,1.648455999999999833e+01,2.335086000000000084e+01,5.000000000000000000e+01,2.045000000000000000e+03
2.594376800000000003e+02,1.006879399999999976e+02,4.963387999999999778e+01,6.200000000000000000e+01,2.440000000000000000e+03
2.552771000000000186e+02,2.711057999999999879e+01,2.370615999999999701e+01,6.500000000000000000e+01,1.240000000000000000e+02
2.250511000000000195e+02,1.235553199999999805e+02,3.014609999999999346e+01,5.500000000000000000e+01,1.200000000000000000e+01
1.054584799999999944e+02,7.182465999999999440e+01,4.641441999999999268e+01,2.300000000000000000e+01,2.997000000000000000e+03
5.366662000000000177e+01,1.384510599999999840e+02,6.035475999999999885e+01,2.700000000000000000e+01,2.531000000000000000e+03
1.655092799999999897e+02,5.401783999999999253e+01,1.196596000000000082e+01,2.500000000000000000e+01,2.310000000000000000e+02
2.902688800000000242e+02,4.127362000000000108e+01,3.682539999999999480e+01,6.700000000000000000e+01,3.619000000000000000e+03
2.028715400000000102e+02,1.402925000000000182e+02,3.632730000000000103e+01,4.600000000000000000e+01,2.591000000000000000e+03
8.485482000000000369e+01,1.347416599999999960e+02,2.415427999999999642e+01,2.100000000000000000e+01,9.970000000000000000e+02
2.639552600000000098e+02,1.080605000000000047e+02,4.898652000000000584e+01,6.200000000000000000e+01,2.724000000000000000e+03
1.662528599999999983e+02,6.862559999999999150e+01,1.072461999999999982e+01,2.500000000000000000e+01,5.320000000000000000e+02
1.111694600000000008e+02,1.265038000000000018e+01,1.670658000000000243e+01,5.000000000000000000e+00,1.590000000000000000e+02
1.318183400000000063e+02,5.311786000000000030e+01,1.189421999999999890e+01,1.500000000000000000e+01,2.807000000000000000e+03
8.330169999999999675e+01,1.683917999999999893e+01,2.071007999999999782e+01,1.000000000000000000e+00,2.922000000000000000e+03
1.975699199999999962e+02,7.902891999999999939e+01,6.328963999999999857e+01,4.800000000000000000e+01,1.891000000000000000e+03
2.831132400000000189e+02,2.634082000000000079e+01,1.180887999999999849e+01,6.900000000000000000e+01,2.701000000000000000e+03
1.179371600000000058e+02,1.063972200000000043e+02,2.165901999999999816e+01,2.200000000000000000e+01,6.230000000000000000e+02
2.469012000000000171e+02,6.652473999999999421e+01,1.680415999999999954e+01,4.700000000000000000e+01,7.300000000000000000e+01
2.717358199999999897e+02,1.260665600000000097e+02,3.095019999999999882e+01,6.800000000000000000e+01,3.750000000000000000e+02
4.646813999999999112e+01,1.155762000000000000e+01,4.772307999999999595e+01,2.000000000000000000e+00,2.932000000000000000e+03
2.686384199999999396e+02,6.621805999999999415e+01,2.335493999999999915e+01,5.300000000000000000e+01,8.440000000000000000e+02
2.335646999999999878e+02,9.831168000000000973e+01,1.501405999999999885e+01,5.500000000000000000e+01,1.682000000000000000e+03
5.024655999999999523e+01,1.638939399999999864e+02,5.087216000000000093e+01,3.500000000000000000e+01,3.604000000000000000e+03
1.088594999999999970e+02,6.136217999999999506e+01,3.863861999999999597e+01,1.400000000000000000e+01,1.880000000000000000e+02
3.662241999999999820e+01,1.415678399999999897e+02,6.559517999999999915e+01,3.400000000000000000e+01,6.130000000000000000e+02
1.342231600000000071e+02,7.972320000000000562e+01,6.099259999999999593e+01,6.100000000000000000e+01,9.210000000000000000e+02
6.411821999999999377e+01,2.990673999999999566e+01,5.466418000000000177e+01,2.000000000000000000e+00,3.318000000000000000e+03
1.146180800000000204e+02,1.623248399999999947e+02,3.341621999999999559e+01,3.600000000000000000e+01,1.766000000000000000e+03
1.261090599999999853e+02,1.742533999999999850e+01,1.194963999999999871e+01,5.000000000000000000e+00,5.890000000000000000e+02
5.983217999999999392e+01,4.422515999999999536e+01,5.456286000000000769e+01,2.000000000000000000e+00,3.491000000000000000e+03
1.738532200000000216e+02,5.894239999999999213e+01,3.857334000000000174e+01,3.200000000000000000e+01,1.410000000000000000e+02
8.095875999999999806e+01,1.653974199999999826e+02,1.701937999999999818e+01,2.600000000000000000e+01,3.486000000000000000e+03
2.675833999999999833e+02,1.075698799999999977e+02,1.549821999999999989e+01,6.600000000000000000e+01,1.115000000000000000e+03
1.835561399999999992e+02,1.490641599999999869e+02,3.818438000000000443e+01,4.600000000000000000e+01,7.600000000000000000e+02
1.197323599999999999e+02,1.013114999999999952e+02,1.072496000000000116e+01,2.200000000000000000e+01,1.748000000000000000e+03
2.737567799999999920e+02,1.626559999999999917e+01,1.342761999999999922e+01,6.000000000000000000e+01,3.677000000000000000e+03
6.498215999999999326e+01,5.591299999999999670e+01,1.414841999999999800e+01,4.000000000000000000e+00,1.599000000000000000e+03
3.222451999999999828e+01,7.563130000000001019e+01,5.637948000000000093e+01,1.800000000000000000e+01,4.030000000000000000e+02
8.597919999999999163e+01,3.754075999999999880e+01,3.407446000000000197e+01,0.000000000000000000e+00,1.760000000000000000e+03
7.326795999999998799e+01,1.205357800000000026e+02,1.088714000000000048e+01,2.100000000000000000e+01,1.269000000000000000e+03
3.128781999999999925e+02,9.683472000000000435e+01,1.095378000000000007e+01,6.300000000000000000e+01,3.960000000000000000e+02
1.887680000000000007e+02,1.599910799999999824e+02,1.322123999999999988e+01,5.100000000000000000e+01,1.091000000000000000e+03
1.219855400000000145e+02,5.968155999999999750e+01,1.190612000000000137e+01,8.000000000000000000e+00,2.216000000000000000e+03
8.234187999999998908e+01,1.022199799999999925e+02,3.474324000000000012e+01,1.200000000000000000e+01,2.600000000000000000e+02
2.865907600000000457e+02,1.415739599999999996e+02,2.235839999999999961e+01,7.000000000000000000e+01,1.963000000000000000e+03
1.493123599999999840e+02,1.070829999999999984e+02,5.077185999999998955e+01,3.000000000000000000e+01,3.302000000000000000e+03
2.634966000000000008e+02,1.081648800000000108e+02,1.878839999999999932e+01,6.600000000000000000e+01,8.140000000000000000e+02
1.526185199999999895e+02,1.435833599999999990e+02,1.190543999999999869e+01,4.000000000000000000e+01,2.474000000000000000e+03
2.905150399999999991e+02,2.163997999999999777e+01,3.640380000000000393e+01,6.700000000000000000e+01,7.930000000000000000e+02
1.699632799999999975e+02,3.023619999999999663e+01,3.860461999999999705e+01,5.700000000000000000e+01,2.971000000000000000e+03
4.898311999999999955e+01,4.393921999999999883e+01,1.306858000000000075e+01,1.000000000000000000e+01,1.438000000000000000e+03
1.901011399999999867e+02,1.598887399999999843e+02,1.945683999999999969e+01,5.100000000000000000e+01,7.900000000000000000e+02
2.797995999999999981e+02,2.253282000000000096e+01,1.023773999999999873e+01,6.000000000000000000e+01,3.501000000000000000e+03
2.348845800000000281e+02,7.173217999999999961e+01,1.984682000000000102e+01,4.200000000000000000e+01,2.909000000000000000e+03
3.011652000000000129e+01,1.158988599999999849e+02,6.467105999999998289e+01,3.400000000000000000e+01,2.061000000000000000e+03
1.592971399999999846e+02,6.192079999999999984e+01,1.194895999999999958e+01,1.900000000000000000e+01,2.202000000000000000e+03
1.190537200000000126e+02,6.222476000000000340e+01,3.867533999999999850e+01,1.400000000000000000e+01,1.023000000000000000e+03
9.249190000000000111e+01,6.668453999999999837e+01,2.415665999999999869e+01,8.000000000000000000e+00,2.450000000000000000e+02
7.200520000000000209e+01,1.482845399999999927e+02,4.611555999999999500e+01,2.000000000000000000e+01,5.670000000000000000e+02
4.829598000000000013e+01,1.534902799999999843e+02,3.862841999999999842e+01,3.500000000000000000e+01,2.900000000000000000e+03
2.491941599999999823e+02,9.362817999999998619e+01,1.317057999999999929e+01,4.700000000000000000e+01,2.141000000000000000e+03
2.092193399999999883e+02,2.071925999999999846e+01,2.192761999999999745e+01,4.400000000000000000e+01,2.419000000000000000e+03
4.575957999999999970e+01,5.591299999999999670e+01,4.576876000000000033e+01,1.000000000000000000e+01,2.849000000000000000e+03
2.223453800000000058e+02,1.071547400000000039e+02,5.038154000000000110e+01,4.900000000000000000e+01,2.169000000000000000e+03
1.826422199999999805e+02,1.084463999999999970e+02,2.287757999999999825e+01,5.600000000000000000e+01,7.300000000000000000e+02
3.987621999999999645e+01,3.412478000000000122e+01,3.188349999999999795e+01,1.000000000000000000e+01,3.950000000000000000e+02
2.681930199999999900e+02,7.276612000000000080e+01,5.390326000000000306e+01,5.800000000000000000e+01,2.377000000000000000e+03
2.556589199999999664e+02,4.301407999999999987e+01,2.233663999999999916e+01,6.500000000000000000e+01,1.950000000000000000e+03
9.195537999999999101e+01,9.913685999999998444e+01,1.072597999999999985e+01,1.100000000000000000e+01,2.096000000000000000e+03
5.225459999999999638e+01,5.531255999999999773e+01,4.518294000000000210e+01,1.000000000000000000e+01,3.697000000000000000e+03
1.386298999999999921e+02,1.081383599999999916e+02,2.422738000000000014e+01,3.000000000000000000e+01,2.842000000000000000e+03
5.385497999999999763e+01,1.844737999999999900e+01,1.680211999999999861e+01,6.000000000000000000e+00,1.569000000000000000e+03
1.348936399999999765e+02,9.913482000000000482e+01,1.072461999999999982e+01,2.200000000000000000e+01,2.235000000000000000e+03
2.660493200000000229e+02,2.878269999999999484e+01,1.071849999999999881e+01,6.000000000000000000e+01,2.401000000000000000e+03
1.945972999999999900e+02,7.953755999999999915e+01,7.939407999999998822e+01,4.800000000000000000e+01,3.309000000000000000e+03
4.620531999999999329e+01,4.639639999999999276e+01,3.624332000000000420e+01,1.000000000000000000e+01,3.685000000000000000e+03
1.974958000000000027e+02,7.646021999999999252e+01,1.989271999999999707e+01,3.100000000000000000e+01,1.462000000000000000e+03
1.902646800000000269e+02,1.022213399999999979e+02,6.484684000000000026e+01,4.800000000000000000e+01,1.532000000000000000e+03
9.254323999999999728e+01,4.122941999999999751e+01,1.877921999999999869e+01,4.000000000000000000e+00,5.470000000000000000e+02
4.182815999999999690e+01,1.422209799999999689e+02,4.107301999999999964e+01,3.500000000000000000e+01,3.626000000000000000e+03
2.607850999999999999e+02,1.546792599999999709e+02,2.205749999999999744e+01,7.100000000000000000e+01,6.910000000000000000e+02
3.113961399999999458e+02,9.739606000000000563e+01,2.422873999999999839e+01,6.300000000000000000e+01,6.950000000000000000e+02
2.231746400000000108e+02,6.656383999999999901e+01,2.055945999999999785e+01,4.200000000000000000e+01,7.760000000000000000e+02
1.551165000000000020e+02,1.082536199999999837e+02,3.389494000000000540e+01,3.000000000000000000e+01,3.388000000000000000e+03
1.493014799999999980e+02,1.622884599999999864e+02,3.141361999999999810e+01,4.500000000000000000e+01,2.030000000000000000e+02
2.878405999999999381e+02,2.833423999999999410e+01,4.043075999999999937e+01,6.700000000000000000e+01,1.620000000000000000e+03
7.346244000000000085e+01,2.733531999999999940e+01,5.561006000000000427e+01,2.000000000000000000e+00,1.300000000000000000e+01
1.409378199999999879e+02,1.622915199999999913e+02,1.679157999999999973e+01,4.000000000000000000e+01,9.610000000000000000e+02
4.165747999999999962e+01,3.556535999999999831e+01,6.970408000000000470e+01,2.400000000000000000e+01,2.099000000000000000e+03
1.938775199999999757e+02,6.633671999999999969e+01,2.936240000000000094e+01,3.100000000000000000e+01,2.551000000000000000e+03
2.854055199999999672e+02,7.079072000000000742e+01,1.922564000000000206e+01,5.300000000000000000e+01,7.750000000000000000e+02
7.019061999999999557e+01,1.501181599999999889e+02,1.573689999999999856e+01,2.600000000000000000e+01,2.063000000000000000e+03
1.605857399999999870e+02,5.849461999999999762e+01,3.864066000000000400e+01,3.200000000000000000e+01,6.880000000000000000e+02
2.896181199999999762e+02,3.081181999999999377e+01,1.813764000000000109e+01,6.900000000000000000e+01,1.524000000000000000e+03
4.676971999999999952e+01,4.271080000000000609e+01,2.525859999999999772e+01,1.000000000000000000e+01,5.870000000000000000e+02
2.333518599999999594e+02,1.063676399999999944e+02,3.395613999999999777e+01,5.500000000000000000e+01,3.310000000000000000e+02
5.532309999999999661e+01,4.325173999999999808e+01,9.729439999999998534e+00,4.000000000000000000e+00,2.567000000000000000e+03
5.392808000000000135e+01,8.023149999999999693e+01,5.644102000000000174e+01,1.300000000000000000e+01,1.530000000000000000e+02
8.084282000000000323e+01,4.385082000000000590e+01,4.631343999999999994e+01,0.000000000000000000e+00,1.018000000000000000e+03
9.247047999999999490e+01,2.834375999999999607e+01,1.914573999999999998e+01,1.000000000000000000e+00,4.840000000000000000e+02
9.603810000000000002e+01,4.086799999999999500e+01,1.205163999999999902e+01,4.000000000000000000e+00,5.010000000000000000e+02
2.016896999999999878e+02,1.026803400000000011e+02,4.849522000000000332e+01,4.900000000000000000e+01,1.484000000000000000e+03
2.239246800000000235e+02,1.085960000000000036e+02,1.033939999999999948e+01,5.500000000000000000e+01,3.457000000000000000e+03
1.422828599999999710e+02,6.699631999999999721e+01,4.107947999999999666e+01,1.400000000000000000e+01,3.217000000000000000e+03
2.474105200000000195e+02,6.997098000000001150e+01,5.259936000000000433e+01,5.800000000000000000e+01,2.269000000000000000e+03
2.643255199999999832e+02,1.080883800000000008e+02,1.095207999999999871e+01,6.600000000000000000e+01,1.627000000000000000e+03
2.598684599999999705e+02,1.428707200000000057e+02,3.114433999999999969e+01,7.100000000000000000e+01,6.890000000000000000e+02
3.991328000000000031e+01,1.407776800000000037e+02,2.921891999999999712e+01,2.800000000000000000e+01,3.652000000000000000e+03
1.588939000000000021e+02,1.624601600000000019e+02,2.498455999999999833e+01,4.000000000000000000e+01,3.041000000000000000e+03
2.866516199999999799e+02,1.558699399999999855e+02,3.289840000000000231e+01,7.000000000000000000e+01,2.933000000000000000e+03
2.577846000000000117e+02,7.987687999999999988e+01,5.760790000000000077e+01,5.800000000000000000e+01,2.578000000000000000e+03
1.089550399999999968e+02,1.625750799999999856e+02,2.380748000000000175e+01,3.600000000000000000e+01,2.519000000000000000e+03
3.992177999999999827e+01,4.109273999999999916e+01,2.903293999999999642e+01,1.000000000000000000e+01,9.170000000000000000e+02
8.557188000000000727e+01,5.285639999999999361e+01,3.633478000000000208e+01,3.000000000000000000e+00,2.300000000000000000e+01
1.447947800000000029e+02,4.511800000000000210e+01,3.834655999999999665e+01,3.200000000000000000e+01,2.990000000000000000e+03
2.553831800000000101e+02,1.406716000000000122e+02,2.332535999999999987e+01,7.100000000000000000e+01,3.800000000000000000e+02
1.694886400000000037e+02,3.712494000000000227e+01,3.860529999999999973e+01,5.700000000000000000e+01,2.861000000000000000e+03
1.958926999999999907e+02,1.403608399999999961e+02,3.692943999999999960e+01,4.600000000000000000e+01,3.430000000000000000e+03
2.655450999999999908e+02,1.078942399999999964e+02,2.379388000000000147e+01,6.600000000000000000e+01,5.360000000000000000e+02
2.758304400000000101e+02,1.329083799999999940e+02,1.399813999999999936e+01,6.800000000000000000e+01,9.250000000000000000e+02
2.121875399999999843e+02,7.342775999999999215e+01,1.793227999999999867e+01,4.200000000000000000e+01,3.451000000000000000e+03
1.078235200000000020e+02,1.303712999999999909e+02,1.196527999999999992e+01,2.900000000000000000e+01,4.230000000000000000e+02
2.100904200000000230e+02,7.110215999999999781e+01,4.652015999999999707e+01,3.800000000000000000e+01,5.610000000000000000e+02
4.697678000000000509e+01,1.403873600000000010e+02,6.073657999999998935e+01,2.700000000000000000e+01,2.985000000000000000e+03
7.952736000000000161e+01,4.850270000000000437e+01,3.635551999999999850e+01,0.000000000000000000e+00,3.214000000000000000e+03
5.061987999999999488e+01,8.930541999999998382e+01,6.042173999999999978e+01,3.900000000000000000e+01,2.981000000000000000e+03
1.907563199999999881e+02,1.541804799999999886e+02,1.231174000000000035e+01,5.100000000000000000e+01,1.190000000000000000e+03
2.353949200000000133e+02,7.272668000000000177e+01,5.468355999999999995e+01,4.300000000000000000e+01,7.800000000000000000e+01
2.489241999999999777e+01,1.166774599999999822e+02,6.662843999999999767e+01,3.400000000000000000e+01,2.568000000000000000e+03
1.900576199999999858e+02,1.407776800000000037e+02,1.231309999999999860e+01,5.100000000000000000e+01,3.075000000000000000e+03
2.658983599999999683e+02,1.333819999999999766e+02,2.262836000000000070e+01,6.800000000000000000e+01,1.625000000000000000e+03
1.812703199999999981e+02,6.646693999999999392e+01,1.966423999999999950e+01,2.500000000000000000e+01,3.237000000000000000e+03
1.095309999999999775e+02,1.084895799999999895e+02,2.755733999999999995e+01,1.700000000000000000e+01,2.208000000000000000e+03
1.449083400000000097e+02,1.621364800000000059e+02,1.299751999999999974e+01,4.000000000000000000e+01,7.370000000000000000e+02
1.112048200000000122e+02,1.425844400000000007e+02,3.649219999999999686e+01,2.900000000000000000e+01,3.366000000000000000e+03
1.540407399999999996e+02,1.409942599999999970e+02,3.867159999999999798e+01,4.500000000000000000e+01,1.555000000000000000e+03
8.600061999999998363e+01,1.327461999999999875e+02,2.908428000000000324e+01,1.600000000000000000e+01,5.720000000000000000e+02
2.162770600000000059e+02,7.140305999999999642e+01,4.769281999999999755e+01,3.800000000000000000e+01,4.110000000000000000e+02
9.501061999999998875e+01,6.666685999999999979e+01,2.972483999999999682e+01,3.000000000000000000e+00,1.826000000000000000e+03
7.945426000000000499e+01,1.153789999999999871e+01,4.770642000000000138e+01,2.000000000000000000e+00,3.104000000000000000e+03
9.173131999999998243e+01,5.476379999999999626e+01,2.295544000000000295e+01,8.000000000000000000e+00,2.275000000000000000e+03
2.042237200000000144e+02,7.094474000000001013e+01,5.350035999999999348e+01,4.800000000000000000e+01,3.087000000000000000e+03
1.406926799999999957e+02,6.642206000000000188e+01,2.643602000000000274e+01,1.900000000000000000e+01,2.039000000000000000e+03
1.594106999999999914e+02,1.128392000000000053e+02,3.865901999999999816e+01,4.100000000000000000e+01,2.003000000000000000e+03
2.324137999999999948e+01,3.792904000000000053e+01,6.844165999999999883e+01,2.400000000000000000e+01,8.530000000000000000e+02
2.275790000000000077e+02,7.045887999999999352e+01,2.289049999999999940e+01,4.200000000000000000e+01,6.920000000000000000e+02
2.874870000000000303e+01,1.307259200000000021e+02,6.516916000000000508e+01,3.400000000000000000e+01,1.990000000000000000e+03
5.996580000000000155e+01,1.334452400000000125e+02,5.457713999999999288e+01,2.700000000000000000e+01,7.010000000000000000e+02
1.489988799999999856e+02,1.116396799999999985e+02,1.192481999999999864e+01,3.700000000000000000e+01,2.760000000000000000e+02
5.067733999999999384e+01,1.238834200000000010e+02,1.934634000000000142e+01,2.800000000000000000e+01,1.032000000000000000e+03
2.943903600000000438e+02,1.029183400000000006e+02,1.175889999999999880e+01,5.900000000000000000e+01,2.410000000000000000e+03
2.826498199999999770e+02,1.367741800000000012e+02,3.883411999999999864e+01,7.400000000000000000e+01,2.492000000000000000e+03
1.012778399999999834e+02,9.453972000000000264e+01,4.287910000000000110e+01,2.300000000000000000e+01,2.360000000000000000e+02
4.051847999999999672e+01,3.744215999999999411e+01,3.698214000000000112e+01,1.000000000000000000e+01,3.282000000000000000e+03
1.930237800000000163e+02,1.594293999999999834e+01,3.471298000000000172e+01,5.700000000000000000e+01,1.169000000000000000e+03
2.692419199999999933e+02,9.163884000000000185e+01,1.043221999999999916e+01,6.600000000000000000e+01,3.337000000000000000e+03
1.314327800000000082e+02,1.079812799999999982e+02,4.385421999999999798e+01,3.000000000000000000e+01,8.410000000000000000e+02
5.509019999999999584e+01,5.899781999999999726e+01,6.051796000000000220e+01,1.300000000000000000e+01,2.326000000000000000e+03
1.138228199999999930e+02,1.282582000000000022e+01,3.006619999999999848e+01,5.000000000000000000e+00,1.580000000000000000e+03
1.713049200000000098e+02,1.501470599999999820e+02,3.861516000000000304e+01,4.500000000000000000e+01,2.824000000000000000e+03
7.602365999999999246e+01,4.359105999999999170e+01,1.251403999999999783e+01,4.000000000000000000e+00,2.857000000000000000e+03
2.556466799999999466e+02,8.833574000000000126e+01,1.029553999999999903e+01,4.700000000000000000e+01,1.411000000000000000e+03
1.398589999999999804e+02,1.946941999999999950e+01,3.867839999999999634e+01,9.000000000000000000e+00,2.137000000000000000e+03
5.667969999999999686e+01,1.426979999999999791e+02,5.962443999999999988e+01,2.700000000000000000e+01,2.138000000000000000e+03
2.043926999999999907e+02,7.095017999999998892e+01,4.592821999999999605e+01,3.100000000000000000e+01,2.847000000000000000e+03
9.735866000000000042e+01,1.259292000000000122e+01,1.790134000000000114e+01,1.000000000000000000e+00,1.236000000000000000e+03
7.225747999999998683e+01,3.770667999999999864e+01,4.608393999999999835e+01,0.000000000000000000e+00,3.398000000000000000e+03
1.244148399999999839e+02,6.123161999999999949e+01,3.869335999999999842e+01,1.400000000000000000e+01,1.634000000000000000e+03
1.249642799999999880e+02,1.308660000000000139e+02,3.238533999999999935e+01,2.900000000000000000e+01,1.656000000000000000e+03
6.590322000000000457e+01,1.534147999999999890e+01,4.857511999999999830e+01,2.000000000000000000e+00,1.954000000000000000e+03
8.057931999999999562e+01,5.591299999999999670e+01,3.889871999999999730e+01,3.000000000000000000e+00,5.650000000000000000e+02
1.552273399999999981e+02,1.160953799999999916e+02,1.190067999999999948e+01,3.700000000000000000e+01,9.830000000000000000e+02
8.023217999999999961e+01,4.871146000000000242e+01,3.054355999999999938e+01,0.000000000000000000e+00,3.270000000000000000e+03
4.571707999999999572e+01,4.075988000000000255e+01,6.613577999999999690e+01,2.400000000000000000e+01,2.988000000000000000e+03
2.029323999999999728e+02,7.672610000000000241e+01,6.716053999999999746e+01,4.800000000000000000e+01,2.663000000000000000e+03
2.833335599999999772e+02,3.138608000000000331e+01,2.960379999999999612e+01,6.900000000000000000e+01,2.317000000000000000e+03
1.473111199999999883e+02,1.623177000000000021e+02,2.083962000000000003e+01,4.000000000000000000e+01,2.327000000000000000e+03
2.119165599999999756e+02,9.761569999999998970e+01,6.651283999999999708e+01,4.300000000000000000e+01,3.111000000000000000e+03
2.677442199999999843e+02,1.020523599999999789e+02,2.370649999999999835e+01,6.600000000000000000e+01,8.760000000000000000e+02
2.244462399999999889e+02,7.502167999999998926e+01,6.008105999999999369e+01,4.300000000000000000e+01,3.590000000000000000e+02
7.350052000000000874e+01,1.235509000000000128e+02,5.211621999999999844e+01,1.200000000000000000e+01,2.619000000000000000e+03
2.655950799999999958e+02,1.597350600000000043e+02,3.961204000000000036e+01,7.100000000000000000e+01,3.338000000000000000e+03
7.858556000000000097e+01,1.557563799999999787e+02,2.407097999999999871e+01,2.600000000000000000e+01,6.710000000000000000e+02
7.258795999999999538e+01,5.591299999999999670e+01,4.592719999999999914e+01,3.000000000000000000e+00,5.920000000000000000e+02
1.592254000000000076e+02,4.861625999999999692e+01,1.193536000000000108e+01,1.500000000000000000e+01,2.412000000000000000e+03
4.784853999999999985e+01,1.311104599999999891e+02,4.018596000000000146e+01,3.300000000000000000e+01,7.050000000000000000e+02
1.046961999999999904e+02,1.625710000000000264e+02,2.687054000000000187e+01,3.600000000000000000e+01,2.555000000000000000e+03
8.113522000000000389e+01,5.591299999999999670e+01,3.152242000000000033e+01,3.000000000000000000e+00,3.083000000000000000e+03
7.630993999999999744e+01,1.462421599999999842e+02,4.217564000000000135e+01,2.000000000000000000e+01,1.700000000000000000e+01
6.626260000000000616e+01,5.503512000000000626e+01,8.629540000000000433e+00,4.000000000000000000e+00,2.097000000000000000e+03
2.331247399999999743e+02,8.066398000000000934e+01,1.032681999999999967e+01,4.200000000000000000e+01,3.001000000000000000e+03
4.568885999999999825e+01,4.501396000000000441e+01,3.022769999999999868e+01,1.000000000000000000e+01,5.600000000000000000e+02
1.339824400000000253e+02,1.087384600000000034e+02,2.973028000000000404e+01,3.000000000000000000e+01,1.144000000000000000e+03
2.696427799999999593e+02,1.072421199999999857e+02,4.344145999999999930e+01,6.200000000000000000e+01,2.983000000000000000e+03
8.093258000000000152e+01,6.665666000000000224e+01,5.129274000000000200e+01,3.000000000000000000e+00,4.300000000000000000e+02
4.217054000000000258e+01,6.867014000000000351e+01,5.619791999999999632e+01,1.300000000000000000e+01,2.231000000000000000e+03
3.179982600000000161e+02,9.442207999999999402e+01,2.157537999999999911e+01,6.300000000000000000e+01,1.105000000000000000e+03
4.517716000000000065e+01,1.117828199999999867e+02,6.620921999999998775e+01,3.900000000000000000e+01,1.316000000000000000e+03
1.799184799999999882e+02,1.375133399999999995e+02,3.837579999999999814e+01,4.600000000000000000e+01,2.610000000000000000e+02
2.647477999999999838e+02,2.331345999999999918e+01,1.143488000000000149e+01,6.000000000000000000e+01,1.729000000000000000e+03
1.422706200000000081e+02,1.623241600000000062e+02,2.311354000000000042e+01,4.000000000000000000e+01,1.724000000000000000e+03
1.603579399999999850e+02,1.064465200000000067e+02,1.072461999999999982e+01,3.700000000000000000e+01,1.005000000000000000e+03
6.356775999999999982e+01,9.435068000000001120e+01,4.908682000000000301e+01,7.000000000000000000e+00,3.434000000000000000e+03
2.688209999999999695e+02,6.092222000000000293e+01,2.598925999999999803e+01,5.300000000000000000e+01,2.860000000000000000e+03
5.910049999999999670e+01,1.412254599999999698e+02,1.465875999999999912e+01,2.800000000000000000e+01,2.740000000000000000e+02
1.866831199999999740e+02,1.840997999999999735e+01,3.787328000000000117e+01,5.700000000000000000e+01,5.110000000000000000e+02
5.266328000000000031e+01,1.166203399999999988e+02,6.486248000000000502e+01,3.900000000000000000e+01,1.757000000000000000e+03
2.067196599999999762e+02,1.087235000000000014e+02,3.115828000000000131e+01,4.900000000000000000e+01,2.118000000000000000e+03
8.171696000000000026e+01,9.799344000000000676e+01,1.072631999999999941e+01,1.100000000000000000e+01,1.573000000000000000e+03
1.246236000000000033e+01,9.846196000000000481e+01,7.214833999999999037e+01,1.800000000000000000e+01,2.446000000000000000e+03
7.286029999999999518e+01,3.933494000000000312e+01,1.065525999999999840e+01,4.000000000000000000e+00,2.345000000000000000e+03
4.250849999999999795e+01,1.531669399999999825e+02,4.229973999999999279e+01,3.500000000000000000e+01,1.432000000000000000e+03
1.190363799999999941e+02,3.449980000000000047e+01,1.190883999999999965e+01,5.000000000000000000e+00,1.545000000000000000e+03
8.021245999999999299e+01,1.480540199999999800e+02,2.969219999999999970e+01,2.600000000000000000e+01,3.414000000000000000e+03
2.127515999999999963e+02,6.858411999999999864e+01,5.088813999999999993e+01,3.800000000000000000e+01,4.520000000000000000e+02
1.856416999999999859e+02,6.641866000000000270e+01,1.647945999999999955e+01,2.500000000000000000e+01,2.974000000000000000e+03
6.491382000000000119e+01,1.432600199999999973e+02,4.875633999999999446e+01,2.700000000000000000e+01,8.000000000000000000e+01
1.172126200000000011e+02,1.621769400000000019e+02,1.316717999999999833e+01,3.600000000000000000e+01,2.883000000000000000e+03
7.469086000000000070e+01,2.522153999999999741e+01,2.041666000000000025e+01,1.000000000000000000e+00,1.953000000000000000e+03
2.250511000000000195e+02,5.933169999999999078e+01,2.084947999999999979e+01,4.200000000000000000e+01,1.828000000000000000e+03
5.250586000000000553e+01,8.023149999999999693e+01,5.104963999999999658e+01,1.300000000000000000e+01,3.050000000000000000e+02
8.022504000000000701e+01,1.209601000000000113e+02,3.122729999999999961e+01,1.200000000000000000e+01,1.473000000000000000e+03
1.006233399999999989e+02,1.030040199999999828e+02,4.526963999999999544e+01,2.300000000000000000e+01,3.700000000000000000e+01
1.194715800000000030e+02,1.309741199999999992e+02,3.127183999999999742e+01,2.900000000000000000e+01,1.696000000000000000e+03
7.591418000000000177e+01,8.475520000000000209e+01,1.072631999999999941e+01,1.100000000000000000e+01,1.843000000000000000e+03
2.231209200000000124e+02,9.045019999999999527e+01,1.279997999999999969e+01,5.500000000000000000e+01,2.708000000000000000e+03
8.992286000000000001e+01,6.644585999999999615e+01,3.224730000000000274e+01,3.000000000000000000e+00,1.877000000000000000e+03
6.025241999999999365e+01,1.577906000000000120e+01,5.460195999999999827e+01,2.000000000000000000e+00,2.910000000000000000e+02
8.221540000000000248e+01,7.295889999999999986e+01,2.719795999999999836e+01,3.000000000000000000e+00,2.337000000000000000e+03
2.672876000000000118e+01,1.001096000000000004e+02,6.591410000000000480e+01,3.900000000000000000e+01,1.840000000000000000e+02
4.256936000000000320e+01,1.602467599999999948e+02,2.072435999999999723e+01,3.500000000000000000e+01,3.291000000000000000e+03
9.025707999999998776e+01,9.408921999999999741e+01,1.072597999999999985e+01,1.100000000000000000e+01,1.951000000000000000e+03
1.851979999999999791e+02,1.609631399999999815e+02,2.151281999999999783e+01,5.100000000000000000e+01,1.150000000000000000e+03
1.916304599999999994e+02,1.127354999999999876e+02,3.736090000000000089e+01,4.100000000000000000e+01,2.228000000000000000e+03
1.667798599999999851e+02,1.201699399999999827e+02,3.863215999999999894e+01,4.100000000000000000e+01,9.910000000000000000e+02
8.600741999999999621e+01,3.176483999999999597e+01,3.271989999999999554e+01,0.000000000000000000e+00,1.326000000000000000e+03
1.349663999999999930e+02,1.282582000000000022e+01,2.674643999999999977e+01,9.000000000000000000e+00,8.570000000000000000e+02
2.714866000000000099e+02,1.377598399999999970e+02,1.496170000000000044e+01,6.800000000000000000e+01,3.362000000000000000e+03
1.074760399999999976e+02,1.463094799999999793e+02,3.894632000000000005e+01,3.600000000000000000e+01,7.950000000000000000e+02
1.111759199999999908e+02,1.349912200000000269e+02,1.194521999999999906e+01,2.900000000000000000e+01,5.910000000000000000e+02
3.211401999999999646e+01,3.556535999999999831e+01,6.592430000000000234e+01,2.400000000000000000e+01,1.254000000000000000e+03
2.392301199999999994e+02,1.085960000000000036e+02,1.330691999999999808e+01,5.500000000000000000e+01,3.717000000000000000e+03
1.365773200000000145e+02,7.133642000000000394e+01,1.072461999999999982e+01,1.900000000000000000e+01,5.330000000000000000e+02
5.763680000000000092e+01,1.361985599999999863e+02,1.503514000000000017e+01,2.800000000000000000e+01,3.100000000000000000e+02
2.700143999999999878e+01,8.016418000000000177e+01,6.801870000000000971e+01,1.800000000000000000e+01,1.217000000000000000e+03
6.250627999999999673e+01,7.656051999999999680e+01,2.046867999999999910e+01,1.100000000000000000e+01,2.380000000000000000e+03
2.916741000000000099e+02,3.349475999999999942e+01,2.276809999999999690e+01,6.900000000000000000e+01,1.538000000000000000e+03
2.565357799999999884e+02,1.360666399999999783e+02,1.995221999999999696e+01,7.100000000000000000e+01,5.400000000000000000e+01
1.587045200000000023e+02,1.121326799999999793e+02,1.194963999999999871e+01,3.700000000000000000e+01,8.300000000000000000e+02
2.010049400000000048e+02,1.066736400000000060e+02,4.027231999999999346e+01,4.900000000000000000e+01,1.442000000000000000e+03
1.975627800000000036e+02,9.721143999999999608e+01,6.199117999999999284e+01,4.800000000000000000e+01,9.060000000000000000e+02
2.765583799999999997e+02,3.655101999999999407e+01,1.417799999999999905e+01,6.000000000000000000e+01,1.180000000000000000e+02
1.833942999999999870e+02,3.923429999999999751e+01,1.226651999999999987e+01,5.000000000000000000e+01,7.430000000000000000e+02
1.360448799999999778e+02,4.321773999999999916e+01,3.512063999999999453e+01,1.400000000000000000e+01,3.159000000000000000e+03
7.904149999999999920e+01,1.551542399999999873e+02,3.109402000000000044e+01,2.600000000000000000e+01,6.210000000000000000e+02
3.013661400000000299e+02,7.420738000000000056e+01,1.872345999999999933e+01,5.900000000000000000e+01,3.659000000000000000e+03
8.445939999999998804e+01,9.289412000000001512e+01,1.072597999999999985e+01,1.100000000000000000e+01,1.741000000000000000e+03
5.048320000000000363e+01,2.129964000000000013e+01,2.108883999999999759e+01,6.000000000000000000e+00,1.341000000000000000e+03
4.255541999999999803e+01,1.312600599999999815e+02,2.074849999999999994e+01,2.800000000000000000e+01,1.002000000000000000e+03
5.707240000000000180e+01,2.049315999999999960e+01,4.773872000000000071e+01,2.000000000000000000e+00,8.210000000000000000e+02
3.988812000000000069e+01,1.598197199999999896e+02,3.067105999999999710e+01,3.500000000000000000e+01,6.240000000000000000e+02
9.985153999999999996e+01,7.218743999999999517e+01,4.466919999999999646e+01,3.000000000000000000e+00,3.205000000000000000e+03
8.003327999999999065e+01,1.436975999999999942e+01,2.860147999999999868e+01,1.000000000000000000e+00,1.067000000000000000e+03
1.360282200000000046e+02,9.243580000000000041e+01,1.072461999999999982e+01,2.200000000000000000e+01,2.799000000000000000e+03
4.708693999999999846e+01,1.299483400000000017e+02,1.482807999999999993e+01,2.800000000000000000e+01,8.030000000000000000e+02
2.031972600000000284e+02,1.345879799999999875e+02,3.630519999999999925e+01,4.600000000000000000e+01,1.899000000000000000e+03
2.895242799999999761e+02,1.037424999999999926e+02,1.580659999999999954e+01,5.900000000000000000e+01,2.427000000000000000e+03
5.454041999999999746e+01,1.195422999999999973e+02,4.659768000000000399e+01,2.700000000000000000e+01,2.356000000000000000e+03
9.321065999999999008e+01,7.166791999999999518e+01,2.996317999999999770e+01,3.000000000000000000e+00,1.694000000000000000e+03
2.713964999999999463e+02,3.658978000000000463e+01,1.497257999999999889e+01,6.000000000000000000e+01,2.390000000000000000e+02
2.833747000000000185e+02,3.469495999999999469e+01,4.413505999999999574e+01,6.700000000000000000e+01,2.135000000000000000e+03
2.699297400000000380e+02,2.418997999999999848e+01,9.559439999999998605e+00,6.000000000000000000e+01,2.191000000000000000e+03
1.296005200000000173e+02,1.282547999999999888e+01,2.778105999999999653e+01,9.000000000000000000e+00,5.960000000000000000e+02
2.904997400000000312e+02,1.024290799999999848e+02,3.924110000000000298e+01,6.400000000000000000e+01,1.073000000000000000e+03
8.967602000000000828e+01,1.104319999999999879e+02,3.351583999999999719e+01,1.700000000000000000e+01,7.640000000000000000e+02
2.038123199999999997e+02,6.646353999999999473e+01,2.808977999999999753e+01,3.100000000000000000e+01,1.885000000000000000e+03
1.375418999999999983e+02,1.282785999999999937e+01,3.211435999999999780e+01,9.000000000000000000e+00,2.496000000000000000e+03
3.112377000000000180e+02,3.186717999999999762e+01,1.739473999999999876e+01,7.200000000000000000e+01,8.800000000000000000e+01
2.616844000000000392e+02,4.034100000000000108e+01,2.045439999999999969e+01,6.000000000000000000e+01,3.095000000000000000e+03
1.301479199999999992e+02,6.732985999999999649e+01,1.533127999999999957e+01,1.900000000000000000e+01,1.010000000000000000e+03
1.918126999999999782e+02,2.068151999999999902e+01,3.733234000000000208e+01,5.700000000000000000e+01,9.340000000000000000e+02
1.247980199999999940e+02,1.087095599999999962e+02,1.343849999999999945e+01,2.200000000000000000e+01,1.747000000000000000e+03
7.988742000000000587e+01,1.983185999999999893e+01,2.801905999999999963e+01,1.000000000000000000e+00,1.468000000000000000e+03
2.205828199999999981e+02,7.053946000000000538e+01,1.032681999999999967e+01,4.200000000000000000e+01,2.994000000000000000e+03
7.588119999999999266e+01,1.377877200000000073e+02,5.290162000000000120e+01,1.600000000000000000e+01,1.854000000000000000e+03
1.416786800000000142e+02,1.313389400000000080e+02,3.613962000000000074e+01,4.500000000000000000e+01,3.367000000000000000e+03
1.038815599999999790e+02,1.047488999999999919e+02,4.126308000000000220e+01,1.700000000000000000e+01,6.330000000000000000e+02
1.552174799999999948e+02,5.798223999999999734e+01,1.189761999999999986e+01,1.900000000000000000e+01,2.908000000000000000e+03
1.873556400000000224e+02,6.370919999999999561e+01,1.230766000000000027e+01,2.500000000000000000e+01,2.598000000000000000e+03
3.133752799999999752e+02,2.690045999999999538e+01,1.605616000000000199e+01,7.200000000000000000e+01,2.820000000000000000e+02
1.970578800000000115e+02,1.087513799999999975e+02,1.559002000000000088e+01,5.600000000000000000e+01,1.218000000000000000e+03
2.887018199999999979e+02,7.900137999999999749e+01,1.044785999999999859e+01,5.900000000000000000e+01,2.850000000000000000e+02
2.454096199999999897e+02,8.900451999999999941e+01,1.031219999999999892e+01,4.700000000000000000e+01,2.111000000000000000e+03
4.188935999999999638e+01,1.337763999999999953e+02,4.119031999999999982e+01,3.300000000000000000e+01,1.320000000000000000e+03
1.598197199999999896e+02,1.413757400000000075e+02,3.861073999999999984e+01,4.500000000000000000e+01,1.768000000000000000e+03
5.221685999999999694e+01,3.669551999999999481e+01,6.388396000000000186e+01,2.400000000000000000e+01,3.376000000000000000e+03
2.151938200000000165e+02,1.087775600000000082e+02,2.692561999999999856e+01,5.500000000000000000e+01,3.660000000000000000e+03
1.974866199999999878e+02,8.709541999999999007e+01,1.264494000000000007e+01,5.600000000000000000e+01,2.302000000000000000e+03
2.087817600000000198e+02,1.196375000000000028e+02,1.304614000000000118e+01,5.600000000000000000e+01,1.698000000000000000e+03
2.857050600000000031e+02,2.550237999999999872e+01,3.293784000000000134e+01,6.700000000000000000e+01,7.170000000000000000e+02
6.888569999999999993e+01,9.470461999999999136e+01,4.767173999999999978e+01,7.000000000000000000e+00,2.893000000000000000e+03
2.589586199999999963e+02,1.085687999999999960e+02,1.216145999999999994e+01,6.600000000000000000e+01,1.924000000000000000e+03
2.595219999999999914e+02,3.490983999999999554e+01,2.707283999999999935e+01,6.500000000000000000e+01,2.840000000000000000e+02
5.115163999999999334e+01,3.945223999999999620e+01,1.888087999999999766e+01,1.000000000000000000e+01,1.945000000000000000e+03
1.591298599999999794e+02,3.919758000000000209e+01,1.193706000000000067e+01,1.500000000000000000e+01,2.101000000000000000e+03
1.113503399999999885e+02,1.484735799999999983e+02,3.589074000000000098e+01,3.600000000000000000e+01,3.980000000000000000e+02
2.827817399999999566e+02,1.046740999999999957e+02,2.584509999999999863e+01,6.600000000000000000e+01,2.222000000000000000e+03
7.242476000000000624e+01,3.325301999999999936e+01,5.550499999999999545e+01,2.000000000000000000e+00,1.000000000000000000e+00
1.491403199999999742e+02,4.848705999999999960e+01,3.869607999999999493e+01,3.200000000000000000e+01,2.494000000000000000e+03
2.998065599999999904e+02,7.373069999999998458e+01,2.720646000000000342e+01,6.400000000000000000e+01,3.541000000000000000e+03
2.867512399999999957e+02,1.472172799999999881e+02,2.834783999999999793e+01,7.000000000000000000e+01,1.736000000000000000e+03
6.572165999999999997e+01,3.985514000000000578e+01,4.741503999999999763e+01,2.000000000000000000e+00,2.966000000000000000e+03
2.250511000000000195e+02,1.301118799999999851e+02,2.647172000000000125e+01,5.200000000000000000e+01,2.731000000000000000e+03
7.998806000000000438e+01,3.891504000000000474e+01,4.980829999999998847e+01,0.000000000000000000e+00,6.990000000000000000e+02
3.225440600000000018e+02,8.332380000000000564e+01,1.589431999999999690e+01,6.300000000000000000e+01,2.657000000000000000e+03
5.130634000000000583e+01,7.049457999999999913e+01,6.038468000000000302e+01,1.300000000000000000e+01,1.444000000000000000e+03
4.522986000000000217e+01,5.591299999999999670e+01,1.728288000000000224e+01,1.000000000000000000e+01,1.365000000000000000e+03
1.362981800000000021e+02,1.372477999999999909e+01,3.834179999999999922e+01,9.000000000000000000e+00,3.030000000000000000e+02
2.786911999999999807e+02,4.131815999999999889e+01,1.478115999999999808e+01,6.000000000000000000e+01,1.600000000000000000e+01
4.286515999999999593e+01,1.051752599999999944e+02,6.649754000000000076e+01,3.900000000000000000e+01,1.260000000000000000e+03
7.564897999999999456e+01,1.162188000000000017e+02,3.635246000000000066e+01,1.200000000000000000e+01,1.495000000000000000e+03
2.825926999999999794e+02,8.088293999999999073e+01,1.056209999999999916e+01,5.900000000000000000e+01,4.810000000000000000e+02
2.263447999999999993e+01,5.194758000000000209e+01,6.753896000000000299e+01,2.400000000000000000e+01,2.800000000000000000e+02
2.541656400000000247e+02,7.437398000000000309e+01,5.606939999999999458e+01,5.800000000000000000e+01,2.647000000000000000e+03
1.112279400000000038e+02,3.347231999999999630e+01,3.616138000000000119e+01,5.000000000000000000e+00,2.800000000000000000e+03
1.738685199999999895e+02,3.326084000000000174e+01,1.201900000000000013e+01,5.000000000000000000e+01,1.939000000000000000e+03
2.079082999999999970e+02,8.167411999999998784e+01,6.200171999999999173e+01,4.800000000000000000e+01,4.080000000000000000e+02
5.520681999999999334e+01,1.411527000000000100e+02,1.998315999999999804e+01,2.800000000000000000e+01,1.578000000000000000e+03
3.845978000000000208e+01,3.662344000000000221e+01,6.473633999999999844e+01,2.400000000000000000e+01,1.669000000000000000e+03
2.536831799999999930e+02,6.646829999999999927e+01,1.512149999999999928e+01,4.700000000000000000e+01,1.967000000000000000e+03
7.938455999999999335e+01,1.297623600000000010e+02,3.651089999999999947e+01,1.600000000000000000e+01,1.334000000000000000e+03
1.362053600000000131e+02,4.841395999999999589e+01,1.189319999999999844e+01,1.500000000000000000e+01,2.420000000000000000e+03
3.111945200000000114e+02,1.021669399999999968e+02,1.588411999999999935e+01,6.300000000000000000e+01,4.650000000000000000e+02
1.474049599999999884e+02,1.081998999999999995e+02,4.498506000000000427e+01,3.000000000000000000e+01,2.902000000000000000e+03
9.734234000000000719e+01,7.694845999999999719e+01,2.542656000000000205e+01,8.000000000000000000e+00,5.800000000000000000e+01
6.944499999999999318e+01,4.456958000000000197e+01,1.540845999999999982e+01,4.000000000000000000e+00,1.008000000000000000e+03
1.972044199999999989e+02,5.013061999999999330e+01,1.250213999999999892e+01,3.100000000000000000e+01,3.000000000000000000e+01
2.554226200000000233e+02,3.246354000000000184e+01,2.318596000000000146e+01,6.500000000000000000e+01,1.310000000000000000e+02
6.313357999999999493e+01,1.297565799999999854e+02,1.423274000000000150e+01,2.100000000000000000e+01,3.271000000000000000e+03
1.765868199999999888e+02,9.279483999999999355e+01,7.547455999999999676e+01,5.400000000000000000e+01,2.294000000000000000e+03
1.336145600000000115e+02,1.516583600000000160e+02,3.866718000000000188e+01,3.600000000000000000e+01,1.605000000000000000e+03
5.401239999999999952e+01,3.340737999999999630e+01,1.793839999999999790e+01,6.000000000000000000e+00,1.597000000000000000e+03
2.619383799999999951e+02,8.775909999999998945e+01,4.438937999999999562e+01,5.800000000000000000e+01,1.124000000000000000e+03
5.480935999999999808e+01,9.454652000000000100e+01,6.409203999999999724e+01,3.900000000000000000e+01,3.171000000000000000e+03
1.298646999999999707e+02,5.978559999999999519e+01,3.869404000000000110e+01,1.400000000000000000e+01,2.626000000000000000e+03
8.141979999999999507e+01,3.193110000000000070e+01,1.755861999999999767e+01,4.000000000000000000e+00,2.238000000000000000e+03
8.332175999999999760e+01,5.763850000000000051e+01,4.546955999999999420e+01,3.000000000000000000e+00,1.270000000000000000e+02
1.974964799999999912e+02,8.200256000000000256e+01,1.799144000000000077e+01,3.100000000000000000e+01,2.041000000000000000e+03
1.523179599999999994e+02,6.692628000000000554e+01,4.042430000000000234e+01,3.200000000000000000e+01,1.424000000000000000e+03
1.780654799999999796e+02,1.434075799999999958e+02,1.213595999999999719e+01,5.100000000000000000e+01,2.315000000000000000e+03
1.209101199999999920e+02,1.087357400000000069e+02,2.827405999999999509e+01,2.200000000000000000e+01,1.950000000000000000e+02
8.591867999999999483e+01,1.026395400000000109e+02,1.107549999999999990e+01,1.100000000000000000e+01,1.890000000000000000e+03
1.796029599999999959e+02,6.647136000000000422e+01,3.691618000000000421e+01,3.200000000000000000e+01,3.400000000000000000e+01
6.600964000000000453e+01,1.487309599999999818e+02,4.843708000000000169e+01,2.000000000000000000e+01,6.780000000000000000e+02
4.102439999999999998e+01,1.487472799999999893e+02,3.894121999999999417e+01,3.500000000000000000e+01,7.230000000000000000e+02
4.128313999999999595e+01,6.848008000000000095e+01,6.668283999999999878e+01,1.300000000000000000e+01,2.065000000000000000e+03
2.783001999999999612e+02,1.462241400000000056e+02,4.116618000000000421e+01,7.400000000000000000e+01,2.720000000000000000e+02
4.783867999999999654e+01,1.471819199999999910e+02,3.749282000000000181e+01,3.500000000000000000e+01,3.254000000000000000e+03
8.700429999999998643e+01,1.049766999999999939e+02,3.441105999999999199e+01,1.700000000000000000e+01,8.860000000000000000e+02
1.368513599999999997e+02,1.623224600000000066e+02,2.239545999999999992e+01,3.600000000000000000e+01,3.650000000000000000e+03
1.142246999999999986e+02,7.378918000000000177e+01,1.072529999999999895e+01,8.000000000000000000e+00,1.628000000000000000e+03
1.553330799999999954e+02,1.082553199999999975e+02,3.944782000000000011e+01,3.000000000000000000e+01,3.615000000000000000e+03
1.185770399999999967e+02,4.983719999999999573e+01,3.114366000000000057e+01,1.400000000000000000e+01,3.594000000000000000e+03
2.239318199999999592e+02,1.292350199999999916e+02,3.254004000000000474e+01,5.200000000000000000e+01,2.907000000000000000e+03
2.089548200000000122e+02,4.827557999999999794e+01,3.562655999999999779e+01,4.400000000000000000e+01,1.990000000000000000e+02
7.608553999999999462e+01,1.302172799999999881e+02,2.023170000000000002e+01,2.100000000000000000e+01,1.440000000000000000e+03
4.106009999999999849e+01,2.066588000000000136e+01,2.419439999999999813e+01,6.000000000000000000e+00,6.580000000000000000e+02
2.843923199999999838e+02,1.369023599999999874e+02,2.055163999999999902e+01,6.800000000000000000e+01,1.022000000000000000e+03
1.112425599999999832e+02,4.477221999999999724e+01,3.595092000000000354e+01,1.400000000000000000e+01,6.550000000000000000e+02
7.117322000000000060e+01,1.338308000000000106e+02,4.669525999999999044e+01,1.600000000000000000e+01,1.542000000000000000e+03
3.083548399999999674e+02,9.854798000000000968e+01,1.957788000000000039e+01,6.300000000000000000e+01,5.620000000000000000e+02
2.103542600000000107e+02,1.137429199999999980e+02,1.314032000000000089e+01,5.600000000000000000e+01,1.318000000000000000e+03
4.704070000000000107e+01,1.588456199999999967e+02,2.787524000000000157e+01,3.500000000000000000e+01,6.590000000000000000e+02
2.639273799999999710e+02,3.147992000000000345e+01,4.418266000000000560e+01,6.500000000000000000e+01,2.962000000000000000e+03
1.845961999999999819e+02,1.027758800000000008e+02,6.617964000000000624e+01,4.800000000000000000e+01,1.837000000000000000e+03
2.396432199999999852e+02,1.085960000000000036e+02,2.789733999999999980e+01,5.500000000000000000e+01,5.860000000000000000e+02
9.545941999999999439e+01,1.504840000000000089e+01,4.383823999999999899e+01,1.000000000000000000e+00,1.505000000000000000e+03
3.002512800000000084e+02,8.225585999999999842e+01,4.057900000000000063e+01,6.400000000000000000e+01,1.075000000000000000e+03
1.599686400000000219e+02,1.478081999999999852e+01,3.864677999999999969e+01,9.000000000000000000e+00,2.946000000000000000e+03
4.100399999999999778e+01,1.185185600000000079e+02,2.814248000000000260e+01,3.300000000000000000e+01,1.511000000000000000e+03
4.274479999999999791e+01,1.415440399999999954e+02,6.429876000000000147e+01,2.700000000000000000e+01,3.168000000000000000e+03
5.807063999999999737e+01,8.098868000000000222e+01,4.667927999999999855e+01,7.000000000000000000e+00,2.068000000000000000e+03
2.556453199999999697e+02,9.458426000000000045e+01,1.029553999999999903e+01,4.700000000000000000e+01,1.818000000000000000e+03
1.287729600000000119e+02,1.087428799999999995e+02,3.236936000000000035e+01,3.000000000000000000e+01,8.820000000000000000e+02
1.478636199999999974e+02,1.424521799999999985e+02,3.761487999999999943e+01,4.500000000000000000e+01,1.401000000000000000e+03
4.754934000000000083e+01,1.438250999999999920e+02,2.618578000000000117e+01,2.800000000000000000e+01,1.865000000000000000e+03
1.975304800000000114e+02,2.670598000000000027e+01,3.680499999999999972e+01,5.700000000000000000e+01,2.044000000000000000e+03
2.768620000000000232e+02,3.109503999999999735e+01,4.168807999999999936e+01,6.700000000000000000e+01,8.830000000000000000e+02
4.568171999999999855e+01,1.952110000000000056e+01,3.325948000000000349e+01,6.000000000000000000e+00,2.706000000000000000e+03
3.081916400000000067e+02,9.860985999999998342e+01,1.289314000000000071e+01,6.300000000000000000e+01,8.600000000000000000e+01
9.265271999999998798e+01,1.407005000000000052e+02,1.821209999999999951e+01,2.600000000000000000e+01,3.156000000000000000e+03
1.355090399999999988e+02,1.295655000000000143e+02,3.501422000000000168e+01,3.000000000000000000e+01,3.565000000000000000e+03
5.809001999999999555e+01,8.098868000000000222e+01,5.293357999999999919e+01,1.300000000000000000e+01,9.300000000000000000e+01
7.081485999999999592e+01,6.976426000000000727e+01,5.066850000000000165e+01,1.300000000000000000e+01,2.393000000000000000e+03
4.555694000000000443e+01,1.482529199999999889e+02,3.187432000000000087e+01,3.500000000000000000e+01,7.060000000000000000e+02
2.774539399999999887e+02,1.552344799999999907e+02,1.442041999999999824e+01,7.000000000000000000e+01,6.270000000000000000e+02
3.060972399999999993e+02,7.576287999999999556e+01,1.647673999999999950e+01,6.300000000000000000e+01,2.765000000000000000e+03
2.404918600000000026e+02,8.690705999999998710e+01,1.032103999999999999e+01,4.700000000000000000e+01,2.821000000000000000e+03
5.214750000000000085e+01,7.631571999999999889e+01,6.034694000000000358e+01,1.300000000000000000e+01,3.720000000000000000e+02
1.155214600000000047e+02,6.904753999999999792e+01,2.804898000000000025e+01,1.400000000000000000e+01,5.240000000000000000e+02
2.390434599999999818e+02,1.085960000000000036e+02,3.369127999999999901e+01,5.500000000000000000e+01,4.450000000000000000e+02
2.100336399999999912e+02,5.563590000000000657e+01,3.550110000000000099e+01,3.800000000000000000e+01,2.949000000000000000e+03
7.696478000000000463e+01,5.192922000000000082e+01,2.125985999999999976e+01,4.000000000000000000e+00,7.130000000000000000e+02
2.547895399999999597e+02,1.344220599999999877e+02,2.751823999999999515e+01,7.100000000000000000e+01,2.232000000000000000e+03
1.156513399999999905e+02,1.087360799999999870e+02,2.850288000000000110e+01,2.200000000000000000e+01,1.060000000000000000e+02
1.438546799999999735e+02,1.186147799999999819e+02,3.868316000000000088e+01,3.000000000000000000e+01,1.753000000000000000e+03
7.468916000000000111e+01,1.942419999999999902e+01,4.409868000000000876e+01,2.000000000000000000e+00,1.887000000000000000e+03
5.882544000000000040e+01,1.215350399999999809e+02,8.825719999999998677e+00,2.100000000000000000e+01,2.629000000000000000e+03
7.271375999999999351e+01,9.840348000000000184e+01,4.041852000000000089e+01,7.000000000000000000e+00,2.750000000000000000e+03
7.478605999999999199e+01,1.013332599999999957e+02,2.329645999999999972e+01,1.100000000000000000e+01,2.970000000000000000e+02
2.250511000000000195e+02,6.385913999999999646e+01,1.565121999999999858e+01,4.200000000000000000e+01,1.212000000000000000e+03
8.980487999999998294e+01,1.625726999999999975e+02,3.972934000000000054e+01,2.000000000000000000e+01,2.976000000000000000e+03
1.602933400000000006e+02,5.425447999999999382e+01,1.195575999999999972e+01,1.500000000000000000e+01,2.610000000000000000e+03
2.696444799999999873e+02,1.457379400000000089e+02,3.360015999999999536e+01,7.100000000000000000e+01,2.483000000000000000e+03
2.180008600000000172e+02,1.005743800000000050e+02,5.862756000000000256e+01,4.300000000000000000e+01,3.409000000000000000e+03
4.409494000000000113e+01,1.185188999999999879e+02,4.257990000000000919e+01,3.300000000000000000e+01,8.200000000000000000e+01
1.091835200000000015e+02,1.118195399999999751e+02,3.864032000000000266e+01,1.700000000000000000e+01,1.582000000000000000e+03
7.149451999999999430e+01,2.662233999999999767e+01,1.649068000000000112e+01,4.000000000000000000e+00,2.729000000000000000e+03
1.120126599999999826e+02,1.619382600000000139e+02,3.794059999999999633e+01,3.600000000000000000e+01,2.008000000000000000e+03
7.557927999999999713e+01,1.280372000000000128e+02,5.462201999999999913e+01,1.600000000000000000e+01,1.821000000000000000e+03
4.616791999999999518e+01,1.370325799999999958e+02,2.737713999999999714e+01,2.800000000000000000e+01,3.188000000000000000e+03
2.757294600000000173e+02,1.495092199999999991e+02,1.397808000000000028e+01,7.000000000000000000e+01,7.400000000000000000e+01
2.602903999999999769e+02,1.548836000000000013e+02,2.738121999999999900e+01,7.100000000000000000e+01,1.070000000000000000e+03
1.118837999999999795e+02,9.057871999999998991e+01,1.072529999999999895e+01,2.200000000000000000e+01,2.910000000000000000e+03
2.847659800000000132e+02,7.111473999999999762e+01,3.897691999999999979e+01,5.300000000000000000e+01,2.318000000000000000e+03
2.635700400000000059e+02,1.331052400000000091e+02,2.747641999999999385e+01,7.100000000000000000e+01,2.146000000000000000e+03
2.299178599999999904e+02,1.055730599999999981e+02,4.108662000000000347e+01,4.900000000000000000e+01,1.758000000000000000e+03
2.893563199999999824e+02,1.014961200000000048e+02,1.045330000000000048e+01,5.900000000000000000e+01,1.623000000000000000e+03
2.141326799999999935e+02,9.843374000000000024e+01,1.032681999999999967e+01,5.500000000000000000e+01,3.044000000000000000e+03
1.610770399999999825e+02,6.686473999999999762e+01,1.548665999999999876e+01,2.500000000000000000e+01,2.259000000000000000e+03
2.336595599999999990e+02,8.611010000000000275e+01,5.854561999999999955e+01,4.300000000000000000e+01,1.201000000000000000e+03
1.812801800000000014e+02,2.704155999999999693e+01,3.834145999999999788e+01,5.700000000000000000e+01,1.161000000000000000e+03
5.112307999999999453e+01,4.541379999999999484e+01,2.027216000000000307e+01,1.000000000000000000e+01,2.244000000000000000e+03
2.209666799999999967e+02,4.344111999999999796e+01,1.405151999999999823e+01,4.400000000000000000e+01,1.176000000000000000e+03
2.721349799999999846e+02,7.068225999999998521e+01,1.039583999999999975e+01,5.300000000000000000e+01,3.100000000000000000e+01
1.113030799999999800e+02,4.963387999999999778e+01,3.865086000000000155e+01,1.400000000000000000e+01,3.620000000000000000e+02
1.063809000000000111e+02,3.981264000000000181e+01,1.197343999999999831e+01,5.000000000000000000e+00,1.653000000000000000e+03
8.820824000000000353e+01,1.028656399999999849e+02,3.934717999999999449e+01,1.200000000000000000e+01,3.430000000000000000e+02
5.285368000000000421e+01,1.169222599999999943e+02,3.245708000000000482e+01,3.300000000000000000e+01,1.207000000000000000e+03
6.253211999999999904e+01,2.107864000000000004e+01,4.877265999999999480e+01,2.000000000000000000e+00,3.190000000000000000e+02
2.274589799999999684e+02,7.975278000000000134e+01,1.032681999999999967e+01,4.200000000000000000e+01,2.453000000000000000e+03
2.779211000000000240e+02,1.410150000000000148e+02,4.131883999999999446e+01,7.400000000000000000e+01,1.960000000000000000e+02
5.949796000000000618e+01,1.224897599999999755e+02,4.847108000000000061e+01,2.700000000000000000e+01,1.860000000000000000e+03
2.014860399999999743e+02,7.629939999999999145e+01,1.542681999999999931e+01,3.100000000000000000e+01,1.710000000000000000e+03
2.791274199999999723e+02,1.332426000000000101e+02,2.868511999999999773e+01,6.800000000000000000e+01,4.770000000000000000e+02
2.697158800000000269e+02,1.653623999999999938e+01,9.614520000000000621e+00,6.000000000000000000e+01,3.700000000000000000e+03
1.155119399999999956e+02,1.061126399999999848e+02,4.045830000000000126e+01,2.300000000000000000e+01,5.060000000000000000e+02
1.855369799999999998e+02,4.578949999999999676e+01,3.798377999999999588e+01,5.700000000000000000e+01,3.437000000000000000e+03
7.346175999999999817e+01,1.537813199999999938e+02,1.932695999999999970e+01,2.600000000000000000e+01,2.322000000000000000e+03
2.548017799999999795e+02,1.547044199999999989e+02,2.647954000000000363e+01,7.100000000000000000e+01,2.286000000000000000e+03
1.247483799999999974e+02,1.552174799999999948e+02,1.194250000000000078e+01,3.600000000000000000e+01,3.418000000000000000e+03
1.975569999999999879e+02,7.729695999999999856e+01,5.756845999999999464e+01,4.800000000000000000e+01,2.344000000000000000e+03
1.791293399999999849e+02,1.086340799999999973e+02,1.625166000000000111e+01,5.600000000000000000e+01,3.684000000000000000e+03
4.847720000000000340e+01,3.850534000000000390e+01,1.348950000000000138e+01,1.000000000000000000e+01,1.734000000000000000e+03
1.114897399999999976e+02,5.659367999999999199e+01,3.766859999999999786e+01,1.400000000000000000e+01,2.110000000000000000e+02
1.005036599999999964e+02,1.625730400000000202e+02,2.077263999999999911e+01,2.600000000000000000e+01,1.356000000000000000e+03
1.975719599999999900e+02,8.254757999999999640e+01,5.354693999999999221e+01,4.800000000000000000e+01,1.655000000000000000e+03
1.976368999999999971e+02,8.367297999999999547e+01,8.242416000000000054e+01,4.800000000000000000e+01,3.482000000000000000e+03
8.162889999999998736e+01,7.356307999999999936e+01,1.072631999999999941e+01,1.100000000000000000e+01,3.440000000000000000e+03
1.248004000000000069e+01,9.296653999999999485e+01,7.214629999999999654e+01,1.800000000000000000e+01,2.174000000000000000e+03
2.028501200000000040e+02,9.480491999999998143e+01,7.638031999999999755e+01,4.800000000000000000e+01,3.692000000000000000e+03
2.649671000000000163e+02,3.868825999999999965e+01,1.131077999999999939e+01,6.000000000000000000e+01,1.246000000000000000e+03
1.239809999999999803e+02,1.071064599999999984e+02,3.416557999999999851e+01,3.000000000000000000e+01,3.880000000000000000e+02
6.843179999999999552e+01,6.947118000000000393e+01,5.658653999999999940e+01,1.300000000000000000e+01,2.011000000000000000e+03
6.729518000000000200e+01,3.134663999999999717e+01,4.823987999999999943e+01,2.000000000000000000e+00,2.240000000000000000e+03
4.567015999999999565e+01,5.092485999999999535e+01,3.201406000000000063e+01,1.000000000000000000e+01,2.267000000000000000e+03
1.452752000000000123e+02,6.640743999999999403e+01,3.483469999999999800e+01,3.200000000000000000e+01,1.650000000000000000e+03
1.980442199999999957e+02,1.069932400000000001e+02,1.072461999999999982e+01,5.600000000000000000e+01,9.740000000000000000e+02
2.682062799999999925e+02,3.236391999999999314e+01,1.499705999999999939e+01,6.000000000000000000e+01,6.510000000000000000e+02
2.706825000000000045e+02,7.031845999999998753e+01,4.943497999999999593e+01,5.800000000000000000e+01,2.558000000000000000e+03
7.971197999999998274e+01,1.425157599999999718e+02,1.572873999999999661e+01,2.100000000000000000e+01,2.005000000000000000e+03
7.234825999999999624e+01,2.004129999999999967e+01,1.699524000000000257e+01,1.000000000000000000e+00,3.608000000000000000e+03
2.579998199999999997e+02,7.818062000000000467e+01,1.031967999999999996e+01,4.700000000000000000e+01,9.860000000000000000e+02
7.660981999999999914e+01,4.854553999999999547e+01,5.031591999999999842e+01,0.000000000000000000e+00,1.775000000000000000e+03
4.643277999999999395e+01,1.497111800000000130e+02,2.612933999999999912e+01,3.500000000000000000e+01,2.980000000000000000e+02
4.785092000000000212e+01,1.348793599999999913e+02,2.280209999999999937e+01,2.800000000000000000e+01,2.755000000000000000e+03
1.086558400000000120e+02,2.935797999999999419e+01,3.860631999999999664e+01,5.000000000000000000e+00,2.693000000000000000e+03
2.670567399999999907e+02,4.186623999999999768e+01,1.549617999999999896e+01,6.000000000000000000e+01,1.519000000000000000e+03
1.127688199999999910e+02,8.508024000000000342e+01,5.571036000000000143e+01,2.300000000000000000e+01,1.658000000000000000e+03
4.365157999999999561e+01,1.484147600000000011e+02,4.432308000000000447e+01,3.500000000000000000e+01,1.825000000000000000e+03
7.668768000000000029e+01,7.360829999999999984e+01,2.711431999999999931e+01,1.100000000000000000e+01,3.712000000000000000e+03
2.580270199999999932e+02,8.039129999999998688e+01,1.683645999999999887e+01,4.700000000000000000e+01,1.307000000000000000e+03
2.146753199999999993e+02,1.105006799999999885e+02,1.340654000000000146e+01,5.500000000000000000e+01,2.829000000000000000e+03
1.319873200000000111e+02,1.427289399999999944e+02,1.191291999999999973e+01,4.000000000000000000e+01,8.850000000000000000e+02
3.195829999999999700e+02,8.721305999999999869e+01,1.064879999999999960e+01,6.300000000000000000e+01,1.959000000000000000e+03
2.441359799999999893e+02,1.059164599999999865e+02,2.658596000000000004e+01,5.500000000000000000e+01,8.840000000000000000e+02
2.612519199999999842e+02,1.475368799999999965e+02,3.501796000000000220e+01,7.100000000000000000e+01,1.321000000000000000e+03
2.351521600000000092e+02,1.085960000000000036e+02,3.901771999999999707e+01,5.500000000000000000e+01,3.680000000000000000e+02
