5.405931999999999960e+01,6.079812000000000438e+01,5.642673999999999523e+01,1.900000000000000000e+01,9.720000000000000000e+02
6.652915999999999030e+01,3.098998000000000275e+01,4.020466000000000406e+01,1.000000000000000000e+00,9.640000000000000000e+02
5.809172000000000935e+01,5.463562000000000296e+01,5.662767999999999802e+01,1.600000000000000000e+01,5.150000000000000000e+02
2.599745399999999904e+02,7.329073999999999955e+01,2.413490000000000180e+01,1.370000000000000000e+02,1.096000000000000000e+03
6.288027999999999906e+01,1.585215999999999958e+01,5.227363999999999322e+01,9.000000000000000000e+00,2.070000000000000000e+02
2.534829200000000355e+02,3.120485999999999649e+01,5.554035999999999973e+01,1.190000000000000000e+02,1.031000000000000000e+03
1.619579799999999921e+02,4.104479999999999507e+01,5.746101999999999066e+01,4.800000000000000000e+01,6.000000000000000000e+00
1.719669000000000096e+02,1.002792599999999936e+02,4.807634000000000185e+01,9.000000000000000000e+01,3.530000000000000000e+02
2.683942999999999870e+02,9.813182000000000471e+01,5.495283999999998770e+01,1.040000000000000000e+02,3.850000000000000000e+02
2.683405799999999886e+02,8.861487999999998522e+01,1.701666000000000167e+01,1.130000000000000000e+02,1.344000000000000000e+03
1.073937599999999861e+02,1.058494799999999856e+02,5.611870000000000402e+01,4.400000000000000000e+01,1.102000000000000000e+03
1.584532599999999718e+02,5.070250000000000057e+01,4.694923999999999609e+01,5.700000000000000000e+01,7.000000000000000000e+01
8.809230000000000871e+01,2.782628000000000057e+01,3.849105999999999739e+01,4.000000000000000000e+00,7.280000000000000000e+02
5.266532000000000124e+01,1.084810800000000057e+02,5.237257999999999925e+01,6.100000000000000000e+01,1.273000000000000000e+03
7.145610000000000639e+01,5.483213999999999544e+01,2.579341999999999757e+01,7.200000000000000000e+01,7.300000000000000000e+01
2.463843999999999710e+02,1.113537400000000019e+02,5.296383999999999759e+01,9.400000000000000000e+01,1.070000000000000000e+03
8.747315999999999292e+01,1.050654400000000095e+02,3.851145999999999958e+01,5.000000000000000000e+01,4.260000000000000000e+02
8.725386000000000308e+01,3.414925999999999817e+01,3.875285999999999831e+01,4.000000000000000000e+00,5.050000000000000000e+02
7.385275999999998930e+01,9.599797999999999831e+01,2.421173999999999538e+01,6.000000000000000000e+01,1.303000000000000000e+03
2.666341199999999390e+02,1.771366000000000085e+01,5.248069999999999879e+01,1.210000000000000000e+02,9.380000000000000000e+02
2.688237199999999802e+02,3.723577999999999832e+01,4.936799999999999500e+01,1.210000000000000000e+02,2.000000000000000000e+01
2.484835599999999829e+02,9.491065999999999292e+01,1.080588000000000015e+01,1.140000000000000000e+02,1.223000000000000000e+03
2.420017999999999958e+01,6.292685999999999780e+01,5.551894000000000062e+01,3.000000000000000000e+01,1.750000000000000000e+02
1.226961399999999998e+02,8.352507999999998844e+01,4.684077999999999520e+01,3.400000000000000000e+01,2.310000000000000000e+02
2.771598399999999742e+02,2.788884000000000185e+01,5.034855999999999199e+01,1.230000000000000000e+02,5.670000000000000000e+02
2.019797199999999862e+02,2.718640000000000256e+01,5.635703999999999070e+01,8.600000000000000000e+01,3.240000000000000000e+02
1.870472600000000227e+02,2.621808000000000050e+01,4.825518000000000285e+01,7.900000000000000000e+01,3.610000000000000000e+02
4.965597999999999956e+01,5.426706000000000074e+01,5.640260000000000673e+01,1.600000000000000000e+01,3.250000000000000000e+02
7.609608000000000061e+01,3.183317999999999870e+01,8.701959999999997919e+00,6.000000000000000000e+00,1.305000000000000000e+03
4.288385999999999854e+01,8.672787999999999897e+01,5.573823999999999756e+01,2.600000000000000000e+01,4.200000000000000000e+01
9.638149999999998840e+01,4.388142000000000564e+01,5.772655999999999921e+01,1.200000000000000000e+01,1.052000000000000000e+03
3.257488999999999919e+02,6.844811999999998875e+01,6.628231999999999857e+01,1.250000000000000000e+02,2.690000000000000000e+02
6.038195999999999941e+01,8.258531999999999584e+01,5.655628000000000100e+01,2.500000000000000000e+01,4.640000000000000000e+02
3.198430999999999926e+02,6.379964000000000368e+01,6.895505999999998892e+01,1.300000000000000000e+02,2.730000000000000000e+02
7.905033999999999139e+01,1.967002000000000095e+01,1.133627999999999858e+01,6.000000000000000000e+00,5.020000000000000000e+02
2.684765800000000127e+02,9.119853999999999417e+01,3.777297999999999689e+01,1.100000000000000000e+02,3.500000000000000000e+01
1.707184200000000089e+02,3.912210000000000321e+01,5.739675999999999334e+01,5.100000000000000000e+01,9.650000000000000000e+02
1.128072400000000073e+02,1.053965999999999958e+01,5.326134000000000412e+01,1.800000000000000000e+01,7.190000000000000000e+02
1.949342399999999884e+02,4.457910000000000394e+01,4.760339999999999350e+01,7.600000000000000000e+01,1.010000000000000000e+02
2.109380400000000009e+02,9.566307999999999367e+01,5.634139999999999304e+01,8.200000000000000000e+01,2.910000000000000000e+02
1.968345000000000198e+02,5.236510000000000531e+01,4.727801999999999794e+01,6.900000000000000000e+01,8.300000000000000000e+01
5.844940000000000424e+01,7.396665999999999030e+01,5.665760000000000218e+01,2.200000000000000000e+01,4.100000000000000000e+01
2.776610000000000156e+01,9.244021999999999650e+01,5.307399999999999807e+01,2.600000000000000000e+01,9.730000000000000000e+02
1.895935199999999838e+02,9.693059999999999832e+01,4.802908000000000044e+01,7.400000000000000000e+01,4.990000000000000000e+02
2.900329199999999901e+02,7.139115999999999929e+01,5.574435999999999325e+01,1.170000000000000000e+02,3.770000000000000000e+02
6.809282000000000323e+01,5.664943999999999846e+01,4.793659999999999854e+01,2.000000000000000000e+01,4.500000000000000000e+01
2.407172799999999881e+02,8.940232000000000312e+01,2.980610000000000070e+01,1.060000000000000000e+02,6.870000000000000000e+02
9.048250000000000171e+01,4.362234000000000123e+01,4.723926000000000158e+01,1.200000000000000000e+01,4.700000000000000000e+01
1.482365999999999850e+01,4.285869999999999891e+01,5.242765999999999593e+01,2.100000000000000000e+01,8.880000000000000000e+02
1.695287600000000054e+02,2.408627999999999858e+01,4.835581999999999425e+01,9.100000000000000000e+01,6.690000000000000000e+02
1.903313200000000052e+02,1.064635200000000026e+02,5.565901999999999816e+01,7.800000000000000000e+01,1.051000000000000000e+03
2.420765999999999707e+01,7.237648000000000081e+01,4.967366000000000525e+01,3.200000000000000000e+01,5.100000000000000000e+01
2.731264199999999960e+02,3.027768000000000015e+01,2.899248000000000047e+01,1.280000000000000000e+02,9.970000000000000000e+02
1.406046200000000113e+02,3.410234000000000520e+01,4.754899999999999949e+01,1.010000000000000000e+02,1.199000000000000000e+03
2.377126999999999839e+02,1.043810200000000066e+02,5.502593999999999852e+01,9.400000000000000000e+01,5.400000000000000000e+01
2.949826400000000035e+02,7.213168000000000291e+01,4.919426000000000698e+01,1.170000000000000000e+02,1.330000000000000000e+03
2.189732600000000105e+02,4.260947999999999780e+01,5.665895999999998622e+01,8.500000000000000000e+01,6.510000000000000000e+02
4.957506000000000057e+01,9.435577999999999577e+01,4.946999999999999176e+01,6.100000000000000000e+01,3.260000000000000000e+02
3.027414400000000114e+02,9.702852000000000032e+01,5.593918000000000035e+01,1.260000000000000000e+02,4.420000000000000000e+02
2.558493199999999774e+02,1.044038000000000039e+02,5.448907999999999419e+01,9.400000000000000000e+01,1.103000000000000000e+03
1.736203199999999924e+02,5.933917999999999893e+01,4.679453999999999780e+01,5.600000000000000000e+01,2.930000000000000000e+02
1.502510999999999797e+02,5.495011999999999830e+01,5.815904000000000451e+01,4.500000000000000000e+01,3.180000000000000000e+02
1.899206000000000074e+02,6.438987999999999090e+01,5.775987999999999545e+01,6.900000000000000000e+01,1.335000000000000000e+03
7.844140000000000157e+01,6.522967999999998767e+01,3.573093999999999681e+01,2.400000000000000000e+01,1.235000000000000000e+03
2.563501399999999535e+02,8.583912000000000830e+01,2.229889999999999972e+01,1.180000000000000000e+02,3.840000000000000000e+02
3.925163999999999476e+01,6.470913999999999078e+01,4.881481999999999744e+01,2.700000000000000000e+01,1.320000000000000000e+02
8.049703999999999837e+01,2.487167999999999779e+01,4.883386000000000138e+01,5.000000000000000000e+00,1.032000000000000000e+03
2.597583000000000197e+02,6.681441999999999837e+01,5.643795999999999680e+01,1.110000000000000000e+02,6.700000000000000000e+01
2.022456000000000031e+01,4.741333999999999804e+01,5.046007999999999782e+01,2.100000000000000000e+01,5.290000000000000000e+02
2.727578599999999938e+02,2.286601999999999535e+01,2.248147999999999769e+01,1.280000000000000000e+02,4.690000000000000000e+02
1.641057599999999752e+02,5.341910000000000025e+01,4.683398000000000394e+01,5.700000000000000000e+01,1.100000000000000000e+01
7.167573999999999046e+01,5.031217999999999790e+01,4.776115999999999673e+01,2.000000000000000000e+01,7.100000000000000000e+01
2.337241600000000119e+02,9.955267999999999518e+01,5.580487999999999715e+01,8.700000000000000000e+01,4.210000000000000000e+02
7.941821999999999093e+01,4.459167999999999665e+01,2.677533999999999992e+01,7.200000000000000000e+01,6.420000000000000000e+02
9.100473999999998398e+01,9.267346000000000572e+01,5.707035999999999376e+01,3.100000000000000000e+01,2.890000000000000000e+02
1.794540399999999920e+02,8.212666000000000111e+01,4.701724000000000103e+01,9.500000000000000000e+01,1.137000000000000000e+03
2.428245999999999754e+02,1.944391999999999854e+01,2.412741999999999720e+01,1.350000000000000000e+02,3.280000000000000000e+02
2.675483800000000087e+02,9.769934000000000651e+01,3.909625999999999379e+01,1.050000000000000000e+02,7.700000000000000000e+01
2.105065800000000138e+02,1.147227999999999923e+02,5.284891999999999257e+01,8.900000000000000000e+01,7.990000000000000000e+02
2.401182000000000016e+02,2.844610000000000127e+01,3.239996000000000009e+01,1.350000000000000000e+02,1.003000000000000000e+03
1.799477200000000039e+02,4.155887999999999494e+01,4.714779999999999660e+01,7.600000000000000000e+01,7.470000000000000000e+02
3.134402200000000107e+02,5.967237999999999687e+01,5.920862000000000336e+01,1.220000000000000000e+02,5.630000000000000000e+02
1.674221200000000067e+02,8.070919999999999561e+01,4.693325999999999709e+01,9.500000000000000000e+01,6.890000000000000000e+02
1.945095799999999997e+02,6.075256000000000256e+01,4.714439999999999742e+01,6.900000000000000000e+01,6.200000000000000000e+01
1.332633399999999710e+02,9.849800000000000466e+01,4.770812000000000097e+01,3.700000000000000000e+01,2.720000000000000000e+02
8.232453999999999894e+01,3.162034000000000233e+01,4.809299999999999642e+01,1.000000000000000000e+01,8.500000000000000000e+01
7.150030000000000996e+01,3.844142000000000081e+01,4.069595999999999947e+01,5.000000000000000000e+00,5.390000000000000000e+02
2.427494599999999991e+02,1.080237800000000021e+02,3.213884000000000185e+01,1.060000000000000000e+02,7.420000000000000000e+02
1.847471600000000080e+02,7.903197999999999013e+01,5.772349999999999426e+01,6.800000000000000000e+01,8.800000000000000000e+02
1.848409999999999798e+02,2.041903999999999897e+01,4.914564000000000021e+01,8.400000000000000000e+01,7.360000000000000000e+02
8.498980000000000246e+01,8.622467999999999222e+01,5.725429999999998643e+01,3.100000000000000000e+01,7.400000000000000000e+01
1.440610599999999977e+02,8.795595999999999037e+01,4.731168000000000262e+01,1.000000000000000000e+02,4.730000000000000000e+02
3.111152999999999906e+02,9.137363999999999464e+01,5.979919999999999902e+01,1.260000000000000000e+02,9.200000000000000000e+01
4.882229999999999848e+01,5.220121999999999929e+01,4.839831999999999823e+01,1.600000000000000000e+01,9.300000000000000000e+01
1.780362399999999923e+02,2.342260000000000275e+01,4.858089999999999975e+01,8.400000000000000000e+01,1.020000000000000000e+03
1.574152400000000114e+02,1.603201999999999927e+01,5.523844000000000420e+01,9.100000000000000000e+01,3.590000000000000000e+02
2.834097199999999930e+02,1.048403600000000040e+02,5.241236000000000672e+01,1.080000000000000000e+02,2.180000000000000000e+02
2.116313000000000102e+02,3.868553999999999604e+01,5.675381999999999749e+01,8.500000000000000000e+01,5.600000000000000000e+01
2.586329000000000065e+02,2.126122000000000156e+01,1.761981999999999715e+01,1.360000000000000000e+02,9.000000000000000000e+02
3.173889800000000037e+02,4.185739999999999839e+01,6.467445999999999628e+01,1.310000000000000000e+02,1.005000000000000000e+03
7.496286000000000627e+01,6.510353999999999530e+01,5.697856000000000165e+01,2.800000000000000000e+01,8.610000000000000000e+02
1.833194999999999766e+02,4.316232000000000113e+01,5.766026000000000096e+01,7.600000000000000000e+01,1.312000000000000000e+03
7.275319999999999254e+01,2.048465999999999809e+01,1.074774000000000029e+01,3.000000000000000000e+00,9.320000000000000000e+02
2.468797799999999825e+02,3.507643999999999807e+01,5.579637999999999209e+01,1.330000000000000000e+02,1.204000000000000000e+03
5.725974000000000075e+01,6.121121999999999730e+01,4.830141999999999314e+01,1.900000000000000000e+01,8.540000000000000000e+02
7.920844000000001017e+01,5.044375999999999749e+01,2.428960000000000008e+01,7.200000000000000000e+01,1.450000000000000000e+02
1.618960999999999899e+02,8.327552000000000021e+01,4.711175999999999675e+01,9.500000000000000000e+01,6.220000000000000000e+02
1.134012200000000092e+02,2.852769999999999584e+01,4.789070000000000249e+01,1.500000000000000000e+01,1.323000000000000000e+03
9.543120000000000047e+00,7.618040000000000589e+01,5.222467999999999222e+01,3.200000000000000000e+01,7.590000000000000000e+02
2.511267199999999775e+02,8.847513999999999612e+01,3.946549999999999869e+01,9.900000000000000000e+01,1.123000000000000000e+03
1.189547799999999995e+02,9.209579999999998989e+00,5.221379999999999910e+01,6.400000000000000000e+01,3.680000000000000000e+02
1.147618999999999829e+02,5.126112000000000535e+01,4.669627999999999446e+01,4.600000000000000000e+01,1.367000000000000000e+03
1.891817800000000318e+02,5.831680000000000064e+01,5.773335999999999757e+01,6.900000000000000000e+01,1.028000000000000000e+03
1.078745200000000040e+02,8.030154000000000281e+01,4.688022000000000133e+01,3.300000000000000000e+01,7.120000000000000000e+02
6.958269999999998845e+01,1.135345000000000084e+02,5.246335999999999444e+01,5.300000000000000000e+01,7.250000000000000000e+02
6.159202000000000510e+01,1.081400599999999912e+02,2.398938000000000059e+01,7.100000000000000000e+01,3.980000000000000000e+02
1.615125800000000140e+02,3.796133999999999986e+01,4.742285999999999291e+01,4.800000000000000000e+01,1.110000000000000000e+03
6.719454000000000349e+01,8.242007999999999868e+01,5.680413999999999675e+01,2.500000000000000000e+01,8.680000000000000000e+02
7.605290000000000816e+01,4.194579999999999842e+01,2.220675999999999917e+01,2.000000000000000000e+00,1.180000000000000000e+02
2.018032599999999945e+02,8.263257999999999015e+01,5.692381999999999920e+01,7.700000000000000000e+01,1.190000000000000000e+02
2.457975599999999758e+02,1.066073400000000078e+02,2.628403999999999741e+01,1.060000000000000000e+02,7.540000000000000000e+02
1.963156599999999798e+02,6.810302000000000078e+01,4.718927999999999656e+01,6.200000000000000000e+01,1.074000000000000000e+03
8.378619999999999379e+01,1.063145999999999987e+02,2.041291999999999973e+01,6.500000000000000000e+01,1.140000000000000000e+03
8.856795999999999935e+01,1.143447199999999953e+02,5.350614000000000203e+01,4.700000000000000000e+01,4.010000000000000000e+02
1.441494599999999764e+02,1.664062000000000197e+01,5.543938000000000699e+01,9.700000000000000000e+01,7.580000000000000000e+02
1.869445800000000020e+02,8.309872000000000014e+01,4.721818000000000382e+01,6.800000000000000000e+01,1.250000000000000000e+02
7.159617999999998972e+01,1.336948000000000114e+01,5.237462000000000018e+01,9.000000000000000000e+00,1.087000000000000000e+03
1.551430199999999786e+02,1.237905999999999906e+01,5.058044000000000295e+01,9.100000000000000000e+01,1.193000000000000000e+03
6.778579999999999472e+01,1.933375999999999806e+01,1.474239999999999995e+01,3.000000000000000000e+00,7.720000000000000000e+02
2.044426799999999957e+02,2.249202000000000012e+01,4.918303999999999832e+01,8.600000000000000000e+01,9.180000000000000000e+02
2.662186399999999935e+02,3.849582000000000193e+01,3.536883999999999872e+01,1.320000000000000000e+02,1.300000000000000000e+02
6.542721999999999127e+01,1.078853999999999900e+02,1.691262000000000043e+01,7.100000000000000000e+01,1.310000000000000000e+02
3.355833999999999406e+01,5.944491999999999621e+01,4.898753999999999564e+01,2.700000000000000000e+01,1.980000000000000000e+02
2.108904400000000123e+02,1.034266400000000061e+02,5.569131999999999749e+01,8.200000000000000000e+01,1.194000000000000000e+03
2.202931399999999655e+02,1.286661999999999928e+01,5.275643999999999778e+01,9.300000000000000000e+01,1.017000000000000000e+03
1.156156400000000133e+02,5.476583999999999008e+01,5.807200000000000273e+01,4.900000000000000000e+01,3.380000000000000000e+02
1.731487399999999752e+02,2.089265999999999934e+01,5.590212000000000359e+01,8.400000000000000000e+01,8.900000000000000000e+01
1.224401199999999932e+02,3.071865999999999985e+01,4.774994000000000227e+01,5.800000000000000000e+01,1.370000000000000000e+02
2.213988200000000006e+02,3.556944000000000017e+01,5.639817999999998932e+01,8.500000000000000000e+01,1.540000000000000000e+02
1.174761199999999945e+02,3.164584000000000330e+01,5.725701999999999714e+01,5.800000000000000000e+01,6.330000000000000000e+02
2.964517800000000420e+02,3.915610000000000213e+01,5.035365999999999786e+01,1.270000000000000000e+02,9.060000000000000000e+02
2.519192600000000084e+02,6.318696000000000623e+01,2.597055999999999543e+01,1.370000000000000000e+02,4.810000000000000000e+02
2.355564200000000028e+02,1.425449999999999839e+01,5.292678000000000083e+01,1.290000000000000000e+02,1.049000000000000000e+03
3.338833999999999946e+01,4.790736000000000416e+01,5.548765999999999821e+01,2.700000000000000000e+01,1.092000000000000000e+03
2.400413599999999690e+02,9.141647999999999286e+01,2.214181999999999917e+01,1.060000000000000000e+02,1.360000000000000000e+03
7.720413999999999533e+01,5.406102000000000629e+01,2.878405999999999665e+01,7.200000000000000000e+01,1.050000000000000000e+02
8.074591999999999814e+01,2.295883999999999858e+01,5.568179999999999552e+01,1.300000000000000000e+01,1.460000000000000000e+02
6.749781999999999016e+01,1.060262799999999999e+02,2.362625999999999493e+01,7.100000000000000000e+01,2.920000000000000000e+02
3.665914000000000073e+01,6.837536000000000058e+01,5.597828000000000515e+01,2.300000000000000000e+01,1.371000000000000000e+03
3.585402000000000555e+01,8.269378000000000384e+01,5.550091999999999359e+01,2.600000000000000000e+01,1.215000000000000000e+03
9.295838000000000534e+01,6.003822000000000259e+01,4.730624000000000251e+01,4.300000000000000000e+01,1.500000000000000000e+02
2.061215999999999582e+01,8.913371999999999673e+01,5.251503999999999905e+01,3.200000000000000000e+01,6.440000000000000000e+02
2.953749999999999787e+01,3.071321999999999974e+01,5.266939999999999600e+01,1.700000000000000000e+01,9.010000000000000000e+02
2.838299599999999714e+02,7.492239999999999611e+01,5.572497999999998797e+01,1.170000000000000000e+02,3.540000000000000000e+02
2.266195199999999943e+02,4.063611999999999824e+01,5.639308000000000476e+01,8.500000000000000000e+01,3.390000000000000000e+02
7.779811999999999728e+01,7.342095999999999378e+01,4.765269999999999584e+01,2.900000000000000000e+01,1.550000000000000000e+02
6.952660000000000196e+01,1.022981800000000021e+02,5.550941999999999865e+01,5.300000000000000000e+01,6.450000000000000000e+02
2.282593400000000088e+02,2.857087999999999894e+01,4.884133999999999531e+01,9.300000000000000000e+01,1.340000000000000000e+02
7.684373999999999683e+01,2.787149999999999750e+01,5.629209999999999781e+01,1.000000000000000000e+01,9.920000000000000000e+02
1.693832400000000007e+02,5.338306000000000040e+01,5.803460000000000463e+01,5.100000000000000000e+01,5.640000000000000000e+02
1.419652999999999849e+02,1.184505599999999959e+02,5.232463999999999515e+01,4.100000000000000000e+01,7.680000000000000000e+02
2.479851200000000233e+02,8.948221999999999809e+01,3.409792000000000201e+01,1.060000000000000000e+02,1.610000000000000000e+02
3.189992199999999798e+02,6.755392000000000507e+01,6.239034000000000191e+01,1.250000000000000000e+02,1.620000000000000000e+02
1.510769600000000139e+02,9.249325999999999226e+01,4.755954000000000548e+01,1.000000000000000000e+02,1.630000000000000000e+02
2.080378399999999885e+02,2.926991999999999905e+01,5.638559999999999661e+01,8.000000000000000000e+01,6.430000000000000000e+02
1.192740400000000136e+02,6.084707999999999828e+01,5.816754000000000246e+01,3.600000000000000000e+01,1.230000000000000000e+03
2.567611999999999739e+02,1.032199200000000019e+02,2.122415999999999769e+01,1.090000000000000000e+02,1.202000000000000000e+03
1.131581199999999825e+02,1.024637600000000077e+02,5.671097999999999928e+01,4.400000000000000000e+01,1.351000000000000000e+03
8.027365999999999246e+01,1.882138000000000133e+01,4.976171999999999684e+01,1.300000000000000000e+01,6.960000000000000000e+02
2.626510200000000168e+02,2.453779999999999717e+01,1.003033999999999892e+01,1.360000000000000000e+02,4.700000000000000000e+02
1.446292000000000044e+01,4.912081999999999482e+01,5.374210000000000065e+01,2.100000000000000000e+01,8.790000000000000000e+02
2.142826199999999801e+02,1.183573999999999948e+01,5.239943999999999846e+01,9.300000000000000000e+01,1.149000000000000000e+03
2.248375799999999742e+02,2.941408000000000200e+01,5.610136000000000678e+01,9.300000000000000000e+01,1.030000000000000000e+03
6.150259999999999394e+01,3.863861999999999597e+01,2.996249999999999858e+01,1.000000000000000000e+00,1.000000000000000000e+00
1.431440800000000024e+02,7.344747999999999877e+01,4.663915999999999684e+01,6.300000000000000000e+01,1.236000000000000000e+03
1.953945999999999827e+01,5.375773999999999830e+01,5.000516000000000361e+01,3.000000000000000000e+01,6.700000000000000000e+02
2.436280199999999923e+02,5.848646000000000811e+01,4.814229999999999876e+01,1.160000000000000000e+02,9.370000000000000000e+02
2.239750000000000085e+01,5.663583999999999463e+01,5.507898000000000138e+01,3.000000000000000000e+01,4.600000000000000000e+02
1.849923000000000002e+02,1.023433999999999955e+01,5.239739999999999753e+01,8.400000000000000000e+01,6.040000000000000000e+02
1.619957200000000057e+02,7.190218000000000131e+01,4.662760000000000105e+01,6.300000000000000000e+01,8.710000000000000000e+02
5.402498000000000644e+01,4.249727999999999639e+01,4.858089999999999975e+01,1.400000000000000000e+01,1.276000000000000000e+03
9.233515999999998769e+01,5.551009999999999422e+01,5.752765999999999025e+01,1.200000000000000000e+01,1.189000000000000000e+03
2.153083999999999776e+01,7.523927999999999372e+01,5.485763999999999641e+01,3.200000000000000000e+01,1.080000000000000000e+02
2.195135199999999713e+02,1.136229000000000013e+02,5.310120000000000573e+01,8.700000000000000000e+01,9.620000000000000000e+02
5.508408000000000015e+01,6.837841999999999132e+01,5.648284000000000304e+01,1.900000000000000000e+01,1.113000000000000000e+03
2.685449199999999905e+02,9.809374000000001104e+01,1.355647999999999875e+01,1.130000000000000000e+02,9.000000000000000000e+00
4.682479999999999620e+01,5.847421999999999542e+01,4.854655999999999949e+01,1.600000000000000000e+01,3.020000000000000000e+02
1.173683399999999892e+02,7.814525999999999328e+01,5.813761999999999830e+01,3.400000000000000000e+01,1.130000000000000000e+03
1.834656999999999982e+02,1.032073400000000021e+02,5.625469999999999970e+01,7.800000000000000000e+01,1.308000000000000000e+03
9.087995999999999697e+01,1.088238000000000198e+02,5.527550000000000097e+01,4.700000000000000000e+01,5.600000000000000000e+02
2.376365399999999966e+02,6.065225999999999118e+01,5.682929999999998927e+01,9.800000000000000000e+01,1.272000000000000000e+03
8.060890000000000555e+01,9.040395999999999788e+01,1.847390000000000043e+01,5.900000000000000000e+01,8.130000000000000000e+02
2.987450800000000299e+02,3.641535999999999973e+01,5.597623999999999711e+01,1.270000000000000000e+02,1.125000000000000000e+03
3.146067599999999516e+02,3.631369999999999720e+01,6.220605999999999369e+01,1.310000000000000000e+02,1.225000000000000000e+03
7.796506000000000824e+01,1.068405800000000028e+02,3.680534000000000106e+01,5.000000000000000000e+01,1.063000000000000000e+03
2.538463800000000106e+02,1.078537800000000004e+02,3.951649999999999352e+01,9.900000000000000000e+01,1.105000000000000000e+03
2.552380000000000280e+02,3.784302000000000277e+01,3.764105999999999597e+01,1.240000000000000000e+02,4.870000000000000000e+02
1.213018000000000001e+02,1.027928799999999967e+02,5.670689999999999742e+01,4.000000000000000000e+01,6.610000000000000000e+02
2.974183999999999983e+01,6.773547999999999547e+01,5.560359999999999303e+01,2.700000000000000000e+01,6.000000000000000000e+02
6.988971999999999696e+01,2.273104000000000013e+01,2.401079999999999970e+01,3.000000000000000000e+00,1.280000000000000000e+02
1.500321400000000267e+02,1.082787799999999976e+02,4.901915999999999229e+01,9.600000000000000000e+01,1.106000000000000000e+03
2.120573199999999758e+02,4.561167999999999267e+01,5.693265999999999138e+01,8.500000000000000000e+01,9.700000000000000000e+01
8.494049999999998590e+01,5.906547999999999377e+01,5.728353999999999502e+01,2.800000000000000000e+01,2.540000000000000000e+02
1.828676400000000228e+02,1.169256600000000077e+02,5.230117999999999512e+01,8.300000000000000000e+01,1.160000000000000000e+03
2.867627999999999702e+02,8.237179999999999325e+01,4.943022000000000560e+01,1.120000000000000000e+02,2.750000000000000000e+02
3.128118999999999801e+02,6.955481999999999232e+01,5.882884000000000668e+01,1.220000000000000000e+02,9.100000000000000000e+02
8.090368000000000848e+01,9.079291999999999518e+01,4.790259999999999252e+01,2.900000000000000000e+01,6.370000000000000000e+02
7.704536000000000229e+01,1.653793999999999897e+01,5.448023999999999489e+01,9.000000000000000000e+00,8.980000000000000000e+02
4.644943999999999562e+01,2.982037999999999656e+01,5.482772000000000645e+01,1.100000000000000000e+01,1.069000000000000000e+03
1.417585799999999949e+02,4.824633999999999645e+01,5.791899999999999693e+01,4.500000000000000000e+01,6.100000000000000000e+01
2.828170999999999822e+02,6.638160000000000593e+01,5.605341999999999558e+01,1.170000000000000000e+02,1.250000000000000000e+03
2.557616000000000156e+02,3.687639999999999674e+01,1.702005999999999730e+01,1.340000000000000000e+02,3.500000000000000000e+02
8.411939999999999884e+01,8.982766000000000872e+01,3.263047999999999860e+01,5.400000000000000000e+01,8.270000000000000000e+02
2.618584799999999859e+02,7.228127999999999531e+01,4.860163999999999618e+01,1.070000000000000000e+02,1.118000000000000000e+03
7.255736000000000274e+01,3.693725999999999487e+01,1.001980000000000004e+01,7.000000000000000000e+00,9.890000000000000000e+02
6.489512000000000569e+01,8.959645999999999333e+01,5.638695999999999486e+01,2.500000000000000000e+01,1.267000000000000000e+03
2.902488199999999665e+02,3.519238000000000000e+01,4.994736000000000331e+01,1.270000000000000000e+02,7.650000000000000000e+02
1.695416800000000137e+02,1.611532000000000053e+01,4.967536000000000485e+01,9.100000000000000000e+01,4.900000000000000000e+01
2.816940799999999854e+02,9.101153999999999655e+01,4.965666000000000224e+01,1.080000000000000000e+02,6.010000000000000000e+02
5.966285999999999490e+01,3.640413999999999817e+01,2.330155999999999850e+01,7.000000000000000000e+00,8.900000000000000000e+02
1.950936999999999841e+02,7.077677999999998804e+01,5.761469999999999203e+01,6.800000000000000000e+01,1.227000000000000000e+03
1.020720799999999855e+02,1.011867199999999940e+02,5.672491999999999024e+01,4.700000000000000000e+01,2.210000000000000000e+02
8.771286000000000627e+01,8.854211999999999705e+01,1.829335999999999984e+01,5.900000000000000000e+01,4.320000000000000000e+02
2.359151200000000301e+02,7.472486000000000672e+01,4.824124000000000478e+01,1.020000000000000000e+02,1.166000000000000000e+03
2.564293599999999742e+02,7.936960000000000548e+01,2.248318000000000083e+01,1.180000000000000000e+02,1.157000000000000000e+03
2.539201600000000099e+02,6.409374000000001104e+01,3.206540000000000390e+01,1.370000000000000000e+02,7.320000000000000000e+02
7.151525999999999783e+01,1.055513000000000119e+02,3.225240000000000151e+01,7.100000000000000000e+01,4.680000000000000000e+02
2.041084600000000080e+02,5.512386000000000053e+01,5.741409999999999059e+01,7.500000000000000000e+01,2.270000000000000000e+02
1.054771799999999899e+02,3.872531999999999641e+01,4.718995999999999924e+01,1.500000000000000000e+01,1.322000000000000000e+03
2.593727400000000216e+02,2.404377999999999815e+01,2.379183999999999699e+01,1.280000000000000000e+02,2.290000000000000000e+02
3.148107600000000161e+02,5.774219999999999686e+01,6.569071999999999889e+01,1.300000000000000000e+02,2.300000000000000000e+02
1.191077800000000053e+02,9.480253999999999337e+01,4.748508000000000351e+01,3.400000000000000000e+01,1.219000000000000000e+03
1.828173199999999952e+02,9.988078000000000145e+01,4.816779999999999973e+01,7.800000000000000000e+01,6.300000000000000000e+02
2.912524999999999977e+02,9.176667999999999381e+01,4.995245999999999498e+01,1.260000000000000000e+02,9.030000000000000000e+02
2.528219599999999616e+02,8.570584000000000913e+01,4.893245999999999896e+01,1.070000000000000000e+02,4.660000000000000000e+02
8.033723999999999421e+01,8.918335999999999331e+01,3.760637999999999437e+01,5.400000000000000000e+01,1.181000000000000000e+03
2.123759000000000015e+02,8.391846000000001027e+01,4.794339999999999691e+01,7.700000000000000000e+01,8.060000000000000000e+02
2.724345200000000204e+02,3.129665999999999926e+01,1.987843999999999767e+01,1.320000000000000000e+02,1.039000000000000000e+03
1.620827600000000075e+02,6.974759999999999138e+01,5.807301999999999964e+01,7.000000000000000000e+01,8.210000000000000000e+02
8.646710000000000207e+01,3.139729999999999421e+01,1.253682000000000052e+01,6.000000000000000000e+00,2.800000000000000000e+01
4.300523999999999347e+01,3.156866000000000128e+01,5.004459999999999553e+01,1.700000000000000000e+01,2.660000000000000000e+02
1.414158600000000092e+02,1.041780400000000100e+02,4.826503999999999905e+01,4.100000000000000000e+01,8.070000000000000000e+02
6.657165999999999428e+01,7.631231999999999971e+01,5.690410000000000679e+01,2.500000000000000000e+01,1.208000000000000000e+03
2.620135199999999713e+02,9.697208000000000538e+01,5.529419999999998936e+01,1.040000000000000000e+02,2.430000000000000000e+02
2.611002799999999979e+02,9.304541999999999291e+01,2.617081999999999908e+01,1.180000000000000000e+02,6.400000000000000000e+01
2.437660599999999818e+02,9.274213999999999203e+01,3.754755999999999716e+01,1.060000000000000000e+02,1.200000000000000000e+02
2.606674600000000055e+02,3.827515999999999252e+01,4.099515999999999849e+01,1.240000000000000000e+02,3.600000000000000000e+02
2.803708000000000311e+02,8.082649999999999579e+01,5.556994000000000256e+01,1.120000000000000000e+02,2.630000000000000000e+02
2.650004199999999628e+02,2.100893999999999906e+01,2.212312000000000012e+01,1.280000000000000000e+02,2.810000000000000000e+02
3.308516199999999685e+02,7.416249999999999432e+01,7.173796000000000106e+01,1.250000000000000000e+02,1.333000000000000000e+03
2.313591199999999617e+02,3.492242000000000246e+01,5.611462000000000216e+01,1.330000000000000000e+02,1.348000000000000000e+03
5.094253999999999394e+01,3.418529999999999802e+01,4.919663999999999504e+01,1.400000000000000000e+01,8.530000000000000000e+02
2.830816199999999867e+02,8.634810000000000230e+01,5.530269999999999442e+01,1.120000000000000000e+02,5.520000000000000000e+02
1.948658999999999821e+02,1.016409599999999926e+02,4.848264000000000351e+01,7.400000000000000000e+01,7.630000000000000000e+02
7.862091999999999814e+01,5.886726000000000170e+01,5.711285999999999063e+01,2.800000000000000000e+01,4.820000000000000000e+02
8.583912000000000830e+01,9.656713999999999487e+01,4.809163999999999106e+01,5.000000000000000000e+01,2.550000000000000000e+02
6.702895999999999788e+01,2.114732000000000056e+01,4.994940000000000424e+01,9.000000000000000000e+00,4.000000000000000000e+00
1.497060799999999858e+02,7.576832000000000278e+01,4.681392000000000309e+01,6.300000000000000000e+01,4.330000000000000000e+02
2.529147799999999506e+02,1.936334000000000088e+01,1.258849999999999980e+01,1.360000000000000000e+02,1.690000000000000000e+02
3.766451999999999600e+01,4.332280000000000086e+01,5.559952000000000538e+01,1.700000000000000000e+01,4.850000000000000000e+02
6.572539999999999338e+01,7.864131999999999323e+01,4.790192000000000405e+01,2.500000000000000000e+01,3.200000000000000000e+01
1.668577200000000005e+02,1.579606000000000066e+01,5.512012000000000000e+01,9.100000000000000000e+01,9.500000000000000000e+01
8.011011999999999489e+01,2.404411999999999949e+01,2.688992000000000004e+01,8.000000000000000000e+00,4.880000000000000000e+02
2.742185000000000059e+02,8.767444000000000415e+01,5.542680000000000007e+01,1.120000000000000000e+02,2.470000000000000000e+02
4.907628000000000412e+01,8.590371999999999275e+01,5.599629999999999797e+01,2.600000000000000000e+01,2.900000000000000000e+01
6.257903999999999911e+01,1.104880999999999887e+02,5.292337999999999454e+01,6.100000000000000000e+01,1.047000000000000000e+03
3.451782000000000039e+01,4.148509999999999565e+01,4.945436000000000121e+01,1.700000000000000000e+01,3.230000000000000000e+02
2.744976399999999899e+02,3.182875999999999905e+01,5.507387999999999550e+01,1.230000000000000000e+02,2.400000000000000000e+01
2.478317799999999806e+02,3.686075999999999908e+01,2.871231999999999474e+01,1.340000000000000000e+02,1.131000000000000000e+03
3.254119600000000219e+02,6.530006000000000199e+01,7.179541999999999291e+01,1.250000000000000000e+02,5.660000000000000000e+02
7.137416000000000338e+01,7.200315999999999406e+01,2.587502000000000280e+01,6.700000000000000000e+01,1.163000000000000000e+03
1.347246600000000001e+02,8.693120000000000402e+00,5.233041999999999661e+01,6.400000000000000000e+01,1.309000000000000000e+03
1.404397199999999941e+02,9.695610000000000639e+01,5.708361999999998915e+01,3.700000000000000000e+01,1.072000000000000000e+03
3.249502400000000080e+02,4.626549999999999585e+01,6.844811999999998875e+01,1.300000000000000000e+02,5.730000000000000000e+02
1.863560400000000072e+02,4.889369999999999550e+01,5.770105999999999824e+01,6.900000000000000000e+01,9.190000000000000000e+02
2.761462999999999965e+02,8.796752000000000749e+01,4.942545999999999395e+01,1.120000000000000000e+02,2.040000000000000000e+02
2.397227799999999718e+02,2.315604000000000084e+01,2.887042000000000286e+01,1.350000000000000000e+02,7.740000000000000000e+02
1.214462999999999795e+02,1.413822000000000223e+01,5.498207999999999629e+01,6.400000000000000000e+01,2.710000000000000000e+02
1.416610000000000014e+02,6.698748000000000502e+01,4.633554000000000173e+01,3.800000000000000000e+01,9.200000000000000000e+02
1.587147199999999998e+02,2.420425999999999789e+01,5.659265999999999508e+01,9.100000000000000000e+01,5.210000000000000000e+02
2.623116999999999734e+02,2.258144000000000062e+01,5.429255999999999460e+01,1.210000000000000000e+02,6.640000000000000000e+02
2.684045000000000414e+02,2.640882000000000218e+01,3.840911999999999438e+01,1.280000000000000000e+02,3.350000000000000000e+02
1.396618000000000279e+02,9.241981999999998720e+01,4.750207999999999942e+01,3.700000000000000000e+01,8.400000000000000000e+01
2.645149000000000115e+02,3.277055999999999614e+01,4.943939999999999912e+01,1.210000000000000000e+02,1.900000000000000000e+01
7.247473999999999705e+01,4.434687999999999164e+01,2.681545999999999808e+01,7.200000000000000000e+01,7.840000000000000000e+02
1.164003599999999921e+02,8.682681999999999789e+01,4.691183999999999799e+01,3.400000000000000000e+01,1.870000000000000000e+02
2.573562000000000012e+02,1.799960000000000093e+01,5.322699999999999676e+01,1.210000000000000000e+02,1.311000000000000000e+03
2.556024799999999857e+02,5.915218000000000131e+01,2.303500000000000014e+01,1.370000000000000000e+02,2.870000000000000000e+02
1.862707000000000050e+02,3.534470000000000312e+01,5.715842000000000667e+01,7.600000000000000000e+01,7.820000000000000000e+02
1.004448400000000134e+02,8.196685999999998273e+01,5.781087999999999738e+01,3.100000000000000000e+01,8.220000000000000000e+02
2.641354600000000232e+02,1.063156199999999956e+02,2.042379999999999995e+01,1.090000000000000000e+02,5.650000000000000000e+02
2.169930999999999983e+02,1.030635199999999969e+02,5.561719999999999686e+01,8.200000000000000000e+01,1.299000000000000000e+03
7.348555999999999244e+01,1.032076799999999963e+02,2.264943999999999491e+01,7.100000000000000000e+01,2.260000000000000000e+02
1.826242000000000019e+02,5.717983999999999156e+01,5.783740000000000947e+01,5.600000000000000000e+01,4.090000000000000000e+02
1.429288599999999860e+02,4.261730000000000018e+01,4.716480000000000672e+01,4.200000000000000000e+01,6.410000000000000000e+02
2.163426800000000014e+02,1.863233999999999924e+01,4.997558000000000078e+01,9.300000000000000000e+01,9.110000000000000000e+02
8.470929999999999893e+01,1.068820599999999956e+02,5.540979999999999706e+01,4.700000000000000000e+01,1.099000000000000000e+03
2.831356799999999794e+02,4.756770000000000209e+01,5.555123999999999995e+01,1.150000000000000000e+02,8.500000000000000000e+02
3.250787599999999884e+02,5.991276000000000579e+01,6.589370000000000971e+01,1.300000000000000000e+02,1.288000000000000000e+03
2.353490199999999675e+02,4.501939999999999742e+01,4.842790000000000106e+01,9.200000000000000000e+01,1.035000000000000000e+03
6.971598000000000184e+01,6.178003999999999962e+01,5.684051999999999794e+01,2.000000000000000000e+01,1.359000000000000000e+03
1.798232800000000111e+02,3.735784000000000304e+01,5.734848000000000212e+01,7.900000000000000000e+01,9.680000000000000000e+02
6.172564000000000561e+01,5.620403999999999911e+01,4.810421999999999798e+01,1.600000000000000000e+01,1.860000000000000000e+02
2.968577399999999784e+02,5.261533999999999622e+01,5.006024000000000029e+01,1.200000000000000000e+02,1.084000000000000000e+03
1.776591799999999921e+02,1.064927600000000041e+02,4.897869999999998925e+01,8.300000000000000000e+01,3.040000000000000000e+02
2.171644600000000196e+02,9.548593999999999937e+01,5.624687999999999732e+01,8.100000000000000000e+01,4.720000000000000000e+02
2.767695200000000000e+02,1.054465799999999973e+02,5.276391999999999172e+01,1.080000000000000000e+02,9.600000000000000000e+01
1.745937399999999968e+02,3.837648000000000081e+01,4.729162000000000177e+01,7.900000000000000000e+01,2.600000000000000000e+01
1.742816199999999753e+02,4.535871999999999815e+01,4.698596000000000572e+01,5.100000000000000000e+01,1.152000000000000000e+03
1.913839600000000019e+02,1.166064000000000078e+01,5.306108000000000402e+01,8.600000000000000000e+01,1.282000000000000000e+03
1.585878999999999905e+02,8.964269999999999072e+01,4.749324000000000012e+01,1.000000000000000000e+02,5.380000000000000000e+02
1.011557799999999787e+02,1.082121400000000051e+02,5.565290000000000248e+01,4.700000000000000000e+01,1.230000000000000000e+02
2.105657399999999768e+02,6.059275999999999840e+01,5.738145999999999702e+01,7.500000000000000000e+01,5.060000000000000000e+02
9.026524000000000569e+01,3.872905999999999693e+01,2.565368000000000137e+01,2.000000000000000000e+00,1.316000000000000000e+03
5.355849999999999511e+01,7.878752000000000066e+01,5.650017999999999319e+01,2.200000000000000000e+01,4.790000000000000000e+02
9.222295999999998628e+01,3.508800000000000097e+01,3.041470000000000340e+01,4.000000000000000000e+00,7.100000000000000000e+02
6.397439999999999571e+01,1.074974599999999896e+02,3.101581999999999795e+01,7.100000000000000000e+01,1.370000000000000000e+03
2.928018799999999828e+02,9.857245999999999242e+01,5.314947999999999695e+01,1.080000000000000000e+02,1.112000000000000000e+03
1.546319999999999766e+02,5.047231999999999630e+01,5.796625999999999834e+01,4.500000000000000000e+01,4.590000000000000000e+02
1.160494800000000168e+02,2.546430000000000149e+01,5.679767999999999972e+01,5.800000000000000000e+01,7.350000000000000000e+02
3.513118000000000052e+01,7.637420000000000186e+01,5.560529999999999262e+01,2.300000000000000000e+01,1.128000000000000000e+03
9.977741999999997802e+01,2.578729999999999833e+01,4.814875999999999578e+01,1.500000000000000000e+01,3.210000000000000000e+02
1.344669399999999939e+02,4.810115999999999303e+01,4.681663999999999959e+01,4.200000000000000000e+01,1.161000000000000000e+03
3.435768000000000200e+01,2.673760000000000048e+01,5.239399999999999125e+01,1.700000000000000000e+01,1.266000000000000000e+03
1.983155400000000270e+02,1.134750000000000014e+01,5.268368000000000251e+01,8.600000000000000000e+01,1.251000000000000000e+03
4.560419999999999874e+01,4.894129999999999825e+01,5.617853999999999814e+01,1.600000000000000000e+01,3.400000000000000000e+02
4.627331999999999823e+01,1.058433600000000041e+02,5.220326000000000022e+01,6.100000000000000000e+01,9.090000000000000000e+02
6.220674000000001058e+01,2.384726000000000212e+01,5.488959999999999440e+01,1.100000000000000000e+01,2.080000000000000000e+02
2.401685200000000009e+02,3.440528000000000475e+01,3.112700000000000244e+01,1.350000000000000000e+02,1.247000000000000000e+03
8.315141999999998745e+01,2.938279999999999603e+01,5.658755999999999631e+01,1.000000000000000000e+01,4.510000000000000000e+02
7.659927999999999315e+01,8.880902000000000385e+01,1.258170000000000144e+01,6.600000000000000000e+01,9.580000000000000000e+02
2.342253200000000106e+02,1.041946999999999974e+02,4.964815999999999718e+01,8.700000000000000000e+01,1.830000000000000000e+02
6.350656000000000034e+01,3.838804000000000372e+01,1.696157999999999788e+01,7.000000000000000000e+00,3.320000000000000000e+02
2.492176200000000108e+02,2.216154000000000224e+01,2.693649999999999878e+01,1.350000000000000000e+02,8.340000000000000000e+02
3.991429999999999723e+01,5.764802000000000248e+01,4.872369999999999379e+01,2.700000000000000000e+01,1.430000000000000000e+02
2.607279799999999454e+02,2.286398000000000152e+01,3.060340000000000416e+01,1.280000000000000000e+02,5.200000000000000000e+01
7.200451999999998520e+01,8.233916000000000679e+01,2.611233999999999611e+01,6.000000000000000000e+01,1.296000000000000000e+03
2.555188400000000115e+02,9.531967999999999108e+01,5.552539999999999765e+01,1.040000000000000000e+02,8.000000000000000000e+00
1.094585799999999978e+02,5.225221999999999412e+01,5.796353999999999473e+01,4.900000000000000000e+01,1.350000000000000000e+02
2.166024400000000014e+02,3.319250000000000256e+01,4.850202000000000169e+01,8.500000000000000000e+01,2.010000000000000000e+02
5.513167999999999580e+01,5.458461999999999392e+01,4.826095999999999009e+01,1.600000000000000000e+01,2.700000000000000000e+01
4.110735999999999279e+01,7.935293999999998960e+01,5.587967999999999336e+01,2.300000000000000000e+01,8.650000000000000000e+02
1.803801999999999737e+02,4.872914000000000101e+01,4.700228000000000605e+01,7.600000000000000000e+01,1.285000000000000000e+03
2.868773799999999596e+02,9.744739999999998759e+01,5.384341999999999473e+01,1.080000000000000000e+02,3.430000000000000000e+02
2.472184199999999805e+02,1.079397999999999911e+02,1.527551999999999843e+01,1.140000000000000000e+02,6.110000000000000000e+02
5.931300000000000239e+01,8.254485999999999990e+01,4.827626000000000062e+01,2.500000000000000000e+01,3.450000000000000000e+02
1.078221600000000109e+02,7.378883999999999332e+01,4.686899999999999977e+01,4.300000000000000000e+01,9.330000000000000000e+02
5.614997999999999223e+01,8.836260000000000048e+01,4.866556000000000637e+01,6.100000000000000000e+01,3.470000000000000000e+02
2.570814799999999991e+02,9.551042000000001053e+01,8.827420000000000044e+00,1.130000000000000000e+02,5.270000000000000000e+02
1.493222200000000157e+02,1.049804400000000015e+02,5.634208000000000283e+01,9.600000000000000000e+01,1.190000000000000000e+03
2.454072400000000016e+02,3.860087999999999653e+01,1.525715999999999894e+01,1.340000000000000000e+02,6.570000000000000000e+02
6.418724000000000274e+01,3.300278000000000134e+01,1.351907999999999888e+01,7.000000000000000000e+00,2.190000000000000000e+02
2.337227999999999994e+01,7.889360000000000639e+01,4.993036000000000030e+01,3.200000000000000000e+01,1.510000000000000000e+02
1.657666600000000017e+02,1.015352199999999954e+02,4.806715999999999411e+01,9.000000000000000000e+01,7.000000000000000000e+00
2.893705999999999676e+02,6.670766000000000417e+01,4.888349999999999085e+01,1.170000000000000000e+02,5.230000000000000000e+02
2.315158600000000035e+02,7.264745999999999526e+01,5.675280000000000058e+01,1.030000000000000000e+02,9.630000000000000000e+02
9.063345999999999947e+01,1.068817200000000156e+02,3.176483999999999597e+01,5.400000000000000000e+01,8.840000000000000000e+02
1.992699200000000133e+02,7.620794000000000779e+01,5.736003999999999792e+01,7.300000000000000000e+01,3.570000000000000000e+02
7.348657999999998935e+01,4.419999999999999574e+01,4.781181999999999732e+01,2.000000000000000000e+01,3.000000000000000000e+02
1.615136000000000251e+02,1.665014000000000038e+01,4.949991999999999592e+01,9.100000000000000000e+01,1.270000000000000000e+02
2.442468199999999854e+02,3.411117999999999739e+01,3.822517999999999461e+01,1.240000000000000000e+02,9.530000000000000000e+02
1.812352999999999952e+02,3.081861999999999568e+01,4.787879999999999825e+01,7.900000000000000000e+01,3.070000000000000000e+02
1.955877200000000187e+02,8.453896000000000299e+01,5.707920000000000016e+01,6.800000000000000000e+01,3.620000000000000000e+02
1.392990200000000129e+02,8.366855999999999938e+01,4.709000000000000341e+01,3.500000000000000000e+01,7.460000000000000000e+02
5.565630000000000877e+01,1.912397999999999954e+01,5.295704000000000633e+01,1.100000000000000000e+01,8.010000000000000000e+02
1.972819400000000201e+02,1.109134399999999943e+02,5.482091999999999388e+01,8.900000000000000000e+01,6.900000000000000000e+02
2.845922399999999470e+02,6.203809999999999292e+01,4.873831999999999454e+01,1.170000000000000000e+02,3.660000000000000000e+02
2.624840800000000058e+02,5.436769999999999214e+01,4.863461999999999819e+01,1.110000000000000000e+02,5.960000000000000000e+02
1.219491599999999778e+02,2.233256000000000085e+01,4.844932000000000016e+01,6.400000000000000000e+01,3.870000000000000000e+02
2.243524000000000171e+02,6.439293999999999585e+01,4.766460000000000008e+01,9.800000000000000000e+01,7.970000000000000000e+02
2.397163199999999961e+02,3.520869999999999322e+01,5.594971999999999923e+01,1.330000000000000000e+02,1.201000000000000000e+03
2.916621999999999915e+01,4.515234000000000236e+01,4.967943999999999960e+01,2.100000000000000000e+01,1.700000000000000000e+02
8.391369999999999152e+01,1.059232599999999991e+02,2.944570000000000221e+01,5.400000000000000000e+01,1.350000000000000000e+03
1.595837599999999838e+02,1.170195000000000078e+02,5.293120000000000402e+01,9.600000000000000000e+01,6.290000000000000000e+02
2.879708200000000033e+02,3.791170000000000329e+01,5.508170000000000499e+01,1.270000000000000000e+02,7.440000000000000000e+02
3.121414199999999823e+02,5.220156000000000063e+01,5.856839999999999691e+01,1.310000000000000000e+02,8.330000000000000000e+02
8.216303999999999519e+01,3.828943999999999903e+01,1.141753999999999891e+01,2.000000000000000000e+00,5.040000000000000000e+02
2.753010600000000068e+02,6.522526000000000579e+01,5.622613999999999379e+01,1.170000000000000000e+02,1.081000000000000000e+03
2.481707600000000014e+02,5.201422000000000168e+01,5.633187999999999818e+01,1.160000000000000000e+02,7.600000000000000000e+02
8.272812000000000410e+01,2.156993999999999900e+01,2.194971999999999923e+01,8.000000000000000000e+00,8.750000000000000000e+02
9.680105999999999256e+01,4.318441999999998870e+01,4.711175999999999675e+01,1.200000000000000000e+01,1.810000000000000000e+02
1.385476199999999949e+02,1.948709999999999809e+01,5.596093999999999369e+01,9.700000000000000000e+01,9.930000000000000000e+02
1.293390599999999893e+02,2.099227999999999739e+01,4.862951999999999941e+01,6.400000000000000000e+01,1.026000000000000000e+03
2.309188199999999824e+02,5.966762000000000654e+01,5.690987999999999403e+01,9.800000000000000000e+01,8.970000000000000000e+02
2.608024400000000469e+02,8.220112000000000307e+01,2.620277999999999707e+01,1.180000000000000000e+02,1.275000000000000000e+03
2.616755600000000186e+02,1.079928400000000011e+02,5.344425999999999988e+01,1.040000000000000000e+02,4.310000000000000000e+02
2.182361400000000060e+02,6.430215999999998644e+01,4.755545999999999651e+01,1.030000000000000000e+02,3.550000000000000000e+02
1.347182000000000244e+02,1.448977999999999966e+01,5.510583999999999349e+01,6.400000000000000000e+01,1.067000000000000000e+03
2.291311000000000320e+02,6.826384000000000185e+01,4.788832000000000022e+01,9.800000000000000000e+01,3.830000000000000000e+02
1.957080799999999954e+02,2.934641999999999840e+01,5.660625999999999891e+01,8.600000000000000000e+01,1.290000000000000000e+02
2.556374999999999886e+02,5.928954000000000235e+01,5.646719999999999828e+01,1.110000000000000000e+02,1.283000000000000000e+03
6.092528000000000077e+01,2.925053999999999732e+01,3.436720000000000397e+01,1.000000000000000000e+00,7.080000000000000000e+02
7.677335999999999672e+01,1.014641600000000068e+02,5.600717999999999819e+01,5.300000000000000000e+01,1.214000000000000000e+03
1.964418000000000220e+01,6.908017999999999859e+01,5.506810000000000116e+01,3.000000000000000000e+01,3.930000000000000000e+02
1.904547399999999868e+02,4.945640000000000214e+01,4.717091999999999530e+01,7.600000000000000000e+01,3.800000000000000000e+01
3.999522000000000332e+01,8.166154000000000224e+01,4.902154000000000167e+01,2.300000000000000000e+01,8.100000000000000000e+02
5.129919999999999902e+01,1.025654200000000031e+02,5.449554000000000542e+01,6.100000000000000000e+01,1.218000000000000000e+03
5.861565999999999121e+01,9.015167999999999893e+01,5.613876000000000488e+01,6.100000000000000000e+01,9.910000000000000000e+02
6.131356000000000250e+01,1.025059199999999890e+02,1.743519999999999825e+01,7.100000000000000000e+01,1.150000000000000000e+02
9.578649999999998954e+01,6.816898000000000479e+01,5.759293999999999869e+01,3.900000000000000000e+01,1.287000000000000000e+03
2.860375799999999913e+02,7.463475999999999999e+01,4.911844000000000676e+01,1.170000000000000000e+02,1.530000000000000000e+02
9.463763999999999044e+01,1.171004200000000139e+02,5.252524000000000370e+01,4.700000000000000000e+01,2.960000000000000000e+02
2.278554200000000094e+02,4.937819999999999965e+01,4.815759999999999508e+01,9.200000000000000000e+01,8.670000000000000000e+02
1.587952999999999690e+02,4.438291999999999859e+01,4.712195999999999430e+01,4.800000000000000000e+01,1.143000000000000000e+03
2.900149000000000115e+02,4.215387999999999380e+01,4.959613999999999834e+01,1.270000000000000000e+02,1.920000000000000000e+02
1.246657599999999775e+02,1.178212199999999967e+02,5.278602000000000061e+01,4.000000000000000000e+01,1.248000000000000000e+03
2.486158199999999852e+02,3.820206000000000301e+01,3.973987999999999943e+01,1.240000000000000000e+02,7.790000000000000000e+02
9.969615999999999190e+01,1.076745999999999981e+01,5.323957999999999657e+01,1.800000000000000000e+01,8.820000000000000000e+02
3.145713999999999899e+01,5.567636000000000962e+01,5.561209999999999809e+01,2.700000000000000000e+01,1.261000000000000000e+03
1.765861400000000003e+02,6.463093999999999539e+01,4.681799999999999784e+01,5.600000000000000000e+01,4.490000000000000000e+02
9.217094000000000165e+01,4.980422000000000082e+01,4.721103999999999701e+01,1.200000000000000000e+01,3.800000000000000000e+02
1.648449200000000019e+02,9.522141999999999484e+01,4.779142000000000223e+01,9.000000000000000000e+01,4.110000000000000000e+02
3.066011199999999803e+02,5.063722000000000634e+01,6.083824000000000609e+01,1.310000000000000000e+02,1.064000000000000000e+03
1.919572000000000003e+02,1.145932599999999866e+02,5.357855999999999597e+01,7.800000000000000000e+01,2.320000000000000000e+02
2.678265000000000100e+02,9.434626000000000090e+01,4.950841999999999388e+01,1.040000000000000000e+02,5.900000000000000000e+02
2.566615799999999581e+02,4.166632000000000602e+01,2.222342000000000084e+01,1.340000000000000000e+02,7.090000000000000000e+02
2.101791599999999960e+02,9.899575999999998999e+01,4.852174000000000120e+01,8.200000000000000000e+01,1.009000000000000000e+03
1.896962000000000046e+02,5.574605999999999995e+01,4.710393999999999437e+01,6.900000000000000000e+01,4.000000000000000000e+01
3.024786199999999781e+02,4.165407999999999333e+01,5.841505999999998977e+01,1.310000000000000000e+02,3.750000000000000000e+02
4.734262000000000370e+01,7.993977999999998474e+01,5.622511999999999688e+01,2.300000000000000000e+01,9.460000000000000000e+02
2.538293799999999862e+02,5.625164000000000897e+01,2.817885999999999314e+01,1.370000000000000000e+02,4.200000000000000000e+02
2.258718599999999697e+02,1.019306399999999968e+02,4.916196000000000055e+01,8.700000000000000000e+01,4.650000000000000000e+02
1.918171199999999885e+02,3.809904000000000224e+01,5.723933999999999855e+01,7.600000000000000000e+01,4.220000000000000000e+02
1.436850200000000086e+02,3.205111999999999739e+01,5.715842000000000667e+01,1.010000000000000000e+02,4.230000000000000000e+02
2.894226199999999380e+02,6.518921999999999173e+01,5.598269999999999413e+01,1.200000000000000000e+02,3.030000000000000000e+02
1.065315200000000004e+02,9.232020000000000337e+00,5.247117999999999682e+01,1.800000000000000000e+01,4.270000000000000000e+02
8.185295999999999594e+01,1.034317400000000049e+02,4.202774000000000143e+01,5.000000000000000000e+01,1.940000000000000000e+02
1.080502999999999929e+02,1.478932000000000002e+01,4.977804000000000428e+01,1.800000000000000000e+01,4.250000000000000000e+02
1.216128999999999820e+02,6.669303999999999633e+01,5.826988000000000056e+01,3.600000000000000000e+01,1.186000000000000000e+03
4.598398000000000252e+01,9.240384000000000242e+01,5.541320000000000334e+01,2.600000000000000000e+01,1.490000000000000000e+02
3.056763199999999756e+02,3.211911999999999523e+01,5.772315999999999292e+01,1.310000000000000000e+02,9.900000000000000000e+01
2.658364799999999946e+02,8.850607999999999720e+01,4.926123999999999370e+01,1.040000000000000000e+02,7.620000000000000000e+02
8.909937999999999647e+01,9.391955999999998994e+01,1.519969999999999999e+01,5.900000000000000000e+01,4.380000000000000000e+02
1.467470600000000047e+02,6.284457999999999345e+01,4.632330000000000325e+01,6.300000000000000000e+01,1.740000000000000000e+02
3.188074599999999919e+02,6.146044000000000551e+01,6.227712000000000359e+01,1.300000000000000000e+02,3.300000000000000000e+01
2.692123399999999833e+02,3.277973999999999677e+01,3.719939999999999714e+01,1.280000000000000000e+02,5.870000000000000000e+02
3.049735399999999572e+02,7.589003999999999905e+01,6.051354000000000610e+01,1.220000000000000000e+02,1.329000000000000000e+03
1.241873800000000045e+02,1.099315199999999919e+02,5.553661999999999210e+01,4.000000000000000000e+01,4.050000000000000000e+02
9.283291999999998723e+01,9.796182000000000301e+01,2.295850000000000080e+01,5.900000000000000000e+01,2.220000000000000000e+02
2.678149400000000355e+02,1.073193000000000126e+02,3.095223999999999975e+01,1.050000000000000000e+02,6.470000000000000000e+02
1.965614800000000173e+02,9.311545999999998457e+01,5.665726000000000084e+01,7.400000000000000000e+01,1.089000000000000000e+03
1.299031200000000013e+02,7.691616000000000497e+01,5.817297999999999547e+01,3.500000000000000000e+01,9.270000000000000000e+02
3.093438999999999623e+02,8.534543999999999642e+01,5.722845999999999833e+01,1.260000000000000000e+02,5.800000000000000000e+01
2.368562400000000139e+02,2.871368000000000009e+01,5.580997999999999593e+01,1.330000000000000000e+02,5.820000000000000000e+02
2.738258000000000152e+02,5.881524000000000285e+01,5.613468000000000302e+01,1.150000000000000000e+02,2.970000000000000000e+02
1.697137199999999950e+02,9.198904000000000281e+01,5.731550000000000722e+01,9.000000000000000000e+01,1.172000000000000000e+03
1.091450999999999993e+02,6.694599999999998374e+01,4.687715999999999639e+01,4.300000000000000000e+01,8.770000000000000000e+02
2.222947199999999839e+02,1.955170000000000030e+01,5.491203999999999752e+01,9.300000000000000000e+01,7.170000000000000000e+02
9.627609999999999957e+01,6.056454000000000804e+01,5.757627999999999702e+01,3.900000000000000000e+01,1.122000000000000000e+03
1.811927999999999770e+02,5.692211999999999961e+01,4.694651999999999958e+01,5.600000000000000000e+01,6.000000000000000000e+01
1.135042399999999958e+02,1.706187999999999860e+01,5.542645999999999873e+01,1.800000000000000000e+01,1.292000000000000000e+03
7.451847999999999672e+01,3.881813999999999965e+01,5.678985999999999734e+01,1.000000000000000000e+01,1.115000000000000000e+03
2.566214600000000132e+02,9.113563999999999510e+01,4.289780000000000371e+01,9.900000000000000000e+01,1.203000000000000000e+03
2.608884599999999523e+02,1.033304199999999895e+02,2.729247999999999408e+01,1.050000000000000000e+02,1.144000000000000000e+03
2.731015999999999622e+02,9.250379999999998404e+01,2.416991999999999763e+01,1.100000000000000000e+02,1.352000000000000000e+03
2.037606400000000235e+02,7.038815999999999917e+01,4.733785999999999206e+01,7.300000000000000000e+01,1.326000000000000000e+03
9.276084000000000174e+01,3.051160000000000139e+01,2.294999999999999929e+01,2.000000000000000000e+00,1.011000000000000000e+03
1.220633999999999872e+02,3.855939999999999657e+01,4.724096000000000117e+01,5.200000000000000000e+01,6.460000000000000000e+02
8.751770000000000493e+01,3.805789999999999651e+01,1.463529999999999909e+01,2.000000000000000000e+00,4.560000000000000000e+02
1.424831199999999853e+02,3.848595999999999862e+01,5.746714000000000055e+01,4.500000000000000000e+01,1.306000000000000000e+03
8.500000000000000000e+00,6.973502000000000578e+01,5.270917999999999637e+01,3.000000000000000000e+01,8.550000000000000000e+02
2.322744000000000142e+02,3.331013999999999697e+01,4.875225999999999260e+01,1.330000000000000000e+02,4.610000000000000000e+02
1.624778400000000147e+02,7.698415999999998860e+01,5.787480000000000757e+01,7.000000000000000000e+01,4.620000000000000000e+02
7.470514000000000010e+01,8.909801999999999111e+01,4.181694000000000244e+01,5.500000000000000000e+01,8.250000000000000000e+02
6.861166000000000054e+01,7.280079999999999529e+01,4.790192000000000405e+01,2.500000000000000000e+01,1.170000000000000000e+02
2.327803199999999890e+02,9.743447999999999354e+01,4.887534000000000134e+01,8.700000000000000000e+01,7.200000000000000000e+01
2.547388799999999662e+02,7.465107999999999322e+01,5.623939999999999628e+01,1.070000000000000000e+02,8.470000000000000000e+02
1.926385599999999840e+02,7.922952000000000794e+01,5.747461999999999449e+01,6.800000000000000000e+01,2.200000000000000000e+02
7.796336000000000865e+01,1.032073400000000021e+02,2.861065999999999576e+01,7.100000000000000000e+01,3.160000000000000000e+02
2.673419999999999845e+02,2.025821999999999790e+01,2.898839999999999861e+01,1.280000000000000000e+02,9.130000000000000000e+02
2.636730599999999640e+02,1.937251999999999796e+01,1.429257999999999740e+01,1.360000000000000000e+02,8.560000000000000000e+02
2.061644399999999848e+02,1.141481999999999886e+01,5.245689999999999742e+01,8.600000000000000000e+01,1.170000000000000000e+03
2.205899600000000191e+02,9.643419999999998993e+01,4.853772000000000020e+01,8.100000000000000000e+01,6.310000000000000000e+02
1.475569399999999973e+02,8.644942000000000348e+01,5.752561999999999642e+01,1.000000000000000000e+02,1.010000000000000000e+03
1.433032000000000039e+02,9.276559999999998141e+00,5.208459999999999468e+01,9.700000000000000000e+01,5.410000000000000000e+02
1.354957799999999963e+02,1.713599999999999923e+01,4.925036000000000058e+01,6.400000000000000000e+01,1.321000000000000000e+03
1.296773599999999931e+02,1.044024399999999986e+02,5.649371999999999616e+01,3.700000000000000000e+01,1.024000000000000000e+03
1.603667800000000057e+02,8.354547999999999774e+01,5.766875999999999181e+01,1.000000000000000000e+02,1.090000000000000000e+03
2.449611599999999783e+02,8.875462000000000273e+01,1.875541999999999732e+01,1.180000000000000000e+02,6.180000000000000000e+02
6.380677999999999628e+01,6.409135999999999456e+01,4.815113999999999805e+01,2.200000000000000000e+01,1.328000000000000000e+03
1.854465399999999988e+02,6.157637999999999323e+01,4.698051999999999850e+01,6.200000000000000000e+01,1.210000000000000000e+02
2.607412399999999479e+02,5.479133999999999105e+01,2.494613999999999976e+01,1.370000000000000000e+02,2.250000000000000000e+02
8.455255999999998551e+01,6.440211999999999648e+01,4.758062000000000324e+01,2.800000000000000000e+01,2.020000000000000000e+02
1.367218199999999797e+02,7.553780000000000427e+01,5.812912000000000745e+01,3.500000000000000000e+01,1.244000000000000000e+03
1.357766200000000083e+02,4.356862000000000279e+01,5.775953999999999411e+01,4.200000000000000000e+01,3.220000000000000000e+02
4.121547999999999945e+01,2.330904000000000309e+01,5.242221999999999582e+01,1.700000000000000000e+01,1.343000000000000000e+03
2.773012800000000198e+02,3.427812000000000126e+01,4.963965999999999212e+01,1.230000000000000000e+02,4.860000000000000000e+02
2.549479800000000012e+02,3.448109999999999786e+01,3.063332000000000122e+01,1.240000000000000000e+02,9.420000000000000000e+02
8.386405999999999494e+01,2.104769999999999897e+01,3.092266000000000048e+01,8.000000000000000000e+00,3.790000000000000000e+02
2.669714000000000169e+02,3.177639999999999887e+01,1.267451999999999934e+01,1.320000000000000000e+02,1.079000000000000000e+03
8.570244000000000995e+01,7.159073999999999671e+01,4.746365999999999730e+01,2.900000000000000000e+01,6.190000000000000000e+02
3.278585999999999956e+01,5.110846000000000089e+01,4.933162000000000091e+01,2.700000000000000000e+01,5.330000000000000000e+02
6.122516000000000247e+01,8.868424000000000262e+01,2.917132000000000147e+01,6.000000000000000000e+01,6.930000000000000000e+02
1.191186599999999913e+02,7.232038000000000011e+01,5.821956000000000131e+01,3.600000000000000000e+01,1.042000000000000000e+03
2.699175000000000182e+02,9.207913999999998111e+01,5.534111999999998943e+01,1.040000000000000000e+02,5.580000000000000000e+02
6.487030000000000030e+01,8.837993999999999062e+01,1.633019999999999783e+01,6.600000000000000000e+01,4.950000000000000000e+02
3.964705999999999619e+01,1.017303799999999967e+02,5.294888000000000261e+01,2.600000000000000000e+01,7.110000000000000000e+02
7.617325999999999908e+01,2.534189999999999898e+01,8.742760000000000531e+00,6.000000000000000000e+00,9.760000000000000000e+02
2.692004399999999578e+02,1.044972999999999814e+02,3.700050000000000239e+01,1.050000000000000000e+02,4.390000000000000000e+02
1.922414400000000114e+02,8.612165999999999144e+01,4.744768000000000541e+01,7.400000000000000000e+01,4.300000000000000000e+01
2.348162400000000218e+02,4.071193999999999846e+01,5.622035999999999234e+01,1.330000000000000000e+02,1.332000000000000000e+03
2.966829799999999864e+02,6.223903999999999570e+01,5.649304000000000059e+01,1.200000000000000000e+02,1.318000000000000000e+03
8.581260000000000332e+01,2.498320000000000363e+01,1.217981999999999942e+01,6.000000000000000000e+00,3.400000000000000000e+01
1.030777999999999963e+02,6.034489999999999554e+01,5.776497999999999422e+01,3.900000000000000000e+01,8.620000000000000000e+02
7.624329999999999075e+01,3.702702000000000027e+01,1.652774000000000143e+01,2.000000000000000000e+00,3.130000000000000000e+02
9.192716000000000065e+01,2.806597999999999971e+01,3.300788000000000011e+01,4.000000000000000000e+00,9.700000000000000000e+02
2.065041000000000224e+02,4.978891999999999740e+01,4.779448000000000008e+01,7.500000000000000000e+01,1.132000000000000000e+03
2.499316199999999810e+02,1.573010000000000019e+01,5.214273999999999631e+01,1.290000000000000000e+02,7.270000000000000000e+02
2.925591200000000072e+02,4.772818000000000183e+01,4.943123999999999540e+01,1.270000000000000000e+02,3.740000000000000000e+02
2.186862999999999602e+02,7.866477999999999327e+01,4.797332000000000107e+01,1.030000000000000000e+02,6.800000000000000000e+02
2.041234199999999817e+02,2.914377999999999957e+01,4.843401999999999674e+01,8.000000000000000000e+01,5.560000000000000000e+02
2.054704999999999870e+02,7.770393999999998869e+01,5.702921999999999514e+01,7.300000000000000000e+01,4.550000000000000000e+02
2.439173600000000306e+02,8.333264000000001204e+01,5.617003999999999309e+01,8.800000000000000000e+01,7.800000000000000000e+02
7.726431999999999789e+01,8.533558000000000732e+01,2.252568000000000126e+01,6.000000000000000000e+01,1.135000000000000000e+03
1.431586999999999819e+02,7.465379999999998972e+01,5.808458000000000254e+01,7.000000000000000000e+01,8.260000000000000000e+02
5.831850000000000023e+01,4.842687999999999704e+01,5.666780000000000683e+01,1.600000000000000000e+01,6.540000000000000000e+02
2.492948000000000093e+02,9.125021999999998457e+01,2.496722000000000108e+01,1.180000000000000000e+02,5.160000000000000000e+02
1.029557399999999916e+02,5.278772000000000020e+01,5.785032000000000352e+01,4.600000000000000000e+01,8.030000000000000000e+02
2.627142600000000243e+02,2.856782000000000110e+01,4.220555999999999841e+01,1.210000000000000000e+02,5.550000000000000000e+02
8.445157999999999276e+01,7.985070000000000334e+01,5.741681999999999420e+01,2.900000000000000000e+01,1.040000000000000000e+03
1.007134399999999914e+02,1.150437599999999918e+02,5.405252000000000123e+01,4.700000000000000000e+01,1.890000000000000000e+02
1.557546800000000076e+02,2.426137999999999906e+01,4.818344000000000449e+01,9.100000000000000000e+01,1.191000000000000000e+03
3.243824399999999741e+02,7.332439999999999714e+01,7.023787999999998988e+01,1.250000000000000000e+02,6.230000000000000000e+02
2.781482199999999807e+02,7.057583999999999946e+01,5.598167999999999722e+01,1.170000000000000000e+02,4.000000000000000000e+02
1.828285400000000038e+02,7.274096000000000117e+01,5.781087999999999738e+01,6.800000000000000000e+01,9.940000000000000000e+02
2.292929399999999873e+02,5.569097999999999615e+01,4.797876000000000118e+01,9.200000000000000000e+01,1.073000000000000000e+03
2.451940599999999790e+02,7.630653999999998405e+01,5.637777999999999423e+01,1.020000000000000000e+02,5.720000000000000000e+02
2.557854000000000099e+02,8.956382000000000687e+01,9.692379999999999995e+00,1.130000000000000000e+02,5.950000000000000000e+02
9.196829999999998506e+01,6.706771999999999423e+01,4.734601999999999578e+01,4.300000000000000000e+01,3.460000000000000000e+02
2.401351999999999620e+01,4.429316000000000031e+01,5.439455999999999136e+01,2.100000000000000000e+01,3.710000000000000000e+02
2.762979399999999828e+02,4.292057999999999396e+01,4.929047999999999519e+01,1.150000000000000000e+02,1.220000000000000000e+03
2.923370999999999640e+02,8.478647999999999740e+01,4.963795999999999964e+01,1.260000000000000000e+02,9.350000000000000000e+02
2.451933800000000190e+02,8.356893999999999778e+01,4.870839999999999748e+01,8.800000000000000000e+01,7.010000000000000000e+02
3.956817999999999813e+01,5.099115999999999360e+01,4.894232000000000227e+01,2.700000000000000000e+01,3.340000000000000000e+02
1.570915600000000154e+02,1.100032600000000116e+02,5.544006000000000256e+01,9.600000000000000000e+01,5.510000000000000000e+02
2.595339000000000169e+02,3.635892000000000479e+01,4.921499999999999631e+01,1.190000000000000000e+02,1.111000000000000000e+03
7.978032000000000323e+01,8.047731999999999175e+01,2.529940000000000211e+01,6.700000000000000000e+01,2.700000000000000000e+02
9.808320000000000505e+01,7.025284000000000617e+01,4.714065999999999690e+01,4.300000000000000000e+01,4.460000000000000000e+02
1.538333399999999926e+02,8.577214000000000738e+01,5.751746000000000691e+01,1.000000000000000000e+02,8.690000000000000000e+02
7.111643999999999721e+01,2.265658000000000172e+01,4.216339999999999577e+01,5.000000000000000000e+00,1.036000000000000000e+03
5.967985999999999081e+01,2.981731999999999871e+01,2.031771999999999778e+01,7.000000000000000000e+00,1.142000000000000000e+03
1.486445999999999970e+02,1.182451999999999970e+01,5.405183999999999855e+01,9.700000000000000000e+01,4.740000000000000000e+02
7.281745999999999697e+01,3.129972000000000065e+01,4.272405999999999437e+01,5.000000000000000000e+00,6.600000000000000000e+01
6.758451999999999771e+01,4.170134000000000185e+01,5.668105999999999511e+01,2.000000000000000000e+01,6.680000000000000000e+02
7.601651999999999987e+01,9.957818000000000325e+01,8.572079999999999700e+00,6.500000000000000000e+01,8.580000000000000000e+02
2.688342599999999720e+02,2.307103999999999644e+01,1.443163999999999980e+01,1.360000000000000000e+02,9.510000000000000000e+02
4.624407999999999674e+01,9.959245999999998844e+01,5.040907999999999589e+01,6.100000000000000000e+01,3.970000000000000000e+02
1.424702000000000091e+01,6.708675999999999817e+01,4.984705999999999193e+01,3.000000000000000000e+01,5.500000000000000000e+02
3.070063999999999851e+02,4.544337999999999766e+01,5.590109999999999957e+01,1.310000000000000000e+02,4.120000000000000000e+02
8.934757999999999356e+01,3.615559999999999974e+01,4.767989999999999640e+01,1.000000000000000000e+01,1.270000000000000000e+03
1.824576000000000064e+01,6.111193999999999704e+01,5.523130000000000450e+01,3.000000000000000000e+01,1.770000000000000000e+02
1.548648999999999774e+02,1.130982800000000026e+02,4.986746000000000123e+01,9.600000000000000000e+01,5.700000000000000000e+02
2.705689399999999978e+02,8.294027999999998713e+01,4.914053999999999434e+01,1.120000000000000000e+02,9.780000000000000000e+02
1.877921999999999798e+02,1.680892000000000053e+01,5.506673999999998870e+01,8.400000000000000000e+01,6.150000000000000000e+02
2.455918599999999969e+02,7.001551999999999509e+01,5.657940000000000680e+01,1.020000000000000000e+02,5.540000000000000000e+02
2.708868400000000065e+02,3.062345999999999790e+01,4.973554000000000030e+01,1.210000000000000000e+02,2.860000000000000000e+02
2.012694599999999809e+02,4.419218000000000757e+01,4.788220000000000454e+01,8.000000000000000000e+01,1.640000000000000000e+02
2.417903200000000083e+02,9.661576000000000874e+01,1.700102000000000046e+01,1.140000000000000000e+02,1.136000000000000000e+03
2.634785800000000222e+02,1.001687599999999918e+02,4.996265999999999963e+01,1.040000000000000000e+02,3.370000000000000000e+02
7.726500000000000057e+01,9.998447999999999070e+01,4.856933999999999685e+01,5.300000000000000000e+01,1.140000000000000000e+02
8.956993999999998834e+01,9.950507999999999242e+01,5.660557999999998913e+01,4.700000000000000000e+01,5.200000000000000000e+02
1.364753200000000106e+02,3.565715999999999752e+01,5.737567999999999557e+01,5.800000000000000000e+01,8.170000000000000000e+02
1.916743199999999945e+02,3.113073999999999941e+01,4.816643999999999437e+01,7.600000000000000000e+01,5.620000000000000000e+02
3.080573400000000106e+02,6.768039999999999168e+01,6.248962000000000216e+01,1.220000000000000000e+02,6.850000000000000000e+02
1.618124599999999873e+02,5.330995999999999668e+01,5.816550000000000153e+01,5.100000000000000000e+01,1.168000000000000000e+03
2.673651199999999903e+02,1.052718199999999911e+02,1.327972000000000108e+01,1.090000000000000000e+02,1.134000000000000000e+03
3.170170200000000023e+02,8.867506000000000199e+01,6.320089999999999719e+01,1.250000000000000000e+02,9.480000000000000000e+02
2.734470400000000154e+02,2.052001999999999882e+01,5.299410000000000309e+01,1.230000000000000000e+02,1.056000000000000000e+03
8.273219999999999175e+01,8.871654000000000906e+01,1.227706000000000053e+01,5.900000000000000000e+01,8.190000000000000000e+02
1.425228999999999644e+02,1.121863999999999777e+02,4.962435999999999581e+01,4.100000000000000000e+01,5.690000000000000000e+02
1.640999799999999880e+02,1.049719399999999894e+02,5.622647999999999513e+01,9.600000000000000000e+01,2.000000000000000000e+02
2.098058399999999892e+02,8.233541999999999916e+01,5.679767999999999972e+01,7.700000000000000000e+01,5.710000000000000000e+02
2.471286599999999964e+02,7.407511999999999830e+01,4.841191999999999496e+01,1.020000000000000000e+02,7.520000000000000000e+02
3.315000000000000000e+02,5.616323999999999472e+01,7.242476000000000624e+01,1.300000000000000000e+02,9.570000000000000000e+02
1.710852799999999831e+02,1.047471999999999959e+01,5.199620000000000175e+01,8.400000000000000000e+01,1.360000000000000000e+02
1.759969200000000171e+02,7.148126000000000602e+01,5.794041999999999604e+01,5.600000000000000000e+01,1.337000000000000000e+03
2.104929799999999886e+02,6.760696000000000083e+01,4.744291999999999376e+01,7.500000000000000000e+01,1.082000000000000000e+03
1.980833199999999863e+02,2.829717999999999734e+01,4.836432000000000642e+01,8.600000000000000000e+01,2.500000000000000000e+01
2.056472999999999729e+02,7.126399999999999579e+01,5.735562000000000893e+01,7.300000000000000000e+01,5.110000000000000000e+02
2.667755600000000413e+02,2.668184000000000111e+01,5.469137999999999522e+01,1.210000000000000000e+02,7.760000000000000000e+02
8.830445999999999174e+01,7.277291999999999916e+01,5.744333999999999918e+01,2.800000000000000000e+01,1.083000000000000000e+03
6.537995999999999697e+01,1.015168599999999941e+02,1.263881999999999906e+01,6.600000000000000000e+01,7.310000000000000000e+02
2.428779799999999796e+02,2.974285999999999675e+01,5.571613999999999578e+01,1.330000000000000000e+02,1.023000000000000000e+03
1.411248199999999997e+02,2.579715999999999809e+01,5.687587999999998800e+01,1.010000000000000000e+02,5.300000000000000000e+01
1.035891600000000068e+02,8.499931999999999732e+01,4.702845999999999549e+01,3.300000000000000000e+01,1.130000000000000000e+02
2.694598600000000488e+02,6.043262000000000000e+01,4.853465999999999525e+01,1.110000000000000000e+02,9.160000000000000000e+02
2.599677399999999921e+02,4.282911999999999608e+01,4.900827999999999918e+01,1.190000000000000000e+02,1.255000000000000000e+03
2.652003399999999829e+02,2.140911999999999793e+01,3.967596000000000345e+01,1.280000000000000000e+02,2.480000000000000000e+02
1.710403999999999769e+02,7.559355999999999653e+01,5.797305999999999671e+01,9.500000000000000000e+01,5.880000000000000000e+02
1.276523200000000031e+02,4.303278000000000247e+01,5.786391999999999314e+01,5.800000000000000000e+01,1.016000000000000000e+03
2.602308999999999628e+02,9.093028000000001043e+01,4.924661999999999296e+01,1.040000000000000000e+02,8.300000000000000000e+02
1.252951000000000050e+02,1.569269999999999854e+01,4.954276000000000124e+01,6.400000000000000000e+01,3.820000000000000000e+02
2.510906799999999919e+02,7.941481999999999175e+01,4.867473999999999990e+01,1.070000000000000000e+02,2.340000000000000000e+02
2.609064799999999877e+02,4.811373999999999995e+01,2.557003999999999877e+01,1.370000000000000000e+02,1.410000000000000000e+02
6.936067999999998790e+01,1.081186399999999992e+02,3.898881999999999692e+01,5.500000000000000000e+01,1.325000000000000000e+03
2.631967199999999707e+02,9.583409999999999229e+01,1.010479999999999912e+01,1.130000000000000000e+02,3.480000000000000000e+02
2.619982200000000034e+02,5.816618000000000421e+01,5.631589999999999918e+01,1.110000000000000000e+02,1.091000000000000000e+03
2.974316600000000221e+02,9.417455999999999960e+01,5.472605999999999682e+01,1.260000000000000000e+02,5.970000000000000000e+02
7.429135999999999740e+01,3.768050000000000210e+01,2.852430000000000021e+01,0.000000000000000000e+00,5.980000000000000000e+02
1.503667000000000087e+02,3.169038000000000110e+01,5.710979999999999990e+01,1.010000000000000000e+02,5.830000000000000000e+02
3.324757999999999925e+01,6.256645999999999219e+01,5.583037999999999812e+01,2.700000000000000000e+01,1.249000000000000000e+03
2.803928999999999974e+02,9.856599999999998829e+01,5.442311999999999017e+01,1.080000000000000000e+02,3.060000000000000000e+02
2.577087799999999902e+02,4.939791999999999916e+01,4.873287999999999442e+01,1.160000000000000000e+02,1.286000000000000000e+03
8.463483999999999696e+01,9.039138000000001227e+01,2.413319999999999865e+01,5.900000000000000000e+01,5.680000000000000000e+02
1.797709200000000180e+02,1.418752000000000102e+01,5.012211999999999534e+01,8.400000000000000000e+01,5.530000000000000000e+02
9.014658000000000015e+01,1.080815799999999882e+02,2.234684000000000026e+01,6.500000000000000000e+01,1.233000000000000000e+03
1.117767000000000053e+02,4.494935999999999154e+01,5.798870000000000857e+01,4.900000000000000000e+01,8.360000000000000000e+02
1.430669000000000040e+02,9.115433999999999060e+01,5.733726000000000056e+01,1.000000000000000000e+02,1.138000000000000000e+03
2.166466399999999908e+02,8.093835999999998876e+01,5.673342000000000951e+01,7.700000000000000000e+01,6.630000000000000000e+02
1.702964799999999741e+02,1.040593800000000044e+02,5.629311999999999472e+01,9.000000000000000000e+01,9.390000000000000000e+02
2.943713199999999688e+02,3.019913999999999632e+01,5.341671999999999798e+01,1.270000000000000000e+02,9.560000000000000000e+02
2.536015800000000127e+02,1.077028200000000027e+02,1.296555999999999997e+01,1.140000000000000000e+02,2.100000000000000000e+01
6.296630000000000393e+01,9.447545999999999822e+01,1.496985999999999883e+01,6.600000000000000000e+01,6.120000000000000000e+02
1.020778600000000154e+02,1.098740600000000001e+02,4.939043999999999812e+01,4.400000000000000000e+01,1.241000000000000000e+03
1.831042799999999886e+02,6.720983999999998559e+01,4.695297999999999661e+01,6.200000000000000000e+01,4.800000000000000000e+02
1.741649999999999920e+02,1.496985999999999883e+01,5.490660000000000451e+01,8.400000000000000000e+01,9.400000000000000000e+01
1.003601799999999997e+02,5.739709999999999468e+01,4.707572000000000401e+01,4.600000000000000000e+01,1.110000000000000000e+02
2.768630200000000059e+02,4.913237999999999772e+01,5.572905999999998983e+01,1.150000000000000000e+02,6.340000000000000000e+02
2.514310199999999895e+02,9.043761999999999546e+01,1.875916000000000139e+01,1.180000000000000000e+02,2.440000000000000000e+02
7.830165999999999826e+01,8.112264000000000408e+01,5.725872000000000384e+01,2.900000000000000000e+01,8.050000000000000000e+02
2.606297199999999634e+02,7.308979999999999677e+01,5.619417999999999580e+01,1.070000000000000000e+02,1.029000000000000000e+03
6.211799999999999500e+01,8.840782000000000096e+01,2.179842000000000013e+01,6.600000000000000000e+01,5.810000000000000000e+02
1.758031199999999785e+02,7.709364000000000772e+01,4.691082000000000107e+01,9.500000000000000000e+01,1.271000000000000000e+03
3.235837799999999902e+02,8.219669999999999277e+01,6.764946000000000481e+01,1.250000000000000000e+02,6.860000000000000000e+02
1.408997399999999800e+02,1.045741399999999857e+02,5.647977999999999810e+01,4.100000000000000000e+01,1.600000000000000000e+02
7.904762000000000910e+01,7.365216000000000918e+01,2.400366000000000000e+01,6.700000000000000000e+01,5.360000000000000000e+02
2.437330800000000011e+02,6.055841999999999814e+01,5.671982000000000568e+01,1.020000000000000000e+02,2.230000000000000000e+02
1.574074200000000019e+02,5.670859999999998990e+01,4.674523999999999546e+01,5.700000000000000000e+01,7.430000000000000000e+02
2.486692000000000178e+02,3.130991999999999820e+01,4.139737999999999829e+01,1.240000000000000000e+02,9.990000000000000000e+02
1.573149400000000071e+02,1.034501000000000062e+02,5.653486000000000189e+01,9.600000000000000000e+01,3.490000000000000000e+02
1.894853999999999701e+02,1.003588200000000086e+02,5.653350000000000364e+01,7.800000000000000000e+01,1.294000000000000000e+03
2.200527599999999495e+02,8.769619999999999038e+01,5.645631999999999806e+01,8.100000000000000000e+01,3.050000000000000000e+02
2.402120399999999734e+02,5.184354000000000440e+01,4.829189999999999827e+01,1.160000000000000000e+02,6.320000000000000000e+02
1.295546199999999999e+02,3.189335999999999771e+01,4.766528000000000276e+01,5.800000000000000000e+01,1.390000000000000000e+02
2.695326200000000085e+02,5.356190000000000140e+01,4.878592000000000439e+01,1.150000000000000000e+02,6.170000000000000000e+02
2.154583399999999642e+02,5.093710000000000093e+01,5.698501999999999867e+01,7.500000000000000000e+01,6.350000000000000000e+02
2.498126199999999812e+02,9.153276000000001034e+01,5.577189999999998804e+01,8.800000000000000000e+01,1.071000000000000000e+03
7.675431999999999277e+01,8.712771999999999650e+01,5.692076000000000846e+01,2.900000000000000000e+01,6.560000000000000000e+02
8.667551999999999168e+01,1.995120000000000005e+01,4.941016000000000474e+01,1.300000000000000000e+01,6.380000000000000000e+02
1.245073200000000071e+02,8.008257999999999299e+01,5.810974000000000217e+01,3.500000000000000000e+01,1.173000000000000000e+03
1.279307799999999986e+02,6.972923999999999012e+01,5.840282000000000551e+01,3.600000000000000000e+01,1.289000000000000000e+03
1.487921599999999955e+02,4.572932000000000130e+01,4.706517999999999802e+01,4.200000000000000000e+01,1.126000000000000000e+03
7.149826000000000192e+01,6.170863999999999550e+01,2.535073999999999828e+01,7.200000000000000000e+01,1.400000000000000000e+01
2.044110599999999920e+02,4.615568000000000382e+01,5.715909999999999513e+01,8.000000000000000000e+01,1.365000000000000000e+03
3.075809999999999889e+01,7.967050000000000409e+01,4.949516000000000560e+01,3.200000000000000000e+01,1.243000000000000000e+03
8.118349999999999511e+01,1.127739199999999897e+02,5.374992000000000303e+01,5.300000000000000000e+01,1.062000000000000000e+03
1.162137000000000029e+02,3.575882000000000005e+01,4.737220000000000653e+01,5.200000000000000000e+01,4.570000000000000000e+02
2.723263999999999783e+02,1.020826199999999915e+02,3.234147999999999712e+01,1.050000000000000000e+02,4.530000000000000000e+02
2.013112799999999822e+02,3.335909999999999798e+01,5.676742000000000132e+01,8.000000000000000000e+01,6.480000000000000000e+02
1.453282399999999939e+02,2.879833999999999961e+01,4.782099999999999795e+01,1.010000000000000000e+02,7.860000000000000000e+02
1.758551400000000058e+02,8.205424000000000717e+01,5.782685999999999638e+01,9.500000000000000000e+01,6.500000000000000000e+02
2.155712199999999825e+02,3.262979999999999592e+01,5.647093999999999170e+01,8.500000000000000000e+01,1.380000000000000000e+02
6.175555999999999557e+01,2.185485999999999862e+01,1.733523999999999887e+01,3.000000000000000000e+00,7.150000000000000000e+02
8.821605999999998460e+01,8.548041999999999518e+01,4.740245999999999071e+01,3.100000000000000000e+01,9.670000000000000000e+02
5.381009999999999849e+01,4.856186000000000291e+01,4.829428000000000054e+01,1.600000000000000000e+01,2.000000000000000000e+00
9.329055999999999926e+01,2.599401999999999546e+01,5.650459999999999638e+01,1.300000000000000000e+01,1.259000000000000000e+03
8.902933999999999060e+01,7.795010000000000616e+01,4.729706000000000188e+01,2.900000000000000000e+01,4.900000000000000000e+02
2.490289200000000278e+02,3.525697999999999865e+01,1.063655999999999935e+01,1.340000000000000000e+02,2.680000000000000000e+02
2.670801999999999907e+02,7.583835999999999444e+01,4.882161999999999580e+01,1.120000000000000000e+02,9.550000000000000000e+02
1.271701999999999941e+02,6.225162000000000262e+01,4.640625999999999607e+01,3.800000000000000000e+01,2.780000000000000000e+02
7.336213999999999658e+01,2.404309999999999903e+01,2.934710000000000107e+01,0.000000000000000000e+00,1.339000000000000000e+03
1.266751600000000053e+02,1.095289599999999837e+02,4.920853999999999928e+01,4.000000000000000000e+01,1.970000000000000000e+02
2.404561599999999828e+02,1.131890599999999978e+02,5.225936000000000092e+01,9.400000000000000000e+01,1.177000000000000000e+03
2.043175599999999861e+02,8.559364000000000772e+01,4.776694000000000528e+01,7.700000000000000000e+01,8.370000000000000000e+02
2.602247799999999529e+02,2.780520000000000280e+01,4.979095999999999833e+01,1.210000000000000000e+02,2.800000000000000000e+02
3.061332799999999565e+02,5.496406000000000347e+01,5.531119999999999948e+01,1.310000000000000000e+02,5.480000000000000000e+02
1.297824200000000019e+02,3.660712000000000188e+01,5.752731999999999601e+01,5.800000000000000000e+01,6.660000000000000000e+02
2.221386599999999589e+02,5.021425999999999590e+01,5.678068000000000382e+01,9.200000000000000000e+01,1.340000000000000000e+03
6.433989999999998588e+01,5.018773999999999802e+01,4.795461999999999847e+01,2.000000000000000000e+01,5.430000000000000000e+02
1.654711999999999819e+02,2.390676000000000201e+01,5.648317999999999728e+01,9.100000000000000000e+01,2.170000000000000000e+02
8.500000000000000000e+00,5.383899999999999864e+01,5.207439999999999714e+01,3.000000000000000000e+01,1.156000000000000000e+03
1.664704600000000028e+02,9.908245999999999754e+01,5.690647999999998774e+01,9.000000000000000000e+01,1.098000000000000000e+03
1.765565599999999904e+02,6.141895999999999844e+01,5.797952000000000083e+01,5.600000000000000000e+01,5.750000000000000000e+02
7.495232000000000028e+01,1.052180999999999926e+02,4.288045999999999935e+01,5.000000000000000000e+01,6.730000000000000000e+02
1.093293799999999862e+02,5.881217999999999790e+01,5.795401999999999987e+01,3.900000000000000000e+01,1.033000000000000000e+03
9.884309999999999263e+01,8.967976000000000170e+01,4.742966000000000548e+01,3.100000000000000000e+01,1.061000000000000000e+03
2.124449199999999962e+02,3.807727999999999469e+01,4.827455999999999392e+01,8.500000000000000000e+01,6.760000000000000000e+02
8.028556000000000381e+01,9.507147999999999399e+01,9.567939999999998335e+00,6.500000000000000000e+01,6.770000000000000000e+02
1.248622800000000126e+02,9.617546000000000106e+01,5.708735999999998967e+01,3.700000000000000000e+01,1.226000000000000000e+03
6.901626000000000261e+01,6.807683999999999003e+01,5.685989999999998901e+01,2.200000000000000000e+01,6.790000000000000000e+02
2.253764799999999866e+02,7.422607999999999606e+01,5.680822000000000571e+01,1.030000000000000000e+02,6.820000000000000000e+02
6.224175999999999931e+01,3.605496000000000123e+01,3.544398000000000337e+01,1.000000000000000000e+00,1.730000000000000000e+02
2.135298599999999851e+02,7.377285999999999433e+01,5.701901999999999759e+01,1.030000000000000000e+02,1.114000000000000000e+03
1.170096399999999903e+02,1.080897399999999919e+02,5.580930000000000035e+01,4.000000000000000000e+01,4.370000000000000000e+02
1.135960400000000021e+02,2.130372000000000199e+01,4.866929999999999268e+01,1.800000000000000000e+01,3.700000000000000000e+01
3.079186199999999758e+02,7.953076000000000079e+01,5.621933999999999543e+01,1.220000000000000000e+02,1.154000000000000000e+03
3.315000000000000000e+02,6.557478000000000407e+01,7.106544000000000949e+01,1.250000000000000000e+02,1.195000000000000000e+03
2.453990799999999695e+02,9.911034000000000788e+01,3.932440000000000424e+01,1.060000000000000000e+02,4.600000000000000000e+01
5.880402000000000129e+01,1.031515800000000098e+02,2.627995999999999910e+01,7.100000000000000000e+01,6.880000000000000000e+02
1.650805399999999850e+02,8.860195999999999117e+01,4.750412000000000745e+01,9.500000000000000000e+01,1.060000000000000000e+02
2.041716999999999587e+02,1.148084800000000030e+02,5.301246000000000436e+01,8.900000000000000000e+01,3.650000000000000000e+02
2.725337999999999852e+02,1.060211800000000011e+02,2.726426000000000016e+01,1.050000000000000000e+02,4.980000000000000000e+02
1.808990399999999852e+02,3.018758000000000052e+01,5.678782000000000352e+01,7.900000000000000000e+01,6.920000000000000000e+02
6.828560000000000230e+01,9.076333999999999946e+01,2.455888000000000204e+01,6.000000000000000000e+01,5.130000000000000000e+02
1.563778999999999826e+02,3.288683999999999941e+01,5.712850000000000250e+01,4.800000000000000000e+01,4.030000000000000000e+02
1.210607400000000098e+02,5.096872000000000469e+01,4.658986000000000161e+01,5.200000000000000000e+01,1.319000000000000000e+03
8.673366000000000042e+01,2.076175999999999888e+01,5.550738000000000483e+01,1.300000000000000000e+01,1.680000000000000000e+02
2.294972799999999893e+02,1.045952199999999834e+02,5.517622000000000071e+01,8.700000000000000000e+01,3.310000000000000000e+02
9.403651999999999589e+01,1.387710000000000043e+01,5.037473999999999563e+01,1.300000000000000000e+01,7.260000000000000000e+02
1.946017200000000003e+02,9.240859999999999275e+01,4.782440000000000424e+01,7.400000000000000000e+01,4.400000000000000000e+02
1.979449400000000026e+02,5.602418000000000831e+01,5.756132000000000204e+01,6.900000000000000000e+01,2.740000000000000000e+02
2.380373999999999910e+02,8.585612000000000421e+01,5.620947999999999922e+01,8.800000000000000000e+01,1.100000000000000000e+03
3.192644199999999728e+02,4.765915999999999286e+01,6.685079999999999245e+01,1.300000000000000000e+02,7.020000000000000000e+02
2.133081799999999930e+02,4.566369999999999862e+01,4.803961999999999932e+01,8.500000000000000000e+01,1.000000000000000000e+03
2.736462799999999902e+02,7.668666000000000338e+01,4.896646000000000498e+01,1.120000000000000000e+02,7.830000000000000000e+02
7.845228000000000179e+01,1.063567599999999942e+02,1.662157999999999802e+01,6.500000000000000000e+01,7.050000000000000000e+02
2.464965999999999724e+02,2.829513999999999996e+01,4.930646000000000129e+01,1.290000000000000000e+02,1.420000000000000000e+02
2.721608199999999442e+02,9.906341999999999359e+01,5.010341999999999985e+01,1.040000000000000000e+02,4.940000000000000000e+02
5.934155999999999409e+01,3.274744000000000455e+01,2.918253999999999948e+01,1.000000000000000000e+00,3.910000000000000000e+02
2.564368399999999610e+02,3.059388000000000218e+01,2.219859999999999900e+01,1.340000000000000000e+02,8.180000000000000000e+02
8.055551999999998714e+01,3.787225999999999715e+01,4.143477999999999639e+01,4.000000000000000000e+00,1.700000000000000000e+01
4.817595999999999634e+01,8.771456000000000586e+01,4.892259999999999565e+01,2.600000000000000000e+01,8.830000000000000000e+02
1.082390000000000043e+02,9.642705999999999733e+01,5.715059999999999008e+01,3.300000000000000000e+01,1.022000000000000000e+03
5.885909999999999087e+01,9.370740000000000691e+01,2.544152000000000413e+01,6.600000000000000000e+01,1.300000000000000000e+03
2.797094999999999914e+02,2.234446000000000154e+01,5.213457999999999970e+01,1.230000000000000000e+02,8.230000000000000000e+02
6.355925999999999476e+01,1.986552000000000007e+01,2.459016000000000091e+01,3.000000000000000000e+00,1.990000000000000000e+02
2.796833199999999806e+02,5.512317999999999074e+01,5.589837999999999596e+01,1.150000000000000000e+02,5.300000000000000000e+02
2.152791599999999903e+02,2.220540000000000092e+01,5.542815999999999121e+01,9.300000000000000000e+01,1.097000000000000000e+03
1.055679599999999994e+02,4.509147999999999001e+01,5.788466000000000378e+01,4.900000000000000000e+01,1.147000000000000000e+03
1.064098000000000184e+02,2.065907999999999944e+01,4.881923999999999353e+01,1.800000000000000000e+01,4.070000000000000000e+02
2.896596000000000117e+02,8.166187999999999647e+01,5.534927999999999315e+01,1.260000000000000000e+02,1.357000000000000000e+03
7.540452000000000510e+01,3.668599999999999284e+01,3.445083999999999946e+01,0.000000000000000000e+00,6.600000000000000000e+02
2.535617999999999768e+02,2.280957999999999686e+01,3.166113999999999606e+01,1.240000000000000000e+02,7.220000000000000000e+02
2.229104599999999721e+02,8.029814000000000362e+01,5.665317999999999898e+01,1.030000000000000000e+02,7.810000000000000000e+02
1.156091800000000092e+02,9.610508000000000095e+01,5.705199999999999960e+01,3.300000000000000000e+01,1.304000000000000000e+03
7.671249999999999147e+01,1.082702799999999996e+02,5.497289999999998855e+01,5.300000000000000000e+01,9.080000000000000000e+02
8.289267999999999859e+01,1.306415999999999933e+01,5.313111999999999568e+01,1.300000000000000000e+01,1.171000000000000000e+03
2.412221799999999803e+02,1.792887999999999948e+01,5.425719999999999743e+01,1.290000000000000000e+02,9.240000000000000000e+02
8.540901999999999816e+01,3.724054000000000286e+01,2.936953999999999709e+01,4.000000000000000000e+00,3.150000000000000000e+02
2.160951599999999644e+02,5.808288000000000295e+01,5.716419999999999391e+01,7.500000000000000000e+01,5.760000000000000000e+02
2.396350600000000099e+02,1.055495999999999981e+02,2.524568000000000012e+01,1.060000000000000000e+02,7.670000000000000000e+02
7.075195999999999685e+01,9.031487999999998806e+01,1.857318000000000069e+01,6.600000000000000000e+01,3.300000000000000000e+02
2.609731199999999944e+02,6.184123999999999910e+01,2.483461999999999748e+01,1.370000000000000000e+02,5.930000000000000000e+02
2.534067600000000198e+02,7.364467999999999392e+01,4.850508000000000663e+01,1.070000000000000000e+02,2.130000000000000000e+02
1.129758800000000036e+02,9.755382000000000176e+01,4.771491999999999933e+01,3.300000000000000000e+01,7.340000000000000000e+02
1.243141999999999996e+02,2.983635999999999555e+01,5.715637999999999863e+01,5.800000000000000000e+01,3.190000000000000000e+02
1.795985400000000141e+02,1.887645999999999802e+01,5.549955999999999534e+01,8.400000000000000000e+01,1.780000000000000000e+02
1.491590199999999982e+02,9.766125999999999863e+01,5.700643999999999778e+01,1.000000000000000000e+02,7.370000000000000000e+02
2.432594600000000185e+02,1.029628799999999984e+02,1.509973999999999883e+01,1.140000000000000000e+02,1.027000000000000000e+03
2.457982399999999927e+02,9.032779999999999632e+01,4.892804000000000286e+01,8.800000000000000000e+01,7.390000000000000000e+02
2.971144400000000019e+02,8.933126000000000033e+01,5.072766000000000020e+01,1.260000000000000000e+02,7.750000000000000000e+02
6.948614000000000601e+01,8.941150000000000375e+01,1.100375999999999799e+01,6.600000000000000000e+01,6.210000000000000000e+02
2.392743200000000172e+02,9.833956000000000586e+01,2.374764000000000053e+01,1.060000000000000000e+02,8.310000000000000000e+02
1.665194199999999967e+02,6.018067999999999529e+01,4.666431999999999647e+01,5.700000000000000000e+01,6.270000000000000000e+02
2.889894600000000082e+02,4.420747999999999678e+01,5.530201999999999884e+01,1.270000000000000000e+02,4.040000000000000000e+02
1.812624999999999602e+02,7.340837999999999397e+01,4.697406000000000148e+01,6.200000000000000000e+01,6.140000000000000000e+02
1.343258399999999710e+02,7.305953999999999837e+01,4.665173999999999666e+01,3.500000000000000000e+01,6.390000000000000000e+02
1.841824200000000076e+02,3.633444000000000074e+01,4.759081999999999368e+01,7.600000000000000000e+01,3.940000000000000000e+02
2.586577199999999834e+02,1.064988799999999998e+02,1.619691999999999865e+01,1.090000000000000000e+02,7.480000000000000000e+02
2.863813199999999597e+02,4.722055999999999898e+01,4.932209999999999894e+01,1.270000000000000000e+02,6.100000000000000000e+02
2.616425800000000095e+02,3.837138000000000204e+01,5.560121999999999787e+01,1.190000000000000000e+02,7.500000000000000000e+02
1.873434000000000026e+02,7.492580000000000950e+01,4.709237999999999857e+01,6.200000000000000000e+01,7.510000000000000000e+02
2.486882399999999791e+02,6.200987999999999545e+01,4.811748000000000047e+01,1.020000000000000000e+02,1.001000000000000000e+03
5.306142000000000536e+01,4.477425999999999817e+01,5.631045999999999196e+01,1.400000000000000000e+01,1.127000000000000000e+03
2.401807600000000207e+02,1.016130800000000107e+02,3.187567999999999913e+01,1.060000000000000000e+02,7.300000000000000000e+02
2.489398400000000038e+02,9.456318000000000268e+01,4.148611999999999966e+01,9.900000000000000000e+01,8.410000000000000000e+02
2.974248599999999669e+02,7.097737999999999658e+01,5.665658000000000527e+01,1.220000000000000000e+02,1.363000000000000000e+03
2.790284800000000018e+02,8.170947999999999922e+01,4.924491999999999337e+01,1.120000000000000000e+02,2.520000000000000000e+02
1.510429600000000221e+02,1.804515999999999920e+01,5.562535999999999348e+01,9.700000000000000000e+01,3.810000000000000000e+02
2.621842000000000183e+01,8.696621999999999275e+01,5.084156000000000120e+01,3.200000000000000000e+01,9.020000000000000000e+02
2.429116400000000340e+02,4.620022000000000162e+01,5.622035999999999234e+01,1.160000000000000000e+02,1.245000000000000000e+03
1.501698399999999936e+02,3.805178000000000083e+01,5.739880000000000138e+01,4.500000000000000000e+01,1.206000000000000000e+03
2.631470800000000168e+02,9.051479999999999393e+01,5.552505999999999631e+01,1.040000000000000000e+02,4.140000000000000000e+02
1.967879199999999855e+02,9.922968000000000188e+01,5.645257999999999754e+01,7.400000000000000000e+01,9.690000000000000000e+02
1.132757600000000053e+02,1.175818600000000060e+02,5.279417999999999722e+01,4.400000000000000000e+01,7.980000000000000000e+02
2.819534999999999627e+02,4.050692000000000093e+01,5.530508000000000379e+01,1.270000000000000000e+02,2.160000000000000000e+02
1.099036399999999816e+02,3.346518000000000370e+01,4.745447999999999666e+01,1.500000000000000000e+01,1.278000000000000000e+03
2.458580800000000011e+02,1.053819799999999844e+02,3.903097999999999956e+01,1.060000000000000000e+02,8.700000000000000000e+01
1.397712799999999902e+02,1.115230599999999868e+02,5.531629999999999825e+01,4.100000000000000000e+01,2.410000000000000000e+02
2.532802800000000047e+02,3.886472000000000548e+01,4.899978000000000122e+01,1.190000000000000000e+02,7.690000000000000000e+02
1.320155399999999872e+02,1.182227599999999939e+02,5.217571999999999832e+01,4.100000000000000000e+01,1.212000000000000000e+03
2.005931999999999960e+01,3.849649999999999750e+01,5.251877999999999957e+01,2.100000000000000000e+01,1.175000000000000000e+03
7.671658000000000754e+01,2.305743999999999971e+01,1.998315999999999804e+01,3.000000000000000000e+00,6.520000000000000000e+02
7.203035999999998751e+01,1.058987799999999879e+02,1.023468000000000089e+01,6.500000000000000000e+01,7.730000000000000000e+02
2.411582599999999843e+02,2.367012000000000072e+01,1.828112000000000137e+01,1.350000000000000000e+02,7.900000000000000000e+01
2.964341000000000008e+02,7.897519999999998674e+01,4.998680000000000234e+01,1.260000000000000000e+02,8.590000000000000000e+02
2.602053999999999974e+02,3.072715999999999781e+01,5.538565999999999434e+01,1.210000000000000000e+02,5.180000000000000000e+02
1.698038200000000018e+02,1.064312199999999962e+02,4.888112000000000279e+01,8.300000000000000000e+01,9.820000000000000000e+02
1.334901199999999903e+02,6.697285999999998296e+01,4.640728000000000009e+01,3.800000000000000000e+01,8.910000000000000000e+02
2.466829199999999673e+02,2.297822000000000031e+01,3.982419999999999760e+01,1.240000000000000000e+02,6.280000000000000000e+02
2.356060600000000136e+02,9.374208000000000141e+01,5.599731999999999488e+01,8.800000000000000000e+01,1.366000000000000000e+03
2.219152800000000241e+02,6.106468000000000274e+01,5.711693999999999249e+01,1.030000000000000000e+02,1.178000000000000000e+03
1.870611999999999853e+02,4.439753999999999934e+01,4.729127999999999332e+01,7.600000000000000000e+01,8.000000000000000000e+01
2.717453399999999988e+02,7.279739999999999611e+01,5.601193999999999562e+01,1.120000000000000000e+02,7.570000000000000000e+02
7.948587999999999454e+01,5.826375999999999067e+01,2.414237999999999928e+01,7.200000000000000000e+01,2.840000000000000000e+02
7.523417999999999495e+01,6.037209999999999610e+01,4.779652000000000100e+01,2.400000000000000000e+01,7.850000000000000000e+02
1.366708200000000204e+02,2.919239999999999924e+01,4.776319999999999766e+01,1.010000000000000000e+02,1.324000000000000000e+03
1.272395599999999973e+02,5.979818000000000211e+01,5.838548000000000116e+01,3.800000000000000000e+01,1.239000000000000000e+03
2.229787999999999784e+02,9.911306000000000438e+01,5.603404000000000451e+01,8.700000000000000000e+01,7.880000000000000000e+02
2.616299999999999955e+02,3.579350000000000165e+01,3.002675999999999945e+01,1.320000000000000000e+02,2.370000000000000000e+02
9.127232000000000767e+01,4.855948000000000064e+01,5.758036000000000598e+01,1.200000000000000000e+01,7.900000000000000000e+02
8.759590000000000032e+01,9.026557999999998572e+01,3.788891999999999172e+01,5.400000000000000000e+01,3.560000000000000000e+02
2.024642199999999832e+02,1.927357999999999905e+01,5.521226000000000056e+01,8.600000000000000000e+01,4.710000000000000000e+02
6.900979999999999848e+01,9.648519999999999186e+01,4.859654000000000451e+01,5.500000000000000000e+01,7.950000000000000000e+02
2.533125799999999685e+02,1.099111199999999968e+02,5.314233999999999725e+01,9.400000000000000000e+01,9.790000000000000000e+02
6.853515999999999053e+01,8.870769999999998845e+01,3.925265999999999877e+01,5.500000000000000000e+01,7.930000000000000000e+02
7.028072000000000230e+01,6.689295999999998799e+01,4.793489999999999895e+01,2.400000000000000000e+01,9.490000000000000000e+02
2.336272600000000352e+02,6.299588000000000676e+01,4.781827999999999435e+01,9.800000000000000000e+01,3.690000000000000000e+02
1.063815799999999996e+02,1.147459200000000124e+02,5.053079999999999927e+01,4.400000000000000000e+01,8.440000000000000000e+02
2.014336799999999812e+02,1.101066199999999782e+02,4.990757999999999583e+01,8.900000000000000000e+01,7.800000000000000000e+01
8.944141999999999371e+01,1.462884000000000029e+01,5.445711999999999620e+01,1.300000000000000000e+01,6.550000000000000000e+02
6.152673999999999666e+01,2.748186000000000107e+01,4.940574000000000154e+01,1.100000000000000000e+01,3.270000000000000000e+02
9.309777999999998599e+01,2.489207999999999998e+01,2.524873999999999441e+01,8.000000000000000000e+00,1.240000000000000000e+03
1.094555199999999928e+02,4.703457999999999117e+01,4.682514000000000465e+01,4.600000000000000000e+01,9.120000000000000000e+02
2.262053999999999689e+02,1.098006199999999950e+02,5.028872000000000497e+01,8.700000000000000000e+01,8.850000000000000000e+02
8.164148000000000138e+01,7.881743999999999062e+01,4.748167999999999722e+01,2.900000000000000000e+01,2.060000000000000000e+02
2.075621800000000121e+02,9.101153999999999655e+01,4.800527999999999906e+01,7.700000000000000000e+01,1.317000000000000000e+03
1.513792200000000037e+02,1.171735199999999963e+02,5.301246000000000436e+01,4.100000000000000000e+01,8.290000000000000000e+02
1.127361799999999903e+02,7.339342000000000610e+01,5.809953999999999752e+01,3.900000000000000000e+01,3.990000000000000000e+02
1.400952999999999804e+02,8.316671999999999798e+01,5.773573999999999273e+01,3.500000000000000000e+01,1.341000000000000000e+03
4.630494000000000199e+01,8.067690000000000339e+01,4.865841999999999956e+01,2.300000000000000000e+01,3.950000000000000000e+02
3.159008000000000038e+01,6.568596000000000856e+01,4.902324000000000126e+01,2.700000000000000000e+01,4.910000000000000000e+02
7.381399999999999295e+01,9.921165999999998064e+01,4.303005999999999887e+01,5.500000000000000000e+01,4.630000000000000000e+02
9.227667999999998472e+01,9.162966000000000122e+01,2.201194000000000273e+01,5.900000000000000000e+01,1.910000000000000000e+02
2.406149399999999616e+02,9.859966000000000008e+01,5.572463999999999373e+01,9.400000000000000000e+01,1.500000000000000000e+01
2.505874799999999709e+02,7.969634000000000640e+01,5.615100000000000335e+01,1.070000000000000000e+02,7.330000000000000000e+02
3.554972000000000065e+01,3.505671999999999855e+01,5.046824000000000865e+01,1.700000000000000000e+01,8.160000000000000000e+02
1.232081800000000129e+02,3.612057999999999680e+01,5.760925999999999902e+01,5.800000000000000000e+01,5.890000000000000000e+02
2.541340199999999925e+02,3.982182000000000244e+01,2.753115999999999985e+01,1.340000000000000000e+02,9.770000000000000000e+02
8.929012000000000171e+01,1.000484000000000009e+02,1.517963999999999913e+01,5.900000000000000000e+01,6.030000000000000000e+02
2.636455199999999763e+02,9.277852000000000032e+01,4.139227999999999952e+01,9.900000000000000000e+01,1.209000000000000000e+03
1.553534799999999905e+02,7.012941999999999609e+01,5.811484000000000094e+01,7.000000000000000000e+01,1.187000000000000000e+03
9.421569999999999823e+01,8.617979999999998597e+01,5.751746000000000691e+01,3.100000000000000000e+01,6.530000000000000000e+02
2.888106199999999717e+02,2.516611999999999938e+01,5.283532000000000295e+01,1.230000000000000000e+02,1.151000000000000000e+03
2.046296800000000360e+02,7.767197999999999070e+01,4.755750000000000455e+01,7.300000000000000000e+01,5.780000000000000000e+02
6.747435999999999012e+01,1.016117199999999912e+02,4.077449999999999619e+01,5.500000000000000000e+01,1.116000000000000000e+03
1.478187399999999911e+02,7.026813999999998828e+01,5.823995999999999640e+01,7.000000000000000000e+01,1.180000000000000000e+03
8.744697999999999638e+01,9.884650000000000603e+01,3.896706000000000358e+01,5.400000000000000000e+01,2.120000000000000000e+02
1.190812600000000145e+02,1.157111799999999846e+02,5.092179999999999040e+01,4.000000000000000000e+01,8.280000000000000000e+02
1.465117800000000159e+02,1.105982599999999962e+02,5.541830000000000211e+01,4.100000000000000000e+01,6.240000000000000000e+02
2.715739800000000059e+02,1.085518000000000001e+02,5.233755999999998920e+01,1.040000000000000000e+02,7.070000000000000000e+02
2.500771399999999858e+02,1.065427400000000091e+02,3.408942000000000405e+01,1.060000000000000000e+02,1.440000000000000000e+02
1.429268199999999922e+02,1.619181999999999988e+01,4.944143999999999295e+01,9.700000000000000000e+01,8.320000000000000000e+02
3.128312799999999925e+02,4.372977999999999810e+01,5.898217999999999961e+01,1.310000000000000000e+02,4.300000000000000000e+02
2.396829999999999643e+02,3.120757999999999655e+01,2.237607999999999819e+01,1.350000000000000000e+02,7.600000000000000000e+01
1.078959399999999960e+02,5.397363999999999606e+01,4.683601999999999066e+01,4.600000000000000000e+01,6.160000000000000000e+02
1.136966799999999864e+02,3.679955999999999960e+01,5.761708000000000141e+01,4.900000000000000000e+01,1.346000000000000000e+03
2.137954000000000008e+02,8.772850000000001103e+01,5.655628000000000100e+01,7.700000000000000000e+01,6.080000000000000000e+02
1.133508999999999816e+02,4.179688000000000159e+01,4.684384000000000015e+01,5.200000000000000000e+01,6.950000000000000000e+02
7.844548000000000343e+01,9.496743999999999630e+01,4.280634000000000583e+01,5.000000000000000000e+01,8.390000000000000000e+02
9.044917999999999836e+01,3.278960000000000008e+01,1.714687999999999946e+01,2.000000000000000000e+00,8.400000000000000000e+02
2.604223199999999565e+02,8.964780000000000371e+01,3.632491999999999877e+01,9.900000000000000000e+01,1.345000000000000000e+03
2.724148000000000138e+02,2.460375999999999763e+01,3.173730000000000118e+01,1.280000000000000000e+02,8.420000000000000000e+02
6.671752000000000749e+01,4.403339999999999321e+01,4.805865999999999616e+01,2.000000000000000000e+01,3.580000000000000000e+02
1.064543400000000020e+02,1.020744600000000020e+02,4.807667999999999608e+01,4.400000000000000000e+01,6.130000000000000000e+02
2.715154999999999745e+02,9.506569999999999254e+01,1.816415999999999897e+01,1.130000000000000000e+02,1.850000000000000000e+02
1.571796199999999999e+02,7.862771999999999650e+01,4.691353999999999758e+01,6.300000000000000000e+01,8.460000000000000000e+02
2.539820399999999836e+02,8.579695999999999856e+01,5.587559999999999860e+01,1.070000000000000000e+02,6.200000000000000000e+02
1.674479599999999948e+02,8.104681999999999675e+01,5.779625999999999664e+01,9.500000000000000000e+01,8.200000000000000000e+01
1.585878999999999905e+02,6.450956000000000756e+01,5.827667999999999893e+01,7.000000000000000000e+01,8.490000000000000000e+02
2.670645599999999718e+02,4.406433999999999429e+01,4.908886000000000394e+01,1.150000000000000000e+02,1.279000000000000000e+03
2.395225199999999859e+02,5.469783999999999224e+01,5.657974000000000103e+01,1.160000000000000000e+02,9.870000000000000000e+02
5.598235999999999279e+01,9.587932000000000698e+01,4.929081999999999653e+01,6.100000000000000000e+01,5.700000000000000000e+01
4.734466000000000463e+01,4.271488000000000085e+01,5.600616000000000128e+01,1.400000000000000000e+01,1.065000000000000000e+03
4.846529999999999916e+01,6.480399999999998784e+01,4.856083999999999889e+01,1.900000000000000000e+01,0.000000000000000000e+00
8.500000000000000000e+00,6.080117999999999512e+01,5.441427999999999088e+01,3.000000000000000000e+01,1.229000000000000000e+03
2.475693000000000268e+02,2.382447999999999766e+01,1.152633999999999936e+01,1.360000000000000000e+02,9.800000000000000000e+01
2.521280199999999923e+02,7.081723999999999819e+01,2.586890000000000001e+01,1.370000000000000000e+02,8.570000000000000000e+02
7.898268000000000200e+01,1.065148599999999846e+02,1.051313999999999993e+01,6.500000000000000000e+01,6.050000000000000000e+02
3.007235399999999572e+02,8.351793999999999585e+01,5.248376000000000374e+01,1.260000000000000000e+02,7.200000000000000000e+02
2.026233400000000131e+02,5.469001999999999697e+01,4.739429999999999410e+01,7.500000000000000000e+01,1.077000000000000000e+03
8.153234000000000492e+01,7.257504000000000133e+01,5.726144000000000034e+01,2.800000000000000000e+01,9.800000000000000000e+02
1.094633399999999881e+02,7.906802000000000419e+01,5.799277999999999622e+01,3.900000000000000000e+01,4.480000000000000000e+02
6.615447999999999240e+01,4.760679999999999978e+01,5.690341999999999700e+01,2.000000000000000000e+01,8.430000000000000000e+02
2.240892399999999611e+02,3.316563999999999623e+01,4.862339999999999662e+01,8.500000000000000000e+01,7.030000000000000000e+02
3.233535999999999433e+01,7.341891999999998575e+01,4.920038000000000267e+01,2.300000000000000000e+01,4.190000000000000000e+02
8.882160000000000366e+01,1.971864000000000061e+01,2.456601999999999819e+01,8.000000000000000000e+00,9.840000000000000000e+02
2.285922000000000196e+02,5.192615999999999588e+01,5.669398000000000337e+01,9.200000000000000000e+01,1.246000000000000000e+03
6.475095999999999208e+01,8.671631999999999607e+01,4.827898000000000422e+01,2.500000000000000000e+01,2.600000000000000000e+02
1.520265799999999956e+02,9.209206000000000358e+01,5.724274000000000484e+01,1.000000000000000000e+02,4.770000000000000000e+02
1.316411999999999978e+02,8.348903999999998859e+01,5.783502000000000010e+01,3.500000000000000000e+01,8.700000000000000000e+02
1.550189200000000085e+02,7.257707999999999515e+01,4.662215999999999383e+01,6.300000000000000000e+01,2.570000000000000000e+02
4.742762000000000455e+01,2.456193999999999988e+01,5.077287999999999357e+01,1.100000000000000000e+01,1.264000000000000000e+03
1.402166799999999967e+02,6.506477999999999895e+01,5.856295999999999680e+01,3.800000000000000000e+01,1.231000000000000000e+03
2.826249999999999929e+01,7.560749999999998749e+01,5.523469999999999658e+01,3.200000000000000000e+01,1.217000000000000000e+03
9.161606000000000449e+01,2.184670000000000201e+01,3.245232000000000028e+01,8.000000000000000000e+00,2.620000000000000000e+02
2.477063199999999767e+02,2.580837999999999965e+01,5.514697999999999922e+01,1.290000000000000000e+02,5.070000000000000000e+02
9.493071999999999377e+01,7.635890000000000555e+01,4.715460000000000207e+01,4.300000000000000000e+01,5.280000000000000000e+02
2.409525599999999770e+02,3.783928000000000225e+01,2.102117999999999753e+01,1.340000000000000000e+02,8.780000000000000000e+02
2.572881999999999891e+01,5.088100000000000023e+01,5.510481999999999658e+01,2.100000000000000000e+01,7.710000000000000000e+02
1.886391399999999976e+02,8.451073999999999842e+01,5.736446000000000112e+01,6.800000000000000000e+01,4.670000000000000000e+02
2.677567999999999984e+02,8.939993999999998664e+01,2.389179999999999993e+01,1.100000000000000000e+02,1.094000000000000000e+03
1.061235199999999992e+02,1.793874000000000279e+01,5.553559999999999519e+01,1.800000000000000000e+01,6.840000000000000000e+02
3.991735999999999507e+01,9.312192000000000291e+01,5.479575999999999425e+01,2.600000000000000000e+01,2.640000000000000000e+02
9.223757999999999413e+01,9.034275999999999840e+01,2.809215999999999624e+01,5.400000000000000000e+01,7.910000000000000000e+02
2.324314799999999934e+02,1.137820199999999886e+02,5.264083999999999719e+01,8.700000000000000000e+01,1.238000000000000000e+03
6.574783999999999651e+01,5.456625999999999976e+01,5.682963999999999061e+01,2.000000000000000000e+01,8.860000000000000000e+02
6.735263999999999385e+01,3.684512000000000143e+01,2.783988000000000085e+01,0.000000000000000000e+00,8.870000000000000000e+02
2.706025999999999598e+01,3.658127999999999957e+01,5.340176000000000300e+01,2.100000000000000000e+01,4.800000000000000000e+01
6.314377999999999957e+01,9.042333999999999605e+01,3.631777999999999906e+01,5.500000000000000000e+01,8.120000000000000000e+02
6.371905999999999892e+01,2.633435999999999666e+01,1.371594000000000158e+01,7.000000000000000000e+00,2.140000000000000000e+02
1.267829399999999822e+02,5.612209999999999610e+01,4.643856000000000250e+01,3.800000000000000000e+01,6.590000000000000000e+02
2.384960600000000284e+02,8.366074000000000410e+01,4.857206000000000756e+01,8.800000000000000000e+01,5.320000000000000000e+02
2.496582599999999843e+02,1.058960599999999914e+02,5.031897999999999627e+01,9.400000000000000000e+01,8.140000000000000000e+02
3.016673799999999801e+02,6.159915999999999769e+01,5.247832000000000363e+01,1.200000000000000000e+02,1.221000000000000000e+03
2.537076600000000042e+02,8.294707999999999970e+01,2.712622000000000355e+01,1.180000000000000000e+02,8.950000000000000000e+02
7.078731999999999402e+01,3.147243999999999531e+01,5.631692000000000320e+01,1.000000000000000000e+01,1.216000000000000000e+03
2.355149399999999673e+02,5.595243999999998863e+01,4.807804000000000144e+01,9.800000000000000000e+01,1.900000000000000000e+02
7.084852000000000771e+01,2.277727999999999753e+01,5.526156000000001001e+01,9.000000000000000000e+00,1.260000000000000000e+02
2.018685399999999959e+02,1.032287599999999941e+02,5.591435999999999495e+01,8.200000000000000000e+01,1.330000000000000000e+02
2.567258400000000051e+02,2.312475999999999843e+01,8.918199999999998795e+00,1.360000000000000000e+02,2.580000000000000000e+02
4.188595999999999719e+01,3.710079999999999245e+01,5.543699999999999761e+01,1.700000000000000000e+01,1.520000000000000000e+02
1.620711999999999975e+01,7.476429999999999154e+01,5.022581999999999880e+01,3.200000000000000000e+01,8.740000000000000000e+02
2.970960800000000290e+02,7.837850000000000250e+01,5.618975999999999260e+01,1.260000000000000000e+02,1.046000000000000000e+03
1.029149399999999872e+02,3.291403999999999996e+01,4.761870000000000402e+01,1.500000000000000000e+01,1.182000000000000000e+03
2.695679799999999773e+02,3.852301999999999538e+01,2.860760000000000502e+01,1.320000000000000000e+02,4.890000000000000000e+02
2.957887800000000311e+02,4.285972000000000293e+01,5.525339999999999208e+01,1.270000000000000000e+02,7.490000000000000000e+02
1.065512399999999928e+02,2.797995999999999839e+01,4.787607999999999464e+01,1.500000000000000000e+01,1.174000000000000000e+03
7.219729999999999848e+01,1.082906799999999947e+02,4.997047999999999490e+01,5.300000000000000000e+01,5.590000000000000000e+02
6.224889999999999191e+01,9.352719999999999345e+01,4.869106000000000023e+01,6.100000000000000000e+01,1.300000000000000000e+01
3.032650399999999991e+02,5.878497999999999735e+01,5.968903999999999144e+01,1.220000000000000000e+02,2.050000000000000000e+02
2.212587399999999889e+02,2.226965999999999823e+01,4.954717999999999734e+01,9.300000000000000000e+01,1.720000000000000000e+02
1.191353199999999930e+02,5.697005999999999659e+01,4.657048000000000343e+01,4.600000000000000000e+01,9.740000000000000000e+02
2.594859599999999773e+02,2.031398000000000081e+01,3.685327999999999804e+01,1.280000000000000000e+02,6.900000000000000000e+01
1.066749999999999829e+02,9.028767999999999461e+01,4.730011999999999972e+01,3.300000000000000000e+01,5.840000000000000000e+02
6.916552000000000078e+01,9.488515999999999906e+01,4.188901999999999504e+01,5.500000000000000000e+01,5.940000000000000000e+02
2.679489000000000374e+02,6.786943999999998312e+01,5.625741999999999621e+01,1.110000000000000000e+02,1.129000000000000000e+03
2.262764600000000144e+02,6.646693999999999392e+01,5.704316000000000031e+01,1.030000000000000000e+02,1.313000000000000000e+03
1.910881599999999878e+02,1.873536000000000001e+01,4.948122000000000043e+01,8.600000000000000000e+01,1.320000000000000000e+03
1.924818199999999990e+02,5.188501999999999725e+01,5.762048000000000769e+01,6.900000000000000000e+01,4.170000000000000000e+02
1.324449600000000089e+02,6.451466000000000633e+01,5.853031999999999613e+01,3.800000000000000000e+01,1.211000000000000000e+03
3.254633000000000038e+02,5.683949999999998681e+01,7.131806000000000267e+01,1.300000000000000000e+02,1.196000000000000000e+03
1.067086599999999947e+02,2.434059999999999846e+01,5.659469999999999601e+01,1.800000000000000000e+01,9.220000000000000000e+02
3.385958000000000112e+01,8.516115999999998110e+01,4.947442000000000206e+01,2.600000000000000000e+01,9.230000000000000000e+02
2.338594799999999907e+02,2.025074000000000041e+01,5.003541999999999490e+01,1.290000000000000000e+02,1.095000000000000000e+03
9.216958000000001050e+01,9.053656000000000859e+01,4.760816000000000514e+01,3.100000000000000000e+01,6.750000000000000000e+02
2.627390799999999444e+02,6.045200000000000529e+01,4.841770000000000351e+01,1.110000000000000000e+02,5.850000000000000000e+02
1.329070199999999886e+02,7.913567999999999358e+01,4.684248000000000189e+01,3.500000000000000000e+01,4.410000000000000000e+02
6.493659999999999854e+01,2.444158000000000186e+01,3.897896000000000072e+01,1.000000000000000000e+00,9.280000000000000000e+02
2.968281600000000253e+02,5.891315999999999775e+01,4.979673999999999978e+01,1.200000000000000000e+02,1.139000000000000000e+03
7.590465999999999269e+01,2.967587999999999582e+01,2.280175999999999803e+01,0.000000000000000000e+00,9.300000000000000000e+02
2.134758000000000209e+02,5.394371999999999900e+01,4.777033999999999736e+01,7.500000000000000000e+01,7.290000000000000000e+02
6.796294000000000324e+01,2.099296000000000006e+01,3.094985999999999748e+01,3.000000000000000000e+00,1.020000000000000000e+02
1.029101799999999969e+02,6.476761999999999375e+01,4.707367999999999597e+01,4.300000000000000000e+01,5.370000000000000000e+02
1.342571599999999989e+02,8.986097999999999786e+01,5.742429999999999524e+01,3.500000000000000000e+01,8.090000000000000000e+02
2.896786400000000299e+02,8.863902000000000214e+01,5.507523999999999376e+01,1.260000000000000000e+02,1.109000000000000000e+03
8.480177999999999372e+01,9.325791999999999859e+01,5.690511999999999659e+01,3.100000000000000000e+01,9.000000000000000000e+01
2.528739800000000173e+02,5.513201999999999714e+01,4.844047999999999377e+01,1.160000000000000000e+02,1.760000000000000000e+02
2.670849600000000237e+02,3.424038000000000181e+01,5.535642000000000706e+01,1.210000000000000000e+02,2.830000000000000000e+02
1.772943599999999833e+02,9.514049999999998875e+01,4.790090000000000714e+01,9.000000000000000000e+01,6.710000000000000000e+02
2.048143000000000029e+02,3.730480000000000018e+01,4.817697999999999325e+01,8.000000000000000000e+01,5.100000000000000000e+02
9.040395999999999788e+01,6.415119999999998868e+01,5.738723999999999137e+01,2.800000000000000000e+01,5.800000000000000000e+02
2.524880799999999965e+02,1.917294000000000054e+01,3.985616000000000270e+01,1.240000000000000000e+02,4.060000000000000000e+02
8.416495999999999356e+01,4.034508000000000294e+01,4.761291999999999547e+01,1.000000000000000000e+01,1.088000000000000000e+03
2.117815799999999911e+02,7.770530000000000825e+01,4.775605999999999796e+01,7.300000000000000000e+01,1.280000000000000000e+03
1.769026800000000321e+02,1.148808999999999969e+02,5.373461999999999961e+01,8.300000000000000000e+01,9.450000000000000000e+02
3.867228000000000065e+01,7.229249999999998977e+01,4.883046000000000220e+01,2.300000000000000000e+01,3.410000000000000000e+02
1.488176599999999894e+02,2.459899999999999665e+01,5.673919999999999675e+01,1.010000000000000000e+02,5.990000000000000000e+02
3.141559200000000374e+02,7.116642000000000223e+01,6.517698000000000036e+01,1.250000000000000000e+02,3.100000000000000000e+01
7.827037999999998874e+01,5.288904000000000138e+01,4.761393999999999949e+01,2.400000000000000000e+01,6.300000000000000000e+01
1.792731600000000185e+02,5.039649999999999608e+01,5.783705999999999392e+01,5.100000000000000000e+01,9.500000000000000000e+02
2.573687799999999584e+02,2.967316000000000287e+01,8.766220000000000567e+00,1.360000000000000000e+02,5.450000000000000000e+02
1.185603799999999950e+02,4.062931999999999988e+01,5.789587999999999113e+01,4.900000000000000000e+01,9.520000000000000000e+02
2.575799200000000155e+02,3.182705999999999591e+01,4.307562000000000069e+01,1.240000000000000000e+02,1.960000000000000000e+02
7.136089999999998668e+01,2.534563999999999950e+01,4.914598000000000155e+01,5.000000000000000000e+00,1.354000000000000000e+03
2.743143799999999715e+02,7.877833999999998582e+01,5.574945999999999202e+01,1.120000000000000000e+02,6.580000000000000000e+02
2.838799399999999764e+02,4.144736000000000331e+01,4.949618000000000251e+01,1.270000000000000000e+02,1.400000000000000000e+02
3.246745000000000232e+02,5.249022000000000077e+01,6.640608000000000288e+01,1.300000000000000000e+02,4.340000000000000000e+02
5.980838000000000676e+01,9.629955999999999960e+01,2.000525999999999982e+01,6.600000000000000000e+01,7.130000000000000000e+02
2.044732800000000168e+02,3.957327999999999690e+01,5.697651999999999362e+01,8.000000000000000000e+01,9.400000000000000000e+02
9.510819999999999652e+01,1.092209200000000067e+02,4.948937999999999704e+01,4.700000000000000000e+01,1.222000000000000000e+03
2.451471400000000074e+02,6.727240000000000464e+01,4.812971999999999895e+01,1.020000000000000000e+02,9.850000000000000000e+02
2.195420799999999701e+02,1.045931799999999896e+02,4.940098000000000411e+01,8.700000000000000000e+01,6.970000000000000000e+02
2.174442800000000204e+02,7.062581999999999027e+01,4.771798000000000428e+01,1.030000000000000000e+02,3.860000000000000000e+02
5.855207999999999657e+01,2.744275999999999627e+01,2.602563999999999922e+01,1.000000000000000000e+00,6.810000000000000000e+02
1.675676399999999830e+02,4.512786000000000541e+01,5.780135999999999541e+01,5.100000000000000000e+01,3.600000000000000000e+01
1.415613799999999856e+02,4.902799999999999869e+01,4.686967999999999535e+01,4.200000000000000000e+01,9.660000000000000000e+02
9.602789999999998827e+01,8.383821999999999264e+01,4.711686000000000263e+01,3.100000000000000000e+01,1.301000000000000000e+03
1.750418599999999856e+02,3.030453999999999937e+01,4.784717999999999449e+01,7.900000000000000000e+01,3.010000000000000000e+02
2.018148199999999974e+02,9.663105999999999085e+01,4.822288000000000352e+01,7.400000000000000000e+01,6.990000000000000000e+02
8.255947999999999354e+01,3.777400000000000091e+01,3.536034000000000077e+01,4.000000000000000000e+00,1.200000000000000000e+01
3.086707000000000107e+02,6.276739999999999498e+01,5.646686000000000405e+01,1.220000000000000000e+02,7.560000000000000000e+02
6.353919999999999391e+01,6.157060000000000599e+01,5.667459999999999809e+01,1.900000000000000000e+01,1.117000000000000000e+03
3.445696000000000225e+01,8.933635999999998489e+01,5.467642000000000735e+01,2.600000000000000000e+01,4.960000000000000000e+02
9.983929999999999438e+01,5.071916000000000224e+01,4.701724000000000103e+01,4.600000000000000000e+01,5.170000000000000000e+02
1.722324399999999969e+02,2.688107999999999720e+01,5.672356000000000620e+01,7.900000000000000000e+01,1.043000000000000000e+03
8.575207999999999231e+01,1.945921999999999841e+01,1.620508000000000237e+01,6.000000000000000000e+00,2.390000000000000000e+02
2.554215999999999838e+02,3.812963999999999487e+01,1.007725999999999900e+01,1.340000000000000000e+02,2.110000000000000000e+02
2.682620399999999563e+02,7.935974000000000217e+01,5.583310000000000173e+01,1.120000000000000000e+02,7.040000000000000000e+02
2.419616800000000012e+02,1.031641599999999954e+02,4.972635999999999257e+01,9.400000000000000000e+01,5.900000000000000000e+01
8.611349999999998772e+01,5.822805999999999216e+01,4.746672000000000224e+01,2.800000000000000000e+01,1.000000000000000000e+02
2.244724200000000280e+02,7.465379999999998972e+01,4.800426000000000215e+01,1.030000000000000000e+02,5.090000000000000000e+02
1.776095399999999813e+02,1.053908199999999908e+02,5.597283999999999082e+01,8.300000000000000000e+01,2.030000000000000000e+02
7.571697999999999240e+01,7.615319999999999823e+01,2.910739999999999839e+01,6.700000000000000000e+01,9.830000000000000000e+02
8.625153999999999144e+01,2.149309999999999832e+01,3.881405999999999779e+01,8.000000000000000000e+00,8.660000000000000000e+02
2.494607200000000091e+02,6.393088000000000193e+01,5.672151999999999816e+01,1.020000000000000000e+02,5.260000000000000000e+02
2.763098400000000083e+02,5.019725999999999999e+01,4.902595999999999776e+01,1.150000000000000000e+02,9.860000000000000000e+02
2.557724800000000300e+02,5.186802000000000135e+01,5.619451999999999714e+01,1.160000000000000000e+02,9.900000000000000000e+02
2.078331599999999924e+02,1.091012399999999900e+02,5.490116000000000440e+01,8.900000000000000000e+01,9.880000000000000000e+02
6.933381999999998868e+01,3.089613999999999905e+01,9.964379999999998461e+00,7.000000000000000000e+00,3.510000000000000000e+02
2.458509400000000085e+02,4.462159999999999371e+01,4.865162000000000120e+01,1.160000000000000000e+02,6.020000000000000000e+02
5.648250000000000171e+01,1.021822400000000073e+02,5.004765999999999337e+01,6.100000000000000000e+01,2.650000000000000000e+02
8.431081999999999255e+01,3.920846000000000231e+01,5.714924000000000603e+01,1.000000000000000000e+01,1.164000000000000000e+03
1.520772399999999891e+02,1.771399999999999864e+01,4.925443999999999534e+01,9.700000000000000000e+01,1.240000000000000000e+02
1.924117799999999932e+02,7.980071999999999832e+01,4.727835999999999927e+01,6.800000000000000000e+01,8.800000000000000000e+01
2.601605200000000195e+02,6.365377999999999048e+01,3.125857999999999848e+01,1.370000000000000000e+02,9.950000000000000000e+02
2.779258599999999433e+02,6.013817999999999842e+01,4.869208000000000425e+01,1.170000000000000000e+02,9.960000000000000000e+02
2.690824599999999691e+02,2.051389999999999958e+01,3.503802000000000305e+01,1.280000000000000000e+02,4.350000000000000000e+02
7.241795999999999367e+01,4.635322000000000031e+01,5.706389999999999674e+01,2.000000000000000000e+01,8.630000000000000000e+02
2.541003599999999949e+02,2.543267999999999773e+01,4.286345999999999634e+01,1.240000000000000000e+02,2.460000000000000000e+02
2.203730399999999463e+02,4.007681999999999789e+01,4.833643999999998897e+01,8.500000000000000000e+01,8.640000000000000000e+02
2.370153599999999585e+02,7.679103999999999530e+01,5.652364000000000033e+01,1.020000000000000000e+02,9.610000000000000000e+02
7.021339999999999293e+01,1.025195200000000000e+02,4.932413999999999987e+01,5.300000000000000000e+01,3.920000000000000000e+02
2.458448199999999986e+02,1.914539999999999864e+01,1.572398000000000273e+01,1.350000000000000000e+02,2.760000000000000000e+02
2.204264199999999789e+02,8.523425999999999192e+01,4.820213999999999999e+01,8.100000000000000000e+01,1.167000000000000000e+03
3.076891199999999458e+02,3.859884000000000270e+01,6.007629999999999626e+01,1.310000000000000000e+02,1.930000000000000000e+02
1.659981999999999971e+02,8.694513999999999498e+01,5.754227999999999810e+01,9.500000000000000000e+01,7.500000000000000000e+01
1.187925999999999931e+02,8.909326000000000079e+01,5.759634000000000498e+01,3.400000000000000000e+01,2.850000000000000000e+02
2.562386199999999690e+02,7.625247999999999138e+01,2.904416000000000153e+01,1.180000000000000000e+02,1.315000000000000000e+03
2.033267999999999915e+02,9.631553999999999860e+01,5.644305999999999557e+01,8.200000000000000000e+01,3.900000000000000000e+01
1.529442400000000077e+02,8.660343999999999198e+01,4.731609999999999872e+01,1.000000000000000000e+02,3.100000000000000000e+02
8.214365999999999701e+01,3.708550000000000324e+01,1.870136000000000109e+01,2.000000000000000000e+00,3.760000000000000000e+02
2.516054399999999873e+02,3.160129999999999839e+01,4.920683999999999969e+01,1.240000000000000000e+02,1.012000000000000000e+03
3.084204599999999914e+02,6.120985999999999905e+01,6.260454000000000008e+01,1.220000000000000000e+02,4.360000000000000000e+02
2.551601399999999842e+02,1.037561000000000035e+02,3.118684000000000367e+01,1.050000000000000000e+02,1.274000000000000000e+03
1.186399399999999957e+02,1.096143000000000001e+02,4.926293999999999329e+01,4.000000000000000000e+01,6.830000000000000000e+02
1.303913599999999917e+02,2.961535999999999902e+01,5.716827999999999577e+01,5.800000000000000000e+01,5.610000000000000000e+02
2.154909800000000075e+02,2.475845999999999592e+01,4.906709999999999638e+01,9.300000000000000000e+01,1.080000000000000000e+03
1.328900200000000211e+02,5.648997999999999564e+01,4.639639999999999276e+01,3.800000000000000000e+01,7.780000000000000000e+02
9.224472000000000094e+01,1.008579399999999850e+02,3.142687999999999704e+01,5.400000000000000000e+01,3.720000000000000000e+02
1.844782200000000216e+02,2.428653999999999868e+01,5.629277999999999338e+01,8.400000000000000000e+01,5.740000000000000000e+02
6.161071999999999349e+01,2.127482000000000184e+01,3.368515999999999622e+01,1.000000000000000000e+00,1.021000000000000000e+03
1.018211600000000061e+02,9.424391999999998859e+01,5.717576000000000391e+01,3.300000000000000000e+01,9.140000000000000000e+02
2.351215600000000165e+02,2.780077999999999960e+01,4.902765999999999735e+01,1.330000000000000000e+02,5.000000000000000000e+02
1.266163399999999939e+02,1.011044400000000110e+02,4.791313999999999140e+01,3.700000000000000000e+01,4.760000000000000000e+02
2.523173999999999850e+01,6.618507999999999925e+01,4.939043999999999812e+01,3.000000000000000000e+01,2.200000000000000000e+01
1.326639199999999903e+02,2.114221999999999824e+01,5.621559999999999491e+01,6.400000000000000000e+01,1.298000000000000000e+03
2.424356399999999780e+02,1.076630399999999952e+02,1.985464000000000340e+01,1.140000000000000000e+02,1.085000000000000000e+03
1.965437999999999761e+02,6.462890000000000157e+01,5.764257999999998816e+01,6.900000000000000000e+01,1.347000000000000000e+03
2.583367599999999698e+02,8.215861999999999910e+01,4.890015999999999963e+01,1.070000000000000000e+02,5.920000000000000000e+02
2.313115200000000300e+02,2.493321999999999861e+01,5.547610000000000241e+01,9.300000000000000000e+01,4.470000000000000000e+02
2.475012999999999863e+02,4.163061999999999330e+01,5.598474000000000217e+01,1.190000000000000000e+02,5.000000000000000000e+00
7.824861999999998829e+01,2.477852000000000032e+01,4.281313999999999709e+01,5.000000000000000000e+00,5.420000000000000000e+02
1.133529400000000038e+02,6.395094000000000278e+01,5.801216000000000150e+01,3.900000000000000000e+01,1.224000000000000000e+03
2.269935199999999895e+02,9.537985999999999365e+01,4.866250000000000142e+01,8.100000000000000000e+01,1.004000000000000000e+03
2.268541199999999947e+02,4.339793999999999841e+01,4.833303999999999689e+01,9.200000000000000000e+01,5.250000000000000000e+02
7.861955999999999278e+01,1.916443999999999903e+01,4.012509999999999621e+01,5.000000000000000000e+00,9.540000000000000000e+02
2.838649800000000027e+02,3.523113999999999635e+01,4.973928000000000083e+01,1.230000000000000000e+02,7.140000000000000000e+02
1.757952999999999690e+02,8.930949999999998568e+01,5.747258000000000067e+01,9.000000000000000000e+01,1.119000000000000000e+03
2.689967800000000011e+02,3.687537999999999272e+01,1.550093999999999994e+01,1.320000000000000000e+02,9.050000000000000000e+02
7.786441999999999553e+01,8.546104000000001122e+01,4.776319999999999766e+01,2.900000000000000000e+01,5.190000000000000000e+02
2.621712800000000243e+02,9.069330000000000780e+01,2.031261999999999901e+01,1.130000000000000000e+02,1.041000000000000000e+03
1.138853799999999978e+02,7.267533999999999139e+01,4.676563999999999766e+01,3.600000000000000000e+01,1.650000000000000000e+02
1.731817199999999843e+02,3.292457999999999885e+01,5.696870000000000545e+01,7.900000000000000000e+01,9.750000000000000000e+02
2.128722999999999956e+02,1.096261999999999972e+02,5.003032000000000323e+01,8.200000000000000000e+01,1.044000000000000000e+03
2.564922599999999875e+02,6.419710000000000605e+01,3.855973999999999791e+01,1.370000000000000000e+02,1.045000000000000000e+03
3.029937199999999962e+02,8.262917999999999097e+01,5.899985999999999109e+01,1.260000000000000000e+02,7.400000000000000000e+02
6.405871999999999389e+01,1.050399400000000014e+02,5.001773999999999631e+01,6.100000000000000000e+01,8.520000000000000000e+02
1.332901999999999703e+02,9.819131999999999039e+01,5.702785999999999689e+01,3.700000000000000000e+01,1.048000000000000000e+03
2.484380000000000166e+02,2.132174000000000191e+01,5.030742000000000047e+01,1.290000000000000000e+02,7.060000000000000000e+02
1.353182999999999936e+02,1.121843600000000123e+02,4.960327999999999804e+01,4.100000000000000000e+01,7.700000000000000000e+02
1.883501400000000103e+02,1.044133199999999846e+02,4.879271999999999565e+01,7.800000000000000000e+01,1.880000000000000000e+02
8.297359999999999047e+01,4.636919999999999931e+01,4.741810000000000258e+01,1.200000000000000000e+01,3.000000000000000000e+01
6.695483999999999014e+01,3.202732000000000312e+01,4.860333999999999577e+01,5.000000000000000000e+00,1.356000000000000000e+03
4.864414000000000016e+01,3.670503999999999678e+01,5.576680000000000348e+01,1.400000000000000000e+01,1.054000000000000000e+03
2.087351799999999855e+02,1.753787999999999769e+01,5.000413999999999959e+01,8.600000000000000000e+01,1.066000000000000000e+03
2.829003999999999905e+02,2.940625999999999607e+01,5.440442000000000178e+01,1.230000000000000000e+02,1.037000000000000000e+03
2.387537799999999777e+02,7.085735999999999990e+01,5.668480000000000274e+01,1.020000000000000000e+02,6.260000000000000000e+02
2.713903799999999933e+02,8.884506000000000370e+01,2.887449999999999761e+01,1.100000000000000000e+02,1.058000000000000000e+03
2.141085400000000050e+02,9.285876000000000374e+01,4.823716000000000292e+01,8.100000000000000000e+01,1.034000000000000000e+03
1.691309599999999875e+02,3.511077999999999832e+01,4.750412000000000745e+01,4.800000000000000000e+01,1.198000000000000000e+03
9.135630000000000450e+01,7.903911999999999694e+01,5.759158000000000044e+01,3.100000000000000000e+01,9.250000000000000000e+02
7.504819999999999425e+01,9.306819999999999027e+01,4.821200000000000330e+01,5.300000000000000000e+01,1.560000000000000000e+02
8.263631999999999778e+01,1.028656399999999849e+02,4.885629999999999740e+01,5.000000000000000000e+01,1.600000000000000000e+01
3.026972399999999652e+02,4.938703999999999184e+01,5.355033999999999850e+01,1.310000000000000000e+02,4.180000000000000000e+02
4.772375999999999152e+01,4.475147999999999371e+01,4.869378000000000384e+01,1.400000000000000000e+01,1.176000000000000000e+03
2.093951199999999915e+02,2.606235999999999819e+01,4.873525999999999669e+01,8.600000000000000000e+01,1.055000000000000000e+03
1.214503799999999956e+02,2.080323999999999884e+01,5.608843999999999852e+01,6.400000000000000000e+01,1.100000000000000000e+02
2.277197599999999795e+02,9.490114000000001226e+01,5.609591999999999246e+01,8.100000000000000000e+01,1.068000000000000000e+03
5.533160000000000167e+01,2.467549999999999955e+01,5.009593999999999880e+01,1.100000000000000000e+01,3.640000000000000000e+02
2.450597599999999545e+02,1.045173599999999965e+02,5.478351999999999578e+01,9.400000000000000000e+01,6.620000000000000000e+02
2.326055599999999686e+02,7.999724000000000501e+01,4.833711999999999875e+01,8.800000000000000000e+01,5.120000000000000000e+02
1.280358400000000074e+02,9.512962000000000273e+01,4.746808000000000760e+01,3.700000000000000000e+01,2.820000000000000000e+02
2.207922599999999989e+02,4.612915999999999883e+01,4.814468000000000103e+01,9.200000000000000000e+01,2.990000000000000000e+02
1.901514600000000144e+02,6.810472000000001458e+01,4.708251999999999526e+01,6.200000000000000000e+01,7.450000000000000000e+02
1.642288399999999911e+02,6.002971999999999753e+01,5.818148000000000053e+01,5.600000000000000000e+01,1.188000000000000000e+03
8.982527999999999224e+01,4.210560000000000258e+01,5.747529999999999717e+01,1.200000000000000000e+01,4.100000000000000000e+02
2.091816000000000031e+02,5.852079999999999416e+01,4.746365999999999730e+01,7.500000000000000000e+01,8.600000000000000000e+02
1.126396199999999936e+02,8.428157999999999106e+01,5.800162000000000262e+01,3.300000000000000000e+01,1.310000000000000000e+03
2.716113799999999969e+02,3.805585999999999558e+01,2.138429999999999964e+01,1.320000000000000000e+02,7.890000000000000000e+02
2.267364800000000002e+02,1.356260000000000154e+01,5.291080000000000183e+01,9.300000000000000000e+01,2.950000000000000000e+02
2.809562799999999925e+02,6.773990000000000578e+01,4.876722000000000179e+01,1.170000000000000000e+02,2.100000000000000000e+02
2.031972600000000284e+02,6.289081999999999795e+01,4.727666000000000679e+01,7.500000000000000000e+01,9.310000000000000000e+02
8.142829999999999302e+01,6.562543999999999755e+01,5.716317999999999699e+01,2.800000000000000000e+01,9.410000000000000000e+02
2.837650199999999927e+02,5.980259999999999110e+01,5.599833999999999179e+01,1.200000000000000000e+02,8.940000000000000000e+02
2.515425400000000309e+02,1.058960599999999914e+02,1.903285999999999945e+01,1.140000000000000000e+02,5.570000000000000000e+02
9.396002000000000010e+01,3.308811999999999642e+01,5.700813999999999737e+01,1.500000000000000000e+01,9.070000000000000000e+02
7.424851999999998498e+01,1.960745999999999967e+01,4.980965999999999383e+01,9.000000000000000000e+00,2.560000000000000000e+02
7.924107999999999663e+01,3.432265999999999906e+01,5.674736000000000047e+01,1.000000000000000000e+01,8.960000000000000000e+02
1.873675400000000195e+02,8.997555999999998733e+01,4.754084000000000287e+01,7.400000000000000000e+01,2.530000000000000000e+02
1.452034599999999784e+02,8.167173999999999978e+01,4.704104000000000241e+01,1.000000000000000000e+02,6.070000000000000000e+02
2.676112799999999652e+02,6.091474000000000188e+01,5.631862000000000990e+01,1.110000000000000000e+02,9.260000000000000000e+02
2.694737999999999545e+01,5.460026000000000579e+01,4.954513999999999641e+01,2.700000000000000000e+01,8.110000000000000000e+02
7.783517999999999404e+01,9.510548000000000002e+01,5.659606000000000137e+01,5.300000000000000000e+01,1.093000000000000000e+03
2.653995800000000145e+02,8.953321999999998582e+01,3.270527999999999480e+01,1.100000000000000000e+02,4.540000000000000000e+02
2.409998199999999997e+02,2.300881999999999650e+01,4.985896000000000328e+01,1.290000000000000000e+02,8.760000000000000000e+02
2.555266599999999926e+02,5.050155999999999779e+01,2.278135999999999584e+01,1.370000000000000000e+02,3.000000000000000000e+00
2.277265600000000063e+02,2.172531999999999641e+01,4.972908000000000328e+01,9.300000000000000000e+01,1.570000000000000000e+02
1.735757799999999804e+02,9.894271999999999423e+01,5.683915999999999258e+01,9.000000000000000000e+01,6.090000000000000000e+02
8.803450000000000841e+01,1.081675999999999789e+02,4.952065999999999946e+01,4.700000000000000000e+01,9.600000000000000000e+02
2.413989799999999946e+02,9.186256000000000199e+01,5.593816000000000344e+01,8.800000000000000000e+01,1.234000000000000000e+03
2.501090999999999838e+02,3.601041999999999632e+01,2.271029999999999660e+01,1.340000000000000000e+02,1.254000000000000000e+03
1.117896199999999993e+02,1.101793799999999806e+02,4.938873999999999853e+01,4.400000000000000000e+01,1.670000000000000000e+02
2.476583799999999940e+02,9.961965999999999610e+01,4.942036000000000229e+01,9.400000000000000000e+01,8.930000000000000000e+02
5.235592000000000468e+01,2.787421999999999755e+01,5.488279999999999603e+01,1.100000000000000000e+01,8.720000000000000000e+02
2.510546400000000062e+02,9.336502000000000123e+01,4.913067999999999813e+01,9.900000000000000000e+01,1.090000000000000000e+02
1.571133199999999874e+02,9.692311999999999728e+01,4.779583999999999833e+01,9.600000000000000000e+01,1.297000000000000000e+03
1.728437600000000032e+02,1.120157199999999875e+02,4.984094000000000335e+01,8.300000000000000000e+01,7.770000000000000000e+02
3.108562199999999507e+02,8.127700000000000102e+01,6.273237999999999914e+01,1.220000000000000000e+02,1.133000000000000000e+03
3.051805999999999699e+02,9.150861999999999341e+01,5.850957999999999970e+01,1.260000000000000000e+02,2.330000000000000000e+02
1.666635799999999676e+02,4.303278000000000247e+01,4.711991999999999337e+01,4.800000000000000000e+01,1.146000000000000000e+03
2.613158400000000370e+02,4.747249999999999659e+01,5.593849999999999767e+01,1.190000000000000000e+02,1.349000000000000000e+03
2.790828799999999887e+02,9.233142000000000849e+01,5.515139999999999532e+01,1.080000000000000000e+02,3.170000000000000000e+02
5.424121999999999844e+01,6.748864000000000374e+01,4.836261999999999972e+01,1.900000000000000000e+01,1.040000000000000000e+02
2.296387200000000064e+02,7.869231999999999516e+01,5.658994000000000568e+01,1.030000000000000000e+02,7.230000000000000000e+02
8.815281999999999130e+01,2.872524000000000299e+01,4.816440000000000055e+01,1.000000000000000000e+01,1.580000000000000000e+02
6.332840000000000202e+01,9.710195999999999117e+01,3.783995999999999782e+01,5.500000000000000000e+01,8.890000000000000000e+02
4.798963999999999430e+01,6.287892000000000081e+01,5.622954000000000008e+01,1.900000000000000000e+01,1.840000000000000000e+02
2.610383999999999673e+02,8.395109999999999673e+01,5.579127999999999332e+01,1.070000000000000000e+02,8.150000000000000000e+02
1.792231799999999851e+02,9.514288000000000523e+01,5.703737999999999886e+01,9.000000000000000000e+01,1.038000000000000000e+03
7.807657999999999276e+01,6.766306000000000154e+01,2.326654000000000266e+01,6.700000000000000000e+01,6.250000000000000000e+02
1.239017799999999880e+02,6.771031999999999584e+01,4.651505999999999830e+01,3.600000000000000000e+01,4.930000000000000000e+02
1.044867599999999896e+02,6.779124000000000194e+01,5.781971999999998957e+01,3.900000000000000000e+01,6.740000000000000000e+02
2.561420599999999581e+02,9.831779999999999120e+01,4.950502000000000180e+01,9.900000000000000000e+01,1.950000000000000000e+02
6.361433999999999855e+01,3.730955999999999761e+01,4.848161999999999949e+01,1.400000000000000000e+01,2.510000000000000000e+02
2.936277400000000171e+02,4.864107999999999521e+01,5.537988000000000000e+01,1.270000000000000000e+02,5.080000000000000000e+02
1.434544999999999959e+02,5.577903999999999485e+01,4.658883999999999759e+01,4.200000000000000000e+01,1.150000000000000000e+03
6.136829999999999075e+01,4.212158000000000158e+01,5.648351999999999862e+01,1.400000000000000000e+01,1.265000000000000000e+03
4.444445999999999941e+01,6.992304000000000030e+01,4.859483999999999781e+01,2.300000000000000000e+01,1.480000000000000000e+02
2.558578200000000038e+02,6.085625999999999891e+01,4.828374000000000166e+01,1.110000000000000000e+02,3.900000000000000000e+02
1.247684400000000124e+02,8.982221999999998729e+01,4.716241999999999734e+01,3.400000000000000000e+01,1.007000000000000000e+03
2.453188400000000229e+02,3.026782000000000039e+01,1.279862000000000144e+01,1.340000000000000000e+02,4.150000000000000000e+02
2.043760400000000175e+02,6.155971999999999156e+01,5.749706000000000472e+01,7.500000000000000000e+01,3.120000000000000000e+02
3.072862199999999575e+02,7.049933999999998946e+01,5.564746000000000237e+01,1.220000000000000000e+02,9.710000000000000000e+02
2.731230199999999968e+02,1.006988199999999978e+02,2.320737999999999701e+01,1.090000000000000000e+02,1.660000000000000000e+02
7.479829999999999757e+01,9.022987999999999431e+01,3.526581999999999795e+01,6.000000000000000000e+01,1.800000000000000000e+01
2.577563799999999787e+02,1.048937399999999940e+02,9.172180000000000888e+00,1.140000000000000000e+02,3.440000000000000000e+02
1.733166999999999973e+02,8.280359999999998877e+01,4.699071999999999605e+01,9.500000000000000000e+01,8.480000000000000000e+02
1.443623000000000047e+02,9.672422000000000253e+01,4.772613999999999379e+01,1.000000000000000000e+02,9.100000000000000000e+01
2.910025999999999726e+02,5.686193999999999704e+01,4.904126000000000118e+01,1.200000000000000000e+02,1.290000000000000000e+03
8.318541999999999348e+01,1.014107799999999884e+02,1.034789999999999921e+01,6.500000000000000000e+01,5.440000000000000000e+02
1.425585999999999842e+01,8.029439999999999600e+01,5.320965999999999951e+01,3.200000000000000000e+01,3.520000000000000000e+02
7.002401999999999305e+01,3.743468000000000018e+01,1.735632000000000019e+01,7.000000000000000000e+00,5.400000000000000000e+02
1.535633799999999951e+02,4.050215999999999639e+01,4.733310000000000173e+01,4.800000000000000000e+01,1.334000000000000000e+03
2.617503600000000006e+02,1.079632600000000053e+02,3.921900000000000119e+01,1.050000000000000000e+02,1.014000000000000000e+03
2.637063800000000242e+02,8.890592000000000894e+01,1.233689999999999998e+01,1.130000000000000000e+02,1.145000000000000000e+03
1.627743199999999888e+02,2.916316000000000130e+01,4.786214000000000368e+01,4.800000000000000000e+01,1.060000000000000000e+03
1.179395399999999938e+02,4.742864000000000146e+01,5.812163999999999930e+01,4.900000000000000000e+01,7.180000000000000000e+02
2.448006800000000283e+02,1.956461999999999790e+01,3.269473999999999592e+01,1.350000000000000000e+02,1.148000000000000000e+03
2.299562799999999640e+02,1.861261999999999972e+01,5.462711999999999790e+01,9.300000000000000000e+01,1.710000000000000000e+02
1.342830000000000155e+02,4.955024000000000228e+01,5.799618000000000251e+01,4.200000000000000000e+01,2.940000000000000000e+02
2.757338799999999424e+02,3.780255999999999972e+01,5.532989999999999498e+01,1.230000000000000000e+02,2.670000000000000000e+02
1.693492399999999805e+02,5.017753999999999337e+01,4.688701999999999970e+01,5.100000000000000000e+01,1.268000000000000000e+03
5.980055999999999727e+01,7.603147999999998774e+01,4.809129999999999683e+01,2.200000000000000000e+01,1.179000000000000000e+03
3.006436400000000049e+02,6.818904000000000565e+01,5.197001999999999811e+01,1.220000000000000000e+02,1.252000000000000000e+03
4.952984000000000009e+01,7.305375999999999692e+01,5.639988000000000312e+01,2.300000000000000000e+01,1.155000000000000000e+03
1.403009999999999913e+01,5.689151999999999987e+01,5.026151999999999020e+01,3.000000000000000000e+01,1.025000000000000000e+03
2.561223400000000083e+02,9.320555999999999131e+01,2.146691999999999823e+01,1.180000000000000000e+02,2.240000000000000000e+02
2.622175199999999791e+02,3.833227999999999724e+01,1.141991999999999940e+01,1.320000000000000000e+02,1.200000000000000000e+03
3.376914000000000016e+01,9.913074000000000296e+01,5.279587999999999681e+01,2.600000000000000000e+01,1.159000000000000000e+03
1.688854799999999727e+02,1.175254199999999969e+02,5.245383999999999958e+01,8.300000000000000000e+01,1.192000000000000000e+03
1.367167199999999809e+02,4.018153999999999826e+01,4.724503999999999593e+01,4.200000000000000000e+01,4.840000000000000000e+02
2.510325400000000116e+02,1.036830000000000069e+02,2.520929999999999893e+01,1.140000000000000000e+02,7.380000000000000000e+02
7.331555999999999074e+01,6.535208000000000084e+01,3.022633999999999332e+01,6.700000000000000000e+01,1.232000000000000000e+03
7.501793999999999585e+01,3.275083999999999662e+01,4.828374000000000166e+01,1.000000000000000000e+01,3.290000000000000000e+02
1.502232199999999693e+02,5.512964000000000198e+01,4.668233999999999639e+01,5.700000000000000000e+01,1.165000000000000000e+03
2.378350999999999829e+02,6.855487999999999715e+01,4.804982000000000397e+01,1.020000000000000000e+02,1.057000000000000000e+03
2.266446799999999939e+02,8.368113999999999919e+01,4.832624000000000564e+01,8.100000000000000000e+01,1.213000000000000000e+03
1.731572400000000016e+02,4.833779999999999433e+01,5.792579999999999529e+01,5.100000000000000000e+01,1.590000000000000000e+02
1.288967200000000162e+02,4.090097999999999701e+01,4.716819999999999879e+01,5.200000000000000000e+01,1.169000000000000000e+03
2.083207199999999943e+02,2.184364000000000061e+01,5.551315999999999917e+01,8.600000000000000000e+01,7.920000000000000000e+02
9.294783999999999935e+01,2.219859999999999900e+01,4.888792000000000115e+01,1.300000000000000000e+01,6.980000000000000000e+02
1.712481400000000065e+02,9.406269999999999243e+01,4.780671999999999855e+01,9.000000000000000000e+01,4.450000000000000000e+02
1.291972800000000063e+02,8.437473999999998853e+01,4.697711999999999932e+01,3.500000000000000000e+01,3.630000000000000000e+02
9.788770000000000948e+01,3.646772000000000702e+01,4.748133999999999588e+01,1.500000000000000000e+01,1.293000000000000000e+03
3.020933999999999742e+01,4.216543999999999670e+01,5.489130000000000109e+01,2.100000000000000000e+01,6.800000000000000000e+01
5.483247999999998967e+01,3.798071999999999804e+01,5.605104000000000042e+01,1.400000000000000000e+01,1.124000000000000000e+03
2.494699000000000240e+02,9.969615999999999190e+01,5.530542000000000513e+01,9.400000000000000000e+01,7.940000000000000000e+02
2.157745399999999734e+02,6.492640000000000100e+01,5.727333999999999037e+01,1.030000000000000000e+02,9.810000000000000000e+02
6.078996000000000066e+01,6.937904000000000337e+01,4.815488000000000568e+01,2.200000000000000000e+01,1.262000000000000000e+03
1.557883400000000051e+02,7.754652000000000100e+01,5.781971999999998957e+01,7.000000000000000000e+01,2.380000000000000000e+02
9.315285999999998978e+01,1.036272400000000005e+02,2.589338000000000051e+01,5.400000000000000000e+01,1.019000000000000000e+03
1.021431399999999883e+02,3.778929999999999723e+01,5.746203999999998757e+01,1.500000000000000000e+01,7.660000000000000000e+02
1.945836999999999648e+02,1.082342399999999998e+02,4.949584000000000117e+01,7.800000000000000000e+01,5.000000000000000000e+01
1.499739999999999895e+02,1.006036200000000065e+02,4.793455999999999761e+01,9.600000000000000000e+01,1.184000000000000000e+03
1.818241799999999557e+02,6.481521999999999650e+01,5.789689999999998804e+01,5.600000000000000000e+01,1.075000000000000000e+03
1.181377600000000001e+02,6.470029999999999859e+01,4.667112000000000194e+01,3.600000000000000000e+01,1.121000000000000000e+03
1.523760999999999797e+02,6.117654000000000281e+01,5.839703999999999695e+01,7.000000000000000000e+01,1.314000000000000000e+03
1.687430200000000013e+02,6.997404000000000224e+01,5.807947999999999666e+01,5.600000000000000000e+01,1.257000000000000000e+03
7.938898000000000366e+01,4.624373999999999540e+01,5.729475999999998947e+01,1.200000000000000000e+01,1.353000000000000000e+03
1.574992200000000082e+02,1.038910800000000023e+02,4.834528000000000247e+01,9.600000000000000000e+01,1.331000000000000000e+03
1.632513399999999706e+02,2.280448000000000164e+01,4.848501999999999867e+01,9.100000000000000000e+01,2.610000000000000000e+02
1.683958799999999769e+02,1.118742800000000130e+02,5.502492000000000161e+01,8.300000000000000000e+01,1.107000000000000000e+03
1.620351600000000190e+02,1.034993999999999836e+01,5.186291999999999547e+01,9.100000000000000000e+01,2.790000000000000000e+02
2.081456199999999797e+02,1.048359399999999937e+02,4.919969999999999999e+01,8.200000000000000000e+01,8.990000000000000000e+02
3.177983399999999961e+02,7.981907999999999959e+01,6.627483999999999753e+01,1.250000000000000000e+02,5.220000000000000000e+02
3.190260800000000359e+02,5.446902000000000754e+01,6.241481999999999175e+01,1.300000000000000000e+02,2.980000000000000000e+02
2.339257799999999747e+02,4.771729999999999450e+01,5.645393999999999579e+01,9.200000000000000000e+01,1.197000000000000000e+03
1.645793800000000147e+02,3.154621999999999815e+01,5.699725999999999715e+01,4.800000000000000000e+01,1.160000000000000000e+02
1.495983000000000231e+02,3.556638000000000233e+01,4.753675999999999391e+01,1.010000000000000000e+02,1.269000000000000000e+03
2.641099600000000009e+02,3.706985999999999848e+01,2.063357999999999848e+01,1.320000000000000000e+02,1.158000000000000000e+03
2.375426999999999964e+02,3.732247999999999877e+01,4.872030000000000172e+01,1.330000000000000000e+02,3.700000000000000000e+02
2.715178799999999910e+02,1.062289200000000022e+02,2.049587999999999965e+01,1.090000000000000000e+02,2.900000000000000000e+02
2.607364800000000287e+02,1.002136400000000123e+02,4.251394000000000517e+01,9.900000000000000000e+01,7.550000000000000000e+02
2.419382199999999727e+02,3.255669999999999931e+01,4.897155999999999665e+01,1.330000000000000000e+02,1.030000000000000000e+02
1.891651199999999733e+02,7.206741999999999848e+01,5.770683999999999969e+01,6.800000000000000000e+01,1.205000000000000000e+03
1.482587000000000046e+02,4.874512000000000000e+01,5.789418000000000575e+01,4.500000000000000000e+01,2.090000000000000000e+02
1.690004000000000133e+02,7.423967999999999279e+01,4.676870000000000260e+01,9.500000000000000000e+01,1.006000000000000000e+03
7.326727999999999952e+01,7.751864000000000487e+01,4.771865999999999985e+01,2.500000000000000000e+01,2.150000000000000000e+02
2.504705199999999934e+02,1.025086399999999998e+02,4.208927999999999514e+01,9.900000000000000000e+01,8.200000000000000000e+02
2.712305800000000318e+02,4.675135999999999825e+01,5.574028000000000560e+01,1.150000000000000000e+02,7.160000000000000000e+02
1.350714600000000019e+02,5.788159999999999883e+01,5.833210000000000406e+01,3.800000000000000000e+01,8.730000000000000000e+02
1.325081999999999880e+02,1.122312799999999982e+02,5.518879999999999342e+01,4.100000000000000000e+01,1.050000000000000000e+03
2.287190200000000004e+02,8.593975999999999260e+01,5.637200000000000699e+01,8.100000000000000000e+01,1.336000000000000000e+03
8.292090000000000316e+01,1.002697399999999988e+02,5.636316000000000059e+01,5.300000000000000000e+01,1.284000000000000000e+03
4.319529999999999603e+01,9.230660000000000309e+01,4.955465999999999838e+01,2.600000000000000000e+01,4.290000000000000000e+02
8.772509999999999764e+01,3.396600000000000108e+01,5.695033999999999708e+01,1.000000000000000000e+01,9.430000000000000000e+02
2.004163999999999746e+01,8.258463999999999317e+01,5.365947999999999496e+01,3.200000000000000000e+01,1.820000000000000000e+02
5.252490000000000236e+01,9.138961999999999364e+01,5.586607999999999663e+01,6.100000000000000000e+01,1.253000000000000000e+03
1.138710999999999984e+02,7.875419999999999732e+01,4.677720000000000056e+01,3.400000000000000000e+01,2.300000000000000000e+01
2.827365200000000414e+02,5.364520000000000266e+01,4.901167999999999836e+01,1.150000000000000000e+02,1.228000000000000000e+03
2.898676800000000071e+02,5.876798000000000144e+01,5.584193999999999392e+01,1.200000000000000000e+02,4.240000000000000000e+02
9.595887999999999352e+01,1.010588799999999878e+02,5.661373999999999995e+01,4.700000000000000000e+01,3.110000000000000000e+02
2.490401400000000081e+02,1.020360399999999856e+02,1.043629999999999924e+01,1.140000000000000000e+02,1.162000000000000000e+03
9.985663999999999874e+01,7.522024000000000399e+01,5.777653999999999002e+01,3.900000000000000000e+01,8.080000000000000000e+02
3.133861599999999612e+02,4.801003999999999650e+01,6.396487999999999374e+01,1.310000000000000000e+02,6.650000000000000000e+02
1.310309000000000026e+02,1.053262199999999922e+02,4.847278000000000020e+01,3.700000000000000000e+01,6.780000000000000000e+02
1.836013600000000281e+02,8.824869999999998527e+01,5.737703999999999382e+01,6.800000000000000000e+01,5.240000000000000000e+02
2.693058399999999892e+02,4.098461999999999961e+01,5.556348000000000553e+01,1.150000000000000000e+02,1.210000000000000000e+03
2.085287999999999897e+01,6.029865999999999815e+01,4.956349999999999767e+01,3.000000000000000000e+01,5.470000000000000000e+02
1.271086600000000004e+02,7.598557999999999879e+01,4.664426000000000272e+01,3.600000000000000000e+01,6.400000000000000000e+02
1.419248400000000174e+02,5.761742000000000274e+01,5.835963999999999885e+01,3.800000000000000000e+01,1.018000000000000000e+03
8.022163999999999362e+01,6.416038000000000352e+01,2.884967999999999577e+01,6.700000000000000000e+01,1.120000000000000000e+03
8.690909999999999513e+01,1.052680799999999977e+02,1.319744000000000028e+01,6.500000000000000000e+01,1.220000000000000000e+02
2.391651800000000208e+02,9.422250000000001080e+01,4.890968000000000160e+01,8.800000000000000000e+01,8.920000000000000000e+02
7.520528000000000191e+01,6.534629999999999939e+01,4.139296000000000220e+01,2.400000000000000000e+01,7.960000000000000000e+02
1.514298799999999972e+02,6.692185999999999524e+01,4.640217999999999421e+01,6.300000000000000000e+01,1.790000000000000000e+02
1.586171400000000062e+02,6.543707999999999458e+01,4.651370000000000005e+01,6.300000000000000000e+01,1.237000000000000000e+03
2.222841800000000205e+02,1.077973400000000055e+02,5.484676000000001039e+01,8.700000000000000000e+01,8.040000000000000000e+02
1.281840799999999945e+02,5.277275999999999812e+01,5.820051999999999737e+01,3.800000000000000000e+01,1.281000000000000000e+03
7.818810000000000571e+01,2.125951999999999842e+01,3.442805999999999500e+01,8.000000000000000000e+00,8.020000000000000000e+02
1.103915399999999920e+02,1.124216799999999807e+02,5.504939999999999145e+01,4.400000000000000000e+01,7.640000000000000000e+02
9.354997999999999081e+01,1.034058999999999884e+02,4.862951999999999941e+01,4.700000000000000000e+01,1.242000000000000000e+03
2.722992000000000345e+01,8.200222000000000833e+01,5.502016000000000417e+01,3.200000000000000000e+01,1.141000000000000000e+03
1.259727200000000096e+02,8.789883999999999276e+01,5.756404000000000565e+01,3.500000000000000000e+01,9.340000000000000000e+02
2.524670000000000130e+02,4.568851999999999691e+01,4.875498000000000332e+01,1.160000000000000000e+02,8.510000000000000000e+02
2.229393599999999651e+02,5.823723999999999279e+01,4.778665999999999769e+01,9.200000000000000000e+01,6.670000000000000000e+02
2.506704399999999566e+02,2.171613999999999578e+01,2.058971999999999980e+01,1.350000000000000000e+02,3.330000000000000000e+02
1.182468999999999966e+02,1.013254400000000004e+02,4.796753999999999962e+01,4.000000000000000000e+01,1.015000000000000000e+03
4.135215999999999781e+01,6.442591999999999075e+01,5.604831999999999681e+01,2.700000000000000000e+01,6.500000000000000000e+01
2.751235800000000040e+02,6.997063999999998885e+01,4.874750000000000227e+01,1.170000000000000000e+02,5.500000000000000000e+01
1.967216200000000015e+02,2.125544000000000011e+01,5.562230000000000274e+01,8.600000000000000000e+01,3.890000000000000000e+02
3.131791000000000054e+02,7.680872000000000810e+01,5.905290000000000106e+01,1.220000000000000000e+02,1.013000000000000000e+03
6.015314000000000050e+01,1.027466400000000135e+02,5.494569999999999510e+01,6.100000000000000000e+01,3.960000000000000000e+02
2.538055800000000204e+02,4.595338000000000278e+01,2.752299999999999613e+01,1.340000000000000000e+02,1.101000000000000000e+03
2.549734799999999950e+02,3.917785999999999547e+01,5.575387999999999522e+01,1.190000000000000000e+02,5.860000000000000000e+02
1.896125599999999736e+02,9.160280000000000200e+01,5.695748000000000388e+01,7.400000000000000000e+01,1.256000000000000000e+03
1.703876000000000204e+02,6.740703999999999496e+01,4.673436000000000234e+01,5.600000000000000000e+01,6.720000000000000000e+02
1.626410400000000038e+02,9.201895999999999276e+01,5.725429999999998643e+01,9.000000000000000000e+01,1.258000000000000000e+03
9.472603999999999758e+01,1.886558000000000135e+01,5.543665999999999627e+01,1.300000000000000000e+01,8.000000000000000000e+02
2.489275999999999840e+02,8.840476000000001022e+01,1.330760000000000076e+01,1.180000000000000000e+02,4.780000000000000000e+02
4.330852000000000146e+01,5.587084000000000117e+01,5.620471999999999468e+01,2.700000000000000000e+01,4.080000000000000000e+02
5.378323999999999927e+01,7.838190000000000168e+01,4.827761999999999887e+01,2.200000000000000000e+01,1.153000000000000000e+03
3.003988400000000070e+02,2.928692000000000206e+01,5.469647999999999399e+01,1.270000000000000000e+02,1.263000000000000000e+03
5.815802000000000049e+01,3.155437999999999832e+01,5.566955999999999705e+01,1.100000000000000000e+01,1.104000000000000000e+03
6.030954000000000548e+01,4.513737999999999317e+01,4.823104000000000013e+01,1.400000000000000000e+01,1.277000000000000000e+03
4.019241999999999848e+01,4.456277999999998940e+01,4.905724000000000018e+01,1.700000000000000000e+01,2.590000000000000000e+02
7.387247999999999593e+01,7.375245999999999924e+01,5.707069999999999510e+01,2.500000000000000000e+01,1.362000000000000000e+03
1.758167200000000037e+02,4.281143999999999750e+01,5.774287999999999954e+01,5.100000000000000000e+01,3.080000000000000000e+02
1.478054799999999886e+02,2.315060000000000073e+01,4.830686000000000035e+01,1.010000000000000000e+02,6.490000000000000000e+02
7.698517999999998551e+01,3.899799999999999756e+01,4.792946000000000595e+01,1.000000000000000000e+01,5.490000000000000000e+02
1.745927199999999857e+02,8.891611999999999227e+01,4.743204000000000065e+01,9.500000000000000000e+01,1.207000000000000000e+03
2.325055999999999869e+02,6.630646000000000129e+01,5.694013999999999953e+01,9.800000000000000000e+01,3.880000000000000000e+02
6.014940000000000708e+01,9.618124000000000251e+01,5.575319999999999965e+01,6.100000000000000000e+01,5.460000000000000000e+02
2.616609400000000392e+02,1.060895200000000074e+02,3.324078000000000088e+01,1.050000000000000000e+02,6.910000000000000000e+02
2.537991199999999878e+02,9.729473999999999023e+01,2.654345999999999961e+01,1.180000000000000000e+02,1.260000000000000000e+03
5.793055999999999273e+01,3.422474000000000416e+01,4.882400000000000517e+01,1.400000000000000000e+01,7.530000000000000000e+02
6.464862000000000819e+01,3.281136000000000053e+01,5.615915999999999286e+01,1.400000000000000000e+01,1.800000000000000000e+02
9.447002000000000521e+01,2.886226000000000269e+01,4.803961999999999932e+01,1.500000000000000000e+01,1.086000000000000000e+03
2.694391199999999458e+02,5.422523999999999234e+01,5.604355999999999938e+01,1.150000000000000000e+02,4.440000000000000000e+02
1.997156599999999855e+02,8.149119999999999209e+01,4.752689999999999060e+01,7.300000000000000000e+01,8.240000000000000000e+02
1.373885599999999840e+02,6.195649999999999835e+01,4.621178000000000452e+01,3.800000000000000000e+01,7.870000000000000000e+02
1.995555200000000013e+02,1.886082000000000036e+01,4.964204000000000150e+01,8.600000000000000000e+01,5.770000000000000000e+02
2.680876200000000154e+02,6.930083999999999378e+01,4.860129999999999484e+01,1.110000000000000000e+02,1.295000000000000000e+03
7.169512000000000285e+01,9.666234000000001458e+01,5.630705999999999989e+01,5.300000000000000000e+01,1.002000000000000000e+03
1.898060199999999895e+02,3.892421999999999827e+01,4.768669999999999476e+01,7.600000000000000000e+01,2.880000000000000000e+02
2.470426399999999774e+02,5.102753999999999479e+01,4.846291999999999689e+01,1.160000000000000000e+02,3.780000000000000000e+02
1.061867599999999925e+02,7.387214000000000169e+01,5.793158000000000385e+01,3.900000000000000000e+01,5.030000000000000000e+02
3.291169399999999996e+02,5.054643999999999693e+01,7.084511999999999432e+01,1.300000000000000000e+02,9.210000000000000000e+02
1.199125599999999991e+02,7.338866000000000156e+01,4.662794000000000239e+01,3.600000000000000000e+01,4.280000000000000000e+02
2.881690399999999954e+02,5.218999999999999773e+01,5.562467999999999790e+01,1.200000000000000000e+02,9.290000000000000000e+02
1.760893999999999835e+02,5.361970000000000880e+01,4.688633999999999702e+01,5.100000000000000000e+01,1.291000000000000000e+03
1.013247599999999977e+02,1.579504000000000019e+01,4.965835999999999473e+01,1.800000000000000000e+01,4.500000000000000000e+02
9.940648000000000195e+01,2.280617999999999768e+01,5.618500000000000227e+01,1.500000000000000000e+01,1.070000000000000000e+02
1.821709799999999859e+02,1.106706800000000044e+02,5.507625999999999067e+01,7.800000000000000000e+01,1.183000000000000000e+03
2.582201400000000149e+02,6.705955999999999051e+01,4.834868000000000166e+01,1.110000000000000000e+02,3.670000000000000000e+02
7.917715999999998644e+01,9.309131999999999607e+01,2.525690000000000168e+01,6.000000000000000000e+01,1.327000000000000000e+03
1.638687799999999868e+02,1.097016799999999961e+02,4.936527999999999139e+01,9.600000000000000000e+01,3.730000000000000000e+02
1.252165600000000012e+02,9.590720000000001022e+00,5.192956000000000216e+01,6.400000000000000000e+01,4.750000000000000000e+02
2.015203799999999887e+02,1.039828799999999944e+02,4.895013999999999044e+01,8.200000000000000000e+01,4.160000000000000000e+02
7.131499999999999773e+01,9.519829999999998904e+01,9.631180000000000518e+00,6.600000000000000000e+01,7.410000000000000000e+02
9.245143999999999096e+01,9.677182000000000528e+01,4.798624000000000223e+01,3.100000000000000000e+01,9.360000000000000000e+02
2.955752599999999575e+02,6.509503999999999735e+01,4.894877999999999929e+01,1.200000000000000000e+02,1.302000000000000000e+03
6.850897999999999399e+01,9.038661999999999352e+01,3.081147999999999598e+01,6.000000000000000000e+01,3.360000000000000000e+02
1.066512000000000029e+02,8.639467999999999392e+01,5.776769999999999783e+01,3.300000000000000000e+01,1.078000000000000000e+03
9.133386000000000138e+01,2.163317999999999941e+01,1.932118000000000180e+01,6.000000000000000000e+00,4.970000000000000000e+02
1.554558199999999886e+02,4.343500000000000227e+01,5.759056000000000353e+01,4.500000000000000000e+01,7.610000000000000000e+02
5.983626000000000289e+01,9.777379999999999427e+01,3.256213999999999942e+01,5.500000000000000000e+01,9.150000000000000000e+02
1.848464400000000012e+02,1.100284199999999970e+02,4.963524000000000314e+01,7.800000000000000000e+01,4.130000000000000000e+02
1.281262800000000084e+02,1.586133999999999844e+01,5.529862000000000677e+01,6.400000000000000000e+01,5.910000000000000000e+02
1.024698799999999892e+02,9.649744000000001165e+01,4.778734000000000037e+01,3.300000000000000000e+01,7.240000000000000000e+02
2.561563399999999433e+02,2.543098000000000170e+01,5.484641999999999484e+01,1.210000000000000000e+02,5.790000000000000000e+02
1.955747999999999820e+02,3.699539999999999651e+01,4.802194000000000074e+01,7.600000000000000000e+01,3.420000000000000000e+02
2.198984000000000094e+02,7.032491999999999166e+01,5.702921999999999514e+01,1.030000000000000000e+02,9.170000000000000000e+02
1.487751599999999996e+02,7.801198000000000832e+01,5.789655999999999381e+01,7.000000000000000000e+01,5.140000000000000000e+02
2.525632199999999727e+02,9.219916000000000622e+01,3.052519999999999811e+01,1.180000000000000000e+02,1.008000000000000000e+03
8.143407999999999447e+01,3.478063999999999822e+01,2.536739999999999640e+01,2.000000000000000000e+00,4.580000000000000000e+02
2.035695599999999956e+02,8.977190000000000225e+01,5.665386000000000166e+01,7.700000000000000000e+01,2.360000000000000000e+02
2.947541600000000130e+02,5.514493999999999829e+01,5.561549999999999017e+01,1.200000000000000000e+02,5.010000000000000000e+02
1.273079000000000036e+02,4.921431999999999363e+01,4.664902000000000015e+01,5.200000000000000000e+01,1.342000000000000000e+03
1.909514800000000037e+02,2.530382000000000176e+01,5.635602000000000800e+01,8.600000000000000000e+01,3.090000000000000000e+02
1.189228200000000015e+02,1.570289999999999964e+01,4.957166000000000849e+01,6.400000000000000000e+01,2.770000000000000000e+02
1.010289599999999979e+02,3.076728000000000307e+01,5.699215999999999838e+01,1.500000000000000000e+01,2.280000000000000000e+02
1.081937800000000038e+02,3.244144000000000005e+01,5.725123999999999569e+01,1.500000000000000000e+01,9.040000000000000000e+02
1.396876400000000160e+02,2.315195999999999898e+01,4.824124000000000478e+01,1.010000000000000000e+02,1.369000000000000000e+03
6.262119999999999465e+01,1.039359600000000086e+02,3.636163999999999419e+01,5.500000000000000000e+01,1.307000000000000000e+03
1.985392600000000130e+02,7.402513999999999328e+01,4.728923999999999239e+01,7.300000000000000000e+01,9.440000000000000000e+02
7.619637999999999067e+01,9.676977999999999724e+01,2.987341999999999587e+01,6.000000000000000000e+01,1.358000000000000000e+03
6.221897999999998774e+01,6.877111999999999625e+01,5.668412000000000006e+01,2.200000000000000000e+01,3.140000000000000000e+02
3.014681400000000053e+02,6.496312000000000353e+01,5.906071999999999633e+01,1.220000000000000000e+02,8.100000000000000000e+01
2.794596000000000231e+02,7.490846000000000515e+01,4.900249999999999773e+01,1.170000000000000000e+02,4.400000000000000000e+01
1.602712400000000059e+02,9.815221999999999980e+01,5.693265999999999138e+01,9.600000000000000000e+01,5.340000000000000000e+02
2.317140799999999956e+02,3.976266000000000389e+01,4.853432000000000102e+01,1.330000000000000000e+02,4.430000000000000000e+02
3.196020399999999881e+02,7.518555999999999528e+01,6.275073999999999330e+01,1.250000000000000000e+02,2.490000000000000000e+02
1.573043999999999869e+02,3.271106000000000336e+01,4.769927999999999457e+01,4.800000000000000000e+01,6.940000000000000000e+02
1.997465999999999724e+02,5.016767999999999716e+01,5.739845999999999293e+01,6.900000000000000000e+01,1.120000000000000000e+02
2.248219399999999837e+02,8.970729999999998938e+01,4.844660000000000366e+01,8.100000000000000000e+01,1.059000000000000000e+03
1.702379999999999995e+02,6.141352000000000544e+01,5.808899999999999864e+01,5.600000000000000000e+01,1.185000000000000000e+03
7.646429999999999438e+01,2.968132000000000303e+01,2.906014000000000053e+01,0.000000000000000000e+00,1.338000000000000000e+03
7.154653999999999314e+01,3.486121999999999588e+01,2.291668000000000305e+01,0.000000000000000000e+00,7.210000000000000000e+02
2.198025200000000154e+02,5.223250000000000171e+01,4.792844000000000193e+01,9.200000000000000000e+01,4.020000000000000000e+02
1.344883600000000001e+02,8.853395999999999333e+01,4.725830000000000553e+01,3.500000000000000000e+01,4.830000000000000000e+02
1.221195000000000164e+02,4.470761999999999858e+01,4.677754000000000190e+01,5.200000000000000000e+01,8.380000000000000000e+02
4.269856000000000051e+01,3.901874000000000109e+01,4.914700000000000557e+01,1.700000000000000000e+01,2.400000000000000000e+02
2.578186000000000035e+02,8.987662000000000262e+01,1.581000000000000050e+01,1.130000000000000000e+02,8.450000000000000000e+02
2.548500599999999849e+02,9.796862000000000137e+01,4.318238000000000198e+01,9.900000000000000000e+01,4.520000000000000000e+02
1.221178000000000026e+02,5.354659999999999798e+01,5.824029999999999774e+01,4.900000000000000000e+01,6.060000000000000000e+02
1.936044999999999732e+02,4.577249999999999375e+01,5.744742000000000104e+01,6.900000000000000000e+01,7.000000000000000000e+02
2.451658400000000029e+02,3.812827999999999662e+01,4.885358000000000089e+01,1.330000000000000000e+02,2.500000000000000000e+02
2.525071200000000147e+02,4.564159999999999684e+01,5.602452000000000254e+01,1.190000000000000000e+02,5.350000000000000000e+02
9.101119999999998811e+01,9.465702000000000282e+01,3.404827999999999832e+01,5.400000000000000000e+01,2.350000000000000000e+02
1.126511799999999965e+02,1.040151800000000009e+02,4.836465999999999354e+01,4.400000000000000000e+01,1.000000000000000000e+01
2.721183199999999829e+02,9.518435999999998387e+01,3.296300000000000097e+01,1.100000000000000000e+02,8.810000000000000000e+02
8.525057999999999936e+01,5.037575999999999965e+01,5.739505999999998664e+01,1.200000000000000000e+01,1.076000000000000000e+03
7.956748000000000332e+01,3.103962000000000288e+01,4.265129999999999910e+01,5.000000000000000000e+00,8.600000000000000000e+01
7.184846000000000288e+01,5.436021999999999821e+01,5.699215999999999838e+01,2.000000000000000000e+01,9.980000000000000000e+02
7.150914000000000215e+01,2.043332000000000193e+01,3.617498000000000502e+01,5.000000000000000000e+00,1.053000000000000000e+03
2.998235599999999863e+02,8.796989999999999554e+01,5.705335999999999785e+01,1.260000000000000000e+02,5.310000000000000000e+02
7.751999999999999602e+01,8.523425999999999192e+01,2.903565999999999647e+01,6.000000000000000000e+01,4.920000000000000000e+02
7.856550000000000011e+01,5.265001999999999782e+01,5.719037999999999045e+01,2.000000000000000000e+01,1.355000000000000000e+03
2.402742600000000266e+02,9.518334000000000117e+01,3.231530000000000058e+01,1.060000000000000000e+02,2.450000000000000000e+02
2.766376000000000204e+02,9.444791999999998211e+01,4.969304000000000343e+01,1.080000000000000000e+02,1.361000000000000000e+03
7.044697999999999638e+01,8.370528000000000191e+01,4.794101999999999464e+01,2.500000000000000000e+01,2.420000000000000000e+02
3.023259600000000091e+02,7.433623999999998944e+01,5.306108000000000402e+01,1.220000000000000000e+02,1.108000000000000000e+03
4.355229999999999535e+01,7.144657999999999731e+01,5.621254000000000417e+01,2.300000000000000000e+01,1.364000000000000000e+03
1.988643000000000143e+02,4.223887999999999465e+01,5.720500000000000540e+01,8.000000000000000000e+01,9.590000000000000000e+02
2.333243199999999717e+02,8.762139999999999418e+01,4.858599999999999852e+01,8.800000000000000000e+01,6.360000000000000000e+02
1.125080399999999798e+02,5.868366000000000327e+01,4.676563999999999766e+01,4.600000000000000000e+01,8.350000000000000000e+02
1.812706599999999924e+02,8.815384000000000242e+01,4.731678000000000139e+01,9.500000000000000000e+01,1.368000000000000000e+03
1.517079999999999984e+02,2.901219999999999644e+01,4.784038000000000324e+01,1.010000000000000000e+02,9.470000000000000000e+02
7.137008000000000152e+01,1.064560400000000016e+02,1.710131999999999763e+01,7.100000000000000000e+01,1.470000000000000000e+02
4.901201999999999970e+01,7.413223999999999592e+01,4.840681999999999618e+01,2.300000000000000000e+01,3.200000000000000000e+02
5.879925999999999675e+01,5.960718534347171982e+01,6.146608950566835006e+01,1.900000000000000000e+01,1.372000000000000000e+03
4.822746999999999673e+01,6.946316511644207026e+01,5.380641120901329089e+01,1.900000000000000000e+01,1.373000000000000000e+03
5.387385000000000446e+01,5.152877071509979601e+01,6.130073683509360194e+01,1.600000000000000000e+01,1.374000000000000000e+03
4.923913999999999902e+01,5.871344089430519375e+01,5.098629670742509745e+01,1.600000000000000000e+01,1.375000000000000000e+03
2.560512800000000198e+02,7.528119536866051931e+01,2.960541354058927155e+01,1.370000000000000000e+02,1.376000000000000000e+03
2.542282000000000153e+02,3.534472968332314480e+01,4.992017879947790959e+01,1.190000000000000000e+02,1.377000000000000000e+03
2.606417900000000145e+02,4.980818301402747039e+01,4.935286096832786029e+01,1.190000000000000000e+02,1.378000000000000000e+03
1.632686800000000176e+02,3.653911065929098356e+01,5.223979130600265108e+01,4.800000000000000000e+01,1.379000000000000000e+03
1.653217700000000150e+02,3.637302069348867661e+01,4.174415298832352050e+01,4.800000000000000000e+01,1.380000000000000000e+03
1.604786399999999844e+02,3.166529463354718743e+01,6.269376354902421156e+01,4.800000000000000000e+01,1.381000000000000000e+03
1.568411499999999705e+02,3.797786941094172164e+01,5.231734432028785875e+01,4.800000000000000000e+01,1.382000000000000000e+03
1.727713400000000092e+02,9.428831574098487067e+01,5.164591464857841174e+01,9.000000000000000000e+01,1.383000000000000000e+03
2.625770700000000488e+02,1.063125109072293100e+02,4.668821279324600937e+01,1.040000000000000000e+02,1.384000000000000000e+03
2.718673999999999751e+02,1.049635950957761565e+02,4.631102780736183888e+01,1.040000000000000000e+02,1.385000000000000000e+03
8.014921999999999969e+01,9.871217134830364159e+01,3.711822457031399836e+01,5.000000000000000000e+01,1.386000000000000000e+03
7.615914999999999679e+01,8.335439071333226480e+01,3.566095838894395342e+01,6.000000000000000000e+01,1.387000000000000000e+03
2.614695199999999886e+02,3.391964336401962754e+01,4.657465704775867010e+01,1.210000000000000000e+02,1.388000000000000000e+03
1.180804699999999912e+02,8.340551895215297407e+01,5.354382564028009739e+01,3.400000000000000000e+01,1.389000000000000000e+03
1.151357299999999952e+02,8.269708593824492482e+01,5.244595307639082904e+01,3.400000000000000000e+01,1.390000000000000000e+03
1.175964799999999855e+02,8.380676466324420915e+01,5.313509981367746349e+01,3.400000000000000000e+01,1.391000000000000000e+03
1.912360600000000090e+02,1.258314632503996933e+01,4.610352959268988116e+01,8.600000000000000000e+01,1.392000000000000000e+03
2.022399900000000059e+02,5.802400672696660600e+00,5.091422651153521173e+01,8.600000000000000000e+01,1.393000000000000000e+03
1.968956999999999766e+02,2.333325461963674030e+01,5.318400915530717299e+01,8.600000000000000000e+01,1.394000000000000000e+03
1.765024999999999977e+02,3.563377648171248779e+01,5.140874724704637799e+01,7.900000000000000000e+01,1.395000000000000000e+03
1.748177999999999770e+02,3.473413885687308067e+01,5.328858157345408841e+01,7.900000000000000000e+01,1.396000000000000000e+03
1.810671699999999760e+02,3.590343360003694073e+01,5.271582418393575153e+01,7.900000000000000000e+01,1.397000000000000000e+03
8.240120999999999185e+01,2.522629552813118536e+01,1.401580840973752728e+01,6.000000000000000000e+00,1.398000000000000000e+03
3.978220999999999208e+01,9.627944016004363448e+01,4.852741086195590725e+01,2.600000000000000000e+01,1.399000000000000000e+03
8.672804999999999609e+01,4.537062888320885179e+01,4.157110411132259742e+01,1.200000000000000000e+01,1.400000000000000000e+03
9.015388999999998987e+01,4.754604647376375226e+01,5.305105343883146674e+01,1.200000000000000000e+01,1.401000000000000000e+03
3.223740599999999858e+02,6.232615292720141298e+01,6.564015636511400942e+01,1.250000000000000000e+02,1.402000000000000000e+03
3.174076800000000276e+02,8.253820105440826183e+01,5.981464143835549407e+01,1.250000000000000000e+02,1.403000000000000000e+03
5.984748000000000445e+01,7.692116596743309742e+01,5.244384881821029865e+01,2.500000000000000000e+01,1.404000000000000000e+03
1.750491700000000037e+02,3.994044472930788459e+01,5.138295443807999163e+01,5.100000000000000000e+01,1.405000000000000000e+03
1.847950999999999908e+02,3.889247731823867582e+01,6.303347580741078815e+01,7.600000000000000000e+01,1.406000000000000000e+03
1.908115699999999890e+02,3.350178740882426354e+01,5.203025775737530267e+01,7.600000000000000000e+01,1.407000000000000000e+03
1.932653500000000122e+02,5.375718198585878582e+01,4.139553106910115332e+01,6.900000000000000000e+01,1.408000000000000000e+03
1.982905499999999961e+02,4.685829981841312986e+01,5.138112494108727191e+01,6.900000000000000000e+01,1.409000000000000000e+03
5.367086999999999364e+01,7.290619351062412079e+01,5.266902198858027617e+01,2.200000000000000000e+01,1.410000000000000000e+03
1.958269099999999980e+02,1.057665238589221843e+02,5.408054877255560910e+01,7.400000000000000000e+01,1.411000000000000000e+03
1.982082699999999988e+02,9.399020720003105112e+01,5.363574371400539320e+01,7.400000000000000000e+01,1.412000000000000000e+03
6.715102000000000260e+01,4.807886101814015944e+01,5.377938748002457459e+01,2.000000000000000000e+01,1.413000000000000000e+03
1.661644599999999912e+02,1.891550408231734437e+01,6.137062871447238876e+01,9.100000000000000000e+01,1.414000000000000000e+03
1.932704499999999825e+02,1.145304648785241568e+02,4.668277641796822763e+01,7.800000000000000000e+01,1.415000000000000000e+03
2.688791400000000067e+02,2.084341447830941974e+01,2.797192607160717515e+01,1.280000000000000000e+02,1.416000000000000000e+03
1.483115699999999890e+02,1.841190484169590391e+01,5.346137657370167773e+01,1.010000000000000000e+02,1.417000000000000000e+03
2.184877399999999739e+02,3.677459729997933380e+01,5.423740340858577014e+01,8.500000000000000000e+01,1.418000000000000000e+03
2.160868299999999920e+02,3.864660545821867998e+01,5.289147098828193094e+01,8.500000000000000000e+01,1.419000000000000000e+03
1.774065599999999847e+02,5.849374892415327309e+01,5.264518380717137092e+01,5.600000000000000000e+01,1.420000000000000000e+03
1.819085000000000036e+02,5.268199122250583599e+01,5.249534703463226037e+01,5.600000000000000000e+01,1.421000000000000000e+03
1.694905100000000004e+02,6.569991169497366457e+01,6.359794771595817764e+01,5.600000000000000000e+01,1.422000000000000000e+03
7.675227999999998474e+01,5.649051661055773366e+01,5.344533251067920787e+01,2.400000000000000000e+01,1.423000000000000000e+03
7.521972999999999843e+01,5.833333429034485107e+01,4.107910788084024745e+01,2.400000000000000000e+01,1.424000000000000000e+03
7.275745000000000573e+01,6.351155769283755603e+01,5.356626989943092099e+01,2.400000000000000000e+01,1.425000000000000000e+03
4.161140999999999934e+01,5.128858619840554667e+01,5.116456447207497149e+01,2.700000000000000000e+01,1.426000000000000000e+03
6.915786999999998841e+01,2.915283523423815382e+01,5.461702407471684495e+01,5.000000000000000000e+00,1.427000000000000000e+03
2.589892200000000457e+02,7.261899059329428496e+01,5.256550907312394827e+01,1.110000000000000000e+02,1.428000000000000000e+03
2.685355700000000070e+02,5.492098375264764343e+01,5.278294834623682164e+01,1.110000000000000000e+02,1.429000000000000000e+03
2.244253299999999740e+02,9.517482268055186978e+01,5.040569763525299152e+01,8.700000000000000000e+01,1.430000000000000000e+03
9.158715999999999724e+01,8.668739620415036029e+01,5.344983142317337155e+01,3.100000000000000000e+01,1.431000000000000000e+03
1.734477699999999913e+02,7.895394922249403180e+01,6.364692587402679180e+01,9.500000000000000000e+01,1.432000000000000000e+03
1.655393699999999910e+02,8.302198291823586374e+01,5.173894358523789094e+01,9.500000000000000000e+01,1.433000000000000000e+03
2.404206299999999601e+02,2.480932445126001085e+01,2.516868235553111788e+01,1.350000000000000000e+02,1.434000000000000000e+03
1.364625699999999995e+02,9.527397169547532485e+01,5.306077998347770830e+01,3.700000000000000000e+01,1.435000000000000000e+03
1.303541299999999978e+02,9.919869744836834968e+01,5.183073320788507488e+01,3.700000000000000000e+01,1.436000000000000000e+03
1.290762399999999843e+02,9.702043747853818445e+01,5.153677857287333097e+01,3.700000000000000000e+01,1.437000000000000000e+03
8.273797999999999320e+01,3.578207618761648945e+01,5.373121064444060835e+01,1.000000000000000000e+01,1.438000000000000000e+03
1.925251699999999744e+02,8.432370404805446640e+01,5.264586947916673410e+01,6.800000000000000000e+01,1.439000000000000000e+03
1.475690099999999916e+02,9.053226303007014053e+01,4.180374486106169485e+01,1.000000000000000000e+02,1.440000000000000000e+03
1.477196299999999951e+02,9.483656114172057983e+01,4.185711288250775652e+01,1.000000000000000000e+02,1.441000000000000000e+03
1.515517700000000048e+02,8.723995789277167034e+01,5.219179349415276903e+01,1.000000000000000000e+02,1.442000000000000000e+03
8.552699999999998681e+01,5.369799263970881498e+01,5.279728352192003626e+01,2.800000000000000000e+01,1.443000000000000000e+03
7.330315000000000225e+01,2.866727298923015255e+01,2.246482667142165468e+01,3.000000000000000000e+00,1.444000000000000000e+03
9.959194999999999709e+01,1.908678075010409358e+01,5.023419584434391538e+01,1.500000000000000000e+01,1.445000000000000000e+03
1.002177199999999999e+02,2.621066427685392597e+01,6.227037397955577092e+01,1.500000000000000000e+01,1.446000000000000000e+03
1.013975199999999859e+02,4.777032035218181960e+01,5.319435058368357261e+01,4.600000000000000000e+01,1.447000000000000000e+03
1.041280600000000049e+02,5.608133579839763172e+01,4.130057975309848928e+01,4.600000000000000000e+01,1.448000000000000000e+03
1.098254399999999862e+02,9.362950655561513713e+01,5.260929348356458490e+01,3.300000000000000000e+01,1.449000000000000000e+03
1.042361800000000045e+02,8.992167799954796692e+01,5.219918462238052115e+01,3.300000000000000000e+01,1.450000000000000000e+03
1.021455200000000048e+02,1.003164544886338234e+02,5.366869349439269143e+01,3.300000000000000000e+01,1.451000000000000000e+03
9.151304000000000372e+01,3.630379548047855565e+01,1.918518039264510477e+01,2.000000000000000000e+00,1.452000000000000000e+03
2.058045500000000061e+02,8.473690949870675126e+01,5.155335673350496251e+01,7.700000000000000000e+01,1.453000000000000000e+03
2.083467299999999796e+02,8.535176347225332449e+01,5.351043065085207928e+01,7.700000000000000000e+01,1.454000000000000000e+03
2.110908699999999953e+02,8.828001819806887340e+01,5.329184911950729031e+01,7.700000000000000000e+01,1.455000000000000000e+03
2.656071499999999901e+02,4.302188383937284044e+01,1.539464317184976139e+01,1.320000000000000000e+02,1.456000000000000000e+03
2.280745499999999879e+02,2.637154532176120370e+01,6.153692877896087765e+01,9.300000000000000000e+01,1.457000000000000000e+03
1.233771600000000035e+02,2.519224210657982965e+01,5.197617488529511576e+01,5.800000000000000000e+01,1.458000000000000000e+03
7.730937000000000126e+01,9.143606613282508988e+01,5.140619083303229075e+01,2.900000000000000000e+01,1.459000000000000000e+03
1.419693800000000010e+02,1.072285258126251222e+02,5.456333754112751677e+01,4.100000000000000000e+01,1.460000000000000000e+03
1.489455000000000098e+02,1.158021924598793362e+02,5.945271370147067103e+01,4.100000000000000000e+01,1.461000000000000000e+03
2.046745599999999854e+02,3.077439418861809628e+01,6.236099162376675054e+01,8.000000000000000000e+01,1.462000000000000000e+03
2.060806299999999851e+02,2.376337791903767638e+01,5.249616259511852689e+01,8.000000000000000000e+01,1.463000000000000000e+03
2.044688600000000065e+02,3.304484039737583601e+01,4.260797511668285154e+01,8.000000000000000000e+01,1.464000000000000000e+03
1.195156099999999952e+02,7.674267004018193461e+01,5.278208066688915068e+01,3.600000000000000000e+01,1.465000000000000000e+03
2.657502900000000068e+02,1.115328614328506660e+02,1.601323134024121231e+01,1.090000000000000000e+02,1.466000000000000000e+03
2.455412000000000035e+02,4.921889987401760891e+01,5.045378510457020127e+01,1.160000000000000000e+02,1.467000000000000000e+03
2.476066999999999894e+02,4.580037155328098919e+01,5.311468808816015752e+01,1.160000000000000000e+02,1.468000000000000000e+03
2.398672799999999938e+02,5.844531603482418092e+01,5.065369883318227551e+01,1.160000000000000000e+02,1.469000000000000000e+03
6.413148000000001048e+01,3.039658843541625188e+01,4.958787058990110808e+01,1.400000000000000000e+01,1.470000000000000000e+03
2.330664300000000253e+02,6.939087550324863685e+01,5.065903733291840894e+01,9.800000000000000000e+01,1.471000000000000000e+03
2.501373199999999883e+02,2.581534451988606804e+01,4.551255483941214663e+01,1.240000000000000000e+02,1.472000000000000000e+03
2.530249399999999866e+02,1.607779673860861891e+01,3.357824079600705147e+01,1.240000000000000000e+02,1.473000000000000000e+03
1.184434200000000033e+02,1.046012529129612574e+02,5.417324943961094164e+01,4.000000000000000000e+01,1.474000000000000000e+03
1.496771800000000212e+02,1.118696395241400694e+02,5.504079858731927288e+01,9.600000000000000000e+01,1.475000000000000000e+03
1.639843799999999874e+02,1.026862307974102606e+02,4.959002235444867068e+01,9.600000000000000000e+01,1.476000000000000000e+03
1.535436599999999885e+02,9.898021203497010845e+01,4.211197689080546525e+01,9.600000000000000000e+01,1.477000000000000000e+03
2.560992200000000025e+02,3.736646189334912549e+01,2.401479030761637290e+01,1.340000000000000000e+02,1.478000000000000000e+03
2.461613600000000019e+02,6.980905882650530714e+01,5.390240748054314679e+01,1.020000000000000000e+02,1.479000000000000000e+03
2.068451200000000085e+02,6.505461727397694460e+01,5.287054047579943727e+01,7.500000000000000000e+01,1.480000000000000000e+03
2.144670699999999783e+02,4.770511193741285183e+01,5.083261909056681560e+01,7.500000000000000000e+01,1.481000000000000000e+03
8.774005999999999972e+01,2.657837350823937683e+01,2.900728156604521502e+01,8.000000000000000000e+00,1.482000000000000000e+03
8.505779999999998608e+01,1.560163717794646843e+01,3.518831171464412222e+01,8.000000000000000000e+00,1.483000000000000000e+03
1.339807400000000257e+02,5.374623752354212058e+01,5.276527800986019656e+01,3.800000000000000000e+01,1.484000000000000000e+03
1.362466699999999946e+02,3.777526599563152132e+01,5.382298028654870592e+01,4.200000000000000000e+01,1.485000000000000000e+03
2.346373999999999569e+02,5.163314545992520976e+01,5.067119399921602252e+01,9.200000000000000000e+01,1.486000000000000000e+03
2.311015699999999811e+02,4.388570613022243805e+01,5.390095277766704385e+01,9.200000000000000000e+01,1.487000000000000000e+03
2.186086099999999988e+02,9.174314181076476871e+01,6.200763450719413328e+01,8.100000000000000000e+01,1.488000000000000000e+03
2.188772100000000194e+02,1.015096934704851321e+02,5.307492767306972326e+01,8.100000000000000000e+01,1.489000000000000000e+03
2.276818499999999972e+02,9.014897519193894482e+01,5.085047975109660001e+01,8.100000000000000000e+01,1.490000000000000000e+03
2.249244500000000073e+02,6.900090694337185937e+01,5.214199717983942151e+01,1.030000000000000000e+02,1.491000000000000000e+03
2.209583500000000242e+02,7.223345018136221540e+01,5.357863160499012167e+01,1.030000000000000000e+02,1.492000000000000000e+03
2.050500900000000115e+02,8.285271811865307257e+01,5.227593278831383117e+01,7.300000000000000000e+01,1.493000000000000000e+03
1.384085599999999658e+02,7.964286533176066030e+01,6.356821429908848842e+01,3.500000000000000000e+01,1.494000000000000000e+03
1.343727599999999995e+02,9.395191325787151015e+01,5.172067819279355660e+01,3.500000000000000000e+01,1.495000000000000000e+03
2.478054300000000012e+02,8.525741299243182425e+01,5.334875983927774712e+01,8.800000000000000000e+01,1.496000000000000000e+03
8.219193999999998823e+01,5.570116491100553446e+01,5.271234373561197373e+01,2.400000000000000000e+01,1.497000000000000000e+03
7.517213000000000989e+01,3.498203364918571623e+01,2.210379195463294977e+01,0.000000000000000000e+00,1.498000000000000000e+03
9.461723999999999535e+01,6.477779285520375652e+01,5.221185236244933492e+01,3.900000000000000000e+01,1.499000000000000000e+03
1.564839800000000025e+02,7.377604261582087020e+01,5.193924507991116002e+01,6.300000000000000000e+01,1.500000000000000000e+03
1.222517599999999902e+02,3.501569790510002633e+01,5.329794736774326935e+01,5.200000000000000000e+01,1.501000000000000000e+03
1.149551899999999875e+02,4.085848803101386295e+01,5.202944581199610496e+01,4.900000000000000000e+01,1.502000000000000000e+03
1.484851400000000012e+02,5.924738934190394701e+01,5.209562165449108306e+01,5.700000000000000000e+01,1.503000000000000000e+03
